,Issuing Agent,Policy No,POLICY ACKNOWLED,CC_Month
120618,60074051,80127819,2022-12-26,3
121127,60009490,80128167,2022-12-23,3
121129,60050224,80128169,2022-12-23,3
121152,60074510,80128189,2022-12-19,3
121154,60043846,80128191,2022-12-23,3
121156,60073788,80128193,2022-12-27,3
121158,60050221,80128195,2022-12-23,3
121178,60074474,80128210,2022-12-21,3
121189,60073788,80128218,2022-12-27,3
121251,60073255,80128823,2022-12-27,3
121286,60055151,80128836,2022-12-22,3
121288,60074462,80128838,2022-12-29,3
121294,60073255,80128845,2022-12-23,3
121300,60055151,80128851,2022-12-25,3
121301,60055151,80128852,2022-12-27,3
121305,60055151,80128857,2022-12-27,3
121315,60074125,80128492,2022-12-23,3
121333,60074111,80128510,2022-12-23,3
121335,60074648,80128512,2022-12-22,3
121474,60029166,80128270,2022-12-23,3
121485,60073827,80128534,2023-01-02,3
121604,60074035,80128875,2022-12-24,3
121713,60055151,80128902,2022-12-27,3
121735,60074472,80128116,2022-12-22,3
121742,60055151,80128903,2022-12-27,3
121744,60055151,80128905,2022-12-27,3
121759,60055151,80128594,2022-12-21,3
121765,60055151,80128908,2022-12-27,3
121770,60055151,80128597,2022-12-22,3
121798,60055151,80128616,2022-12-21,3
121799,60074515,80128617,2022-12-30,3
121808,60074599,80128626,2022-12-23,3
121815,60074208,80128315,2022-12-19,3
121831,60074208,80128318,2022-12-19,3
121846,60055151,80128915,2022-12-27,3
121899,60074470,80128653,2022-12-23,3
121907,60074412,80128927,2022-12-22,3
121909,60074808,80128929,2022-12-23,3
121921,60055151,80128657,2022-12-21,3
121951,60074762,80128940,2023-01-09,3
121954,60009490,80128943,2022-12-30,3
121960,60074214,80128945,2022-12-23,3
121962,60074808,80128947,2022-12-22,3
121978,60074991,80128951,2022-12-27,3
121979,60074762,80128952,2023-01-09,3
121982,60074214,80128955,2022-12-23,3
122007,60074807,80128960,2022-12-30,3
122010,60073255,80128673,2022-12-21,3
122038,60074807,80128963,2022-12-30,3
122043,60073306,80128968,2022-12-22,3
122051,60074266,80128677,2023-01-03,3
122052,60073255,80128678,2022-12-21,3
122053,60074602,80128679,2022-12-23,3
122063,60074510,80128381,2022-12-19,3
122071,60074602,80128683,2022-12-23,3
122072,60074448,80128684,2022-12-26,3
122074,60074479,80128973,2022-12-25,3
122079,60074125,80129612,2023-01-03,3
122095,60074754,80129617,2023-01-08,3
122099,60070720,80129619,2022-12-29,3
122103,60074598,80129214,2022-12-30,3
122106,60074686,80129624,2022-12-30,3
122111,60074550,80128690,2022-12-23,3
122112,60074596,80128691,2022-12-23,3
122114,60074550,80128693,2023-01-09,3
122135,60074455,80129217,2022-12-30,3
122139,60075200,80129632,2022-12-30,3
122143,60073255,80128701,2022-12-21,3
122194,60074600,80128714,2022-12-23,3
122196,60074596,80128716,2022-12-23,3
122199,60074118,80128395,2022-12-26,3
122202,60074798,80129644,2023-01-10,3
122204,60074800,80129646,2023-01-10,3
122209,60055151,80129237,2023-01-04,3
122220,60074686,80129014,2022-12-26,3
122221,60074799,80129647,2023-01-10,3
122241,60074148,80128400,2022-12-27,3
122256,60074796,80129260,2023-01-09,3
122259,60074720,80129659,2022-12-30,3
122268,60074689,80128406,2022-12-21,3
122272,60073294,80128725,2022-12-23,3
122275,60074533,80128728,2022-12-22,3
122281,60074686,80129019,2022-12-26,3
122282,60074106,80128407,2022-12-27,3
122283,60074079,80128408,2022-12-21,3
122290,60073026,80128414,2022-12-22,3
122296,60074643,80128420,2022-12-26,3
122301,60074075,80128425,2023-01-16,3
122303,60072767,80128427,2022-12-23,3
122311,60074147,80128435,2022-12-26,3
122330,60073026,80128454,2022-12-22,3
122334,60074148,80128458,2022-12-27,3
122342,60074118,80128466,2022-12-26,3
122353,60074079,80128477,2022-12-21,3
122357,60074648,80128481,2022-12-22,3
122364,60074686,80129024,2022-12-26,3
122395,60074498,80129936,2022-12-31,3
122429,60074945,80129068,2023-01-03,3
122430,60055151,80129271,2023-01-04,3
122466,60074117,80129948,2023-01-04,3
122480,60074117,80129949,2023-01-04,3
122499,60055151,80129094,2022-12-27,3
122521,60074742,80129957,2022-12-31,3
122523,60070731,80129959,2023-01-07,3
122525,60075099,80129961,2023-01-04,3
122531,60074742,80129967,2022-12-31,3
122533,60074944,80129969,2023-01-10,3
122534,60074950,80129970,2023-01-04,3
122536,60075095,80129972,2023-01-03,3
122537,60075122,80129973,2023-01-11,3
122540,60074743,80129976,2022-12-31,3
122543,60075502,80129979,2023-01-06,3
122544,60075193,80129980,2023-01-03,3
122545,60074919,80129981,2023-01-06,3
122548,60074117,80129984,2023-01-04,3
122549,60075320,80129985,2023-01-09,3
122550,60075193,80129986,2023-01-03,3
122552,60075320,80129989,2023-01-09,3
122559,60075320,80129996,2023-01-09,3
122560,60074512,80129669,2022-12-30,3
122561,60074686,80129670,2022-12-30,3
122562,60074658,80129671,2022-12-30,3
122565,60074686,80129318,2022-12-30,3
122574,60075197,80129998,2023-01-09,3
122579,60074686,80129673,2022-12-30,3
122582,60074686,80129676,2022-12-30,3
122583,60074636,80129677,2023-01-05,3
122592,60075390,80130011,2023-01-04,3
122594,60075192,80130014,2023-01-04,3
122600,60075095,80130021,2023-01-03,3
122618,60074686,80129679,2022-12-30,3
122621,60074802,80129332,2023-01-10,3
122628,60074686,80129683,2022-12-30,3
122629,60074686,80129684,2022-12-30,3
122639,60074686,80129689,2022-12-30,3
122648,60074450,80130025,2023-01-09,3
122649,60072687,80130026,2022-12-31,3
122650,60075199,80130027,2022-12-31,3
122656,60074686,80129693,2022-12-30,3
122658,60074686,80129695,2022-12-30,3
122664,60074678,80129699,2023-01-04,3
122668,60075351,80129703,2023-01-15,3
122670,60074686,80129705,2022-12-30,3
122673,60074686,80129708,2022-12-30,3
122676,60074463,80129711,2023-01-03,3
122678,60075092,80129713,2023-01-10,3
122681,60075197,80129717,2022-12-30,3
122697,60055151,80129106,2022-12-27,3
122699,60075539,80130043,2023-01-03,3
122700,60074761,80130045,2022-12-31,3
122703,60075181,80130050,2022-12-31,3
122704,60075498,80130051,2023-01-07,3
122707,60075494,80130054,2022-12-30,3
122711,60075283,80130058,2023-01-04,3
122720,60075509,80130061,2023-01-03,3
122722,60075143,80130064,2022-12-31,3
122724,60075508,80130067,2023-01-04,3
122726,60026306,80130069,2023-01-04,3
122733,60074676,80129360,2023-01-03,3
122737,60075234,80129720,2023-01-04,3
122738,60074141,80129721,2023-01-09,3
122739,60074154,80129722,2023-01-04,3
122740,60074154,80129723,2023-01-04,3
122745,60074794,80130071,2023-01-03,3
122746,60075143,80130072,2022-12-31,3
122747,60074237,80130073,2023-01-03,3
122748,60074210,80130074,2023-01-04,3
122751,60074265,80130078,2023-01-04,3
122755,60055151,80130081,2023-01-04,3
122757,60075132,80130083,2023-01-07,3
122758,60075062,80130084,2023-01-04,3
122759,60074623,80130085,2023-01-09,3
122760,60073837,80130086,2023-01-04,3
122761,60075143,80130087,2023-01-12,3
122762,60072687,80130088,2022-12-31,3
122763,60075232,80130089,2023-01-04,3
122765,60075143,80130091,2023-01-03,3
122767,60075292,80130093,2022-12-30,3
122768,60074794,80130094,2023-01-03,3
122788,60074134,80129372,2023-01-09,3
122793,60071860,80129377,2022-12-30,3
122798,60074837,80129382,2022-12-28,3
122799,60075064,80129383,2022-12-29,3
122803,60075067,80129387,2022-12-29,3
122807,60075131,80129391,2023-01-07,3
122812,60075149,80129396,2022-12-31,3
122825,60069360,80129407,2022-12-30,3
122826,60075002,80129408,2022-12-30,3
122829,60069360,80129411,2022-12-30,3
122835,60074803,80129412,2023-01-10,3
122836,60074676,80129413,2022-12-28,3
122837,60074804,80129414,2023-01-10,3
122838,60074117,80129415,2023-01-04,3
122849,60075143,80130097,2023-01-03,3
122861,60075143,80130099,2023-01-03,3
122862,60075545,80130100,2023-01-09,3
122877,60074731,80130108,2023-01-04,3
122882,60074676,80129423,2022-12-28,3
122891,60075216,80129728,2023-01-04,3
122899,60074757,80129732,2023-01-04,3
122904,60075094,80130122,2023-02-08,2
122905,60074805,80129428,2023-01-10,3
122907,60073308,80128741,2022-12-23,3
122913,60075006,80130124,2023-01-05,3
122915,60075195,80130126,2022-12-31,3
122916,60026306,80130127,2023-01-10,3
122917,60075199,80130128,2022-12-31,3
122925,60074686,80129133,2022-12-26,3
122928,60074686,80129136,2022-12-26,3
122930,60074802,80129433,2023-01-10,3
122931,60074805,80129434,2023-01-10,3
122937,60075078,80130134,2023-01-10,3
122939,60073308,80128747,2022-12-23,3
122946,60074834,80129435,2023-01-08,3
122955,60075194,80130136,2022-12-31,3
122961,60074743,80129443,2022-12-29,3
122964,60074686,80129143,2022-12-26,3
122965,60074686,80129144,2022-12-26,3
122967,60074686,80129146,2022-12-26,3
122969,60075092,80129148,2023-01-10,3
122976,60074462,80128758,2023-01-04,3
122978,60074595,80128760,2022-12-23,3
122980,60075204,80129734,2022-12-30,3
122989,60075257,80129445,2022-12-31,3
122990,60075163,80129446,2022-12-29,3
122991,60074743,80129447,2023-01-10,3
122992,60074686,80129149,2022-12-26,3
123003,60074683,80129451,2022-12-29,3
123006,60074713,80129742,2023-01-03,3
123007,60074713,80129743,2023-01-08,3
123008,60074758,80129744,2023-01-10,3
123017,60075110,80129751,2022-12-31,3
123023,60075221,80130145,2023-01-04,3
123041,60075163,80129456,2023-02-13,2
123043,60074743,80129458,2022-12-31,3
123055,60075336,80130154,2023-01-05,3
123060,60074684,80129459,2022-12-29,3
123063,60074679,80129763,2023-01-04,3
123066,60074597,80129765,2023-01-09,3
123067,60074144,80129766,2023-01-04,3
123068,60074142,80129767,2023-01-03,3
123069,60075163,80129768,2023-01-03,3
123070,60074583,80129769,2023-01-08,3
123077,60074720,80129771,2022-12-30,3
123081,60074686,80129775,2022-12-30,3
123084,60074743,80129778,2022-12-31,3
123088,60074666,80129464,2022-12-28,3
123089,60074142,80129780,2023-01-03,3
123090,60074142,80129781,2023-01-03,3
123092,60055151,80129783,2023-01-01,3
123093,60075181,80129784,2022-12-29,3
123098,60074934,80129786,2022-12-29,3
123100,60075197,80129788,2022-12-30,3
123102,60075237,80129790,2023-01-04,3
123104,60074551,80129793,2023-01-09,3
123105,60075149,80129794,2022-12-31,3
123106,60074597,80129795,2023-01-09,3
123107,60074141,80129796,2023-01-09,3
123108,60074686,80129797,2022-12-30,3
123113,60055151,80129471,2022-12-28,3
123117,60074212,80129800,2023-01-03,3
123121,60074155,80129804,2023-01-03,3
123129,60074461,80130155,2023-01-14,3
123130,60074841,80130156,2023-01-14,3
123131,60074831,80129809,2022-12-29,3
123133,60074087,80129811,2023-01-02,3
123134,60075344,80129812,2023-01-04,3
123135,60074765,80129813,2023-01-04,3
123141,60074142,80129814,2023-01-03,3
123142,60074146,80129815,2023-01-04,3
123149,60055151,80129817,2023-01-01,3
123151,60074154,80129819,2023-01-04,3
123157,60075236,80129492,2022-12-27,3
123160,60074551,80129824,2023-01-09,3
123167,60074765,80129827,2023-01-03,3
123168,60075308,80129828,2023-01-05,3
123169,60074035,80128776,2022-12-24,3
123171,60055151,80129830,2023-01-03,3
123172,60074839,80129831,2022-12-30,3
123174,60074748,80129833,2022-12-30,3
123178,60074839,80129838,2022-12-30,3
123179,60074838,80129839,2022-12-30,3
123181,60074980,80129493,2022-12-29,3
123182,60075163,80129494,2023-01-03,3
123183,60075163,80129495,2022-12-29,3
123185,60074676,80129498,2022-12-28,3
123186,60075163,80129499,2022-12-29,3
123191,60074983,80129842,2023-01-18,3
123197,60074806,80130159,2023-01-10,3
123199,60075163,80130161,2023-01-18,3
123200,60075163,80129500,2022-12-29,3
123204,60074142,80129846,2023-01-03,3
123208,60074757,80130163,2023-01-04,3
123211,60074838,80129849,2022-12-30,3
123233,60074945,80129862,2023-01-03,3
123246,60074801,80130166,2023-01-10,3
123249,60074250,80130169,2023-01-07,3
123259,60074837,80129510,2022-12-28,3
123265,60075070,80129185,2022-12-26,3
123268,60075070,80129188,2023-01-08,3
123269,60074563,80129511,2022-12-28,3
123273,60075252,80130173,2023-01-03,3
123274,60074918,80130177,2022-12-31,3
123277,60074960,80130181,2023-01-14,3
123282,60069836,80130186,2022-12-31,3
123289,60074743,80129518,2022-12-31,3
123297,60075000,80130198,2023-01-10,3
123298,60043211,80130199,2023-01-13,3
123300,60074621,80129519,2022-12-27,3
123306,60075461,80130203,2023-01-03,3
123310,60075080,80130207,2023-01-08,3
123314,60043211,80130211,2023-01-13,3
123315,60075231,80130212,2023-01-04,3
123316,60075080,80130213,2023-01-08,3
123325,60043211,80130218,2023-01-13,3
123334,60075083,80129876,2023-01-04,3
123336,60075083,80129878,2023-01-04,3
123337,60074474,80129879,2023-01-03,3
123342,60074679,80129535,2022-12-31,3
123343,60074454,80129536,2022-12-27,3
123345,60074454,80129539,2022-12-27,3
123346,60074819,80129540,2022-12-31,3
123348,60075197,80129542,2022-12-30,3
123349,60075197,80129543,2022-12-30,3
123350,60075197,80129544,2022-12-30,3
123353,60074778,80129547,2022-12-30,3
123354,60070852,80129548,2022-12-29,3
123359,60074678,80129553,2022-12-31,3
123361,60074542,80129555,2022-12-30,3
123363,60074778,80129558,2022-12-30,3
123367,60074722,80129562,2022-12-30,3
123368,60074154,80129563,2023-01-03,3
123376,60074755,80129571,2023-01-08,3
123378,60074049,80129573,2023-01-04,3
123388,60074659,80129583,2022-12-30,3
123391,60075207,80129586,2023-01-04,3
123393,60075208,80129588,2023-01-04,3
123395,60074986,80129590,2022-12-30,3
123397,60075197,80129592,2022-12-30,3
123404,60074568,80129599,2022-12-30,3
123406,60074049,80129601,2023-01-04,3
123419,60074667,80129192,2022-12-28,3
123421,60074762,80129194,2023-01-09,3
123446,60033352,80130290,2023-01-10,3
123448,60060590,80130292,2023-01-09,3
123453,60075341,80130297,2023-01-15,3
123458,60074967,80130301,2023-01-10,3
123459,60074680,80130620,2023-01-10,3
123464,60075383,80130625,2023-01-10,3
123467,60074796,80130628,2023-01-09,3
123468,60075023,80130629,2023-01-14,3
123470,60074800,80130631,2023-01-10,3
123471,60073433,80130632,2023-01-16,3
123473,60074646,80130634,2023-01-10,3
123474,60074716,80130636,2023-01-12,3
123475,60072972,80130637,2023-01-09,3
123478,60074646,80130640,2023-01-08,3
123482,60075519,80130644,2023-01-12,3
123483,60069884,80130646,2023-01-10,3
123502,60072049,80130302,2023-01-13,3
123513,60074970,80130312,2023-01-09,3
123531,60074955,80129898,2023-01-04,3
123533,60020975,80129900,2023-01-12,3
123537,60075498,80130221,2023-01-12,3
123539,60074677,80130223,2023-01-09,3
123543,60074677,80130227,2023-01-09,3
123546,60074556,80130230,2023-01-10,3
123547,60075425,80130231,2023-01-16,3
123552,60074968,80130316,2023-01-15,3
123554,60043211,80130235,2023-01-13,3
123555,60043211,80130236,2023-01-13,3
123556,60029058,80130317,2023-01-11,3
123563,60075425,80130321,2023-02-04,2
123564,60075336,80130322,2023-01-09,3
123567,60072782,80129906,2023-01-09,3
123570,60075286,80129910,2023-01-03,3
123585,60074813,80129920,2022-12-31,3
123587,60074120,80129922,2023-01-06,3
123588,60075085,80129923,2023-01-09,3
123592,60074719,80129927,2023-01-03,3
123593,60074833,80129928,2023-01-16,3
123597,60075342,80130326,2023-01-09,3
123613,60074969,80130342,2023-01-14,3
123615,60074734,80130344,2023-01-11,3
123620,60074731,80130349,2023-01-05,3
123634,60075013,80130360,2023-01-09,3
123645,60043211,80130249,2023-01-13,3
123649,60075105,80129930,2023-01-05,3
123656,60075163,80130364,2023-01-18,3
123657,60075435,80130666,2023-01-10,3
123658,60074710,80130667,2023-01-09,3
123659,60075527,80130668,2023-01-09,3
123663,60075521,80130672,2023-01-09,3
123679,60043211,80130263,2023-01-13,3
123681,60074120,80128794,2022-12-21,3
123686,60071972,80130265,2023-01-05,3
123692,60074412,80128801,2022-12-21,3
123711,60075074,80130674,2023-01-10,3
123716,60074974,80130676,2023-01-13,3
123721,60055151,80130367,2023-01-04,3
123726,60055151,80130372,2023-01-04,3
123727,60055151,80130373,2023-01-04,3
123728,60074948,80130374,2023-01-10,3
123732,60074669,80130944,2023-01-10,3
123743,60075351,80130375,2023-01-09,3
123749,60075097,80130948,2023-01-10,3
123752,60074976,80130680,2023-01-13,3
123759,60075541,80130282,2023-01-10,3
123760,60075311,80130283,2023-01-10,3
123764,60075187,80130383,2023-01-09,3
123765,60075179,80130384,2023-01-09,3
123766,60074510,80131248,2023-01-09,3
123767,60075725,80131249,2023-01-10,3
123775,60060590,80130387,2023-01-10,3
123776,60071425,80130388,2023-01-10,3
123777,60075425,80130284,2023-01-16,3
123787,60074510,80131250,2023-01-09,3
123788,60075723,80131251,2023-01-09,3
123790,60075710,80131253,2023-01-09,3
123793,60075750,80131256,2023-01-09,3
123795,60075374,80131258,2023-01-09,3
123798,60074584,80131261,2023-01-10,3
123799,60075720,80131262,2023-01-11,3
123802,60074603,80131266,2023-01-09,3
123803,60070720,80130389,2023-01-09,3
123804,60075545,80130390,2023-01-08,3
123806,60074119,80130692,2023-01-05,3
123810,60075351,80130392,2023-01-09,3
123811,60034573,80130393,2023-01-10,3
123816,60073069,80130699,2023-01-10,3
123821,60075617,80130957,2023-02-01,2
123823,60074606,80130397,2023-01-09,3
123830,60026306,80131604,2023-01-16,3
123838,60075357,80131608,2023-01-13,3
123839,60075632,80131609,2023-01-13,3
123843,60075230,80130400,2023-01-08,3
123844,60075100,80130401,2023-01-06,3
123845,60074795,80130402,2023-01-06,3
123847,60074795,80130404,2023-01-06,3
123854,60075721,80130969,2023-01-16,3
123858,60075444,80131272,2023-01-09,3
123865,60075293,80130973,2023-01-06,3
123878,60073433,80130979,2023-01-10,3
123886,60075296,80130406,2023-01-06,3
123887,60074924,80130407,2023-01-05,3
123889,60075549,80131614,2023-02-02,2
123890,60075549,80131615,2023-02-02,2
123891,60075636,80131616,2023-01-13,3
123903,60075277,80130988,2023-01-08,3
123913,60074924,80130409,2023-01-05,3
123914,60075613,80131282,2023-01-11,3
123924,60073433,80130997,2023-01-11,3
123938,60075293,80131001,2023-01-08,3
123940,60075046,80131286,2023-01-11,3
123943,60075549,80131627,2023-02-06,2
123944,60075549,80131628,2023-02-06,2
123946,60074923,80130415,2023-01-05,3
123948,60074923,80130417,2023-01-05,3
123954,60075444,80131290,2023-01-09,3
123955,60075578,80131291,2023-01-11,3
123965,60075578,80131292,2023-01-11,3
123968,60075444,80131295,2023-01-09,3
123970,60075179,80131629,2023-01-16,3
123974,60075353,80131633,2023-01-13,3
123975,60074679,80131634,2023-01-17,3
123978,60072972,80130421,2023-01-09,3
123988,60075003,80131011,2023-01-10,3
123990,60075281,80131013,2023-01-09,3
123991,60075311,80131014,2023-01-11,3
123994,60074806,80130731,2023-01-10,3
123997,60075506,80130735,2023-01-09,3
124004,60075864,80131644,2023-01-18,3
124011,60075123,80130429,2023-01-10,3
124015,60075444,80131306,2023-01-09,3
124018,60075444,80131310,2023-01-09,3
124019,60075579,80131311,2023-01-09,3
124021,60075262,80130736,2023-01-09,3
124025,60074681,80130740,2023-01-06,3
124029,60075864,80131649,2023-01-18,3
124030,60075410,80131650,2023-02-06,2
124033,60074672,80131019,2023-01-11,3
124035,60075273,80130430,2023-01-10,3
124036,60075183,80130431,2023-01-09,3
124042,60075444,80131318,2023-01-09,3
124045,60075359,80130434,2023-01-09,3
124047,60074679,80131652,2023-01-17,3
124048,60075545,80131653,2023-02-08,2
124059,60075447,80131323,2023-01-09,3
124060,60075864,80131654,2023-01-19,3
124064,60074575,80130436,2023-01-09,3
124065,60074741,80130437,2023-01-09,3
124066,60075183,80130438,2023-01-09,3
124077,60075549,80131662,2023-02-03,2
124081,60075444,80131329,2023-01-09,3
124083,60075422,80131331,2023-02-01,2
124085,60074646,80130441,2023-01-08,3
124086,60075183,80130442,2023-01-09,3
124087,60075503,80130443,2023-01-09,3
124089,60075183,80130445,2023-01-09,3
124091,60075024,80130745,2023-01-16,3
124092,60074590,80130746,2023-01-08,3
124097,60075520,80130450,2023-01-05,3
124099,60069186,80131031,2023-01-16,3
124103,60074674,80131332,2023-01-18,3
124104,60075444,80131333,2023-01-09,3
124106,60073788,80131335,2023-01-10,3
124108,60075864,80131663,2023-01-19,3
124109,60074208,80131664,2023-01-15,3
124110,60075183,80131665,2023-01-14,3
124111,60074208,80131666,2023-01-15,3
124112,60075279,80131667,2023-01-16,3
124113,60075183,80131668,2023-01-14,3
124115,60075419,80130453,2023-01-09,3
124116,60075154,80130454,2023-01-10,3
124118,60074138,80130456,2023-01-10,3
124119,60075545,80130457,2023-01-09,3
124121,60073831,80131036,2023-03-06,1
124122,60074672,80131037,2023-01-11,3
124123,60075364,80131038,2023-03-03,1
124125,60075444,80131338,2023-01-09,3
124127,60075447,80131340,2023-01-09,3
124128,60073788,80131341,2023-01-11,3
124129,60075437,80131342,2023-01-10,3
124130,60075444,80131343,2023-01-09,3
124135,60075573,80130460,2023-01-13,3
124136,60075279,80131669,2023-01-16,3
124139,60074116,80131672,2023-01-16,3
124149,60074806,80131040,2023-01-10,3
124151,60075447,80131346,2023-01-09,3
124152,60075447,80131347,2023-01-09,3
124153,60075447,80131348,2023-01-09,3
124154,60075444,80131349,2023-01-09,3
124158,60074569,80131353,2023-01-10,3
124162,60075277,80131677,2023-01-14,3
124163,60075295,80131678,2023-01-14,3
124164,60075520,80130461,2023-01-05,3
124166,60075583,80130463,2023-01-09,3
124170,60075603,80131047,2023-01-09,3
124171,60074670,80131048,2023-01-11,3
124174,60075578,80131356,2023-01-11,3
124178,60075513,80130761,2023-01-05,3
124179,60075293,80131679,2023-01-14,3
124180,60075294,80131680,2023-01-14,3
124181,60075810,80131681,2023-01-16,3
124182,60075688,80131682,2023-01-27,3
124186,60075876,80131683,2023-01-27,3
124187,60075810,80131684,2023-01-16,3
124188,60074147,80131685,2023-01-27,3
124189,60075876,80131686,2023-01-27,3
124190,60075807,80131687,2023-01-18,3
124191,60075807,80131688,2023-01-18,3
124201,60075513,80130764,2023-01-05,3
124203,60075654,80131357,2023-01-11,3
124204,60075581,80131358,2023-01-11,3
124205,60075444,80131359,2023-01-09,3
124206,60075447,80131360,2023-01-09,3
124210,60073864,80131365,2023-01-18,3
124211,60075447,80131366,2023-01-09,3
124212,60073788,80131367,2023-01-10,3
124214,60075092,80131050,2023-01-10,3
124216,60074140,80131052,2023-01-12,3
124218,60074118,80131690,2023-01-18,3
124219,60075688,80131691,2023-01-17,3
124220,60074118,80131692,2023-01-18,3
124221,60075549,80131693,2023-02-03,2
124230,60075585,80130478,2023-01-10,3
124233,60074932,80131054,2023-01-31,3
124235,60075463,80131056,2023-02-01,2
124236,60075447,80131368,2023-01-09,3
124237,60073788,80131369,2023-01-10,3
124239,60075818,80131696,2023-01-18,3
124249,60075615,80131371,2023-01-11,3
124250,60075436,80131372,2023-01-10,3
124251,60075444,80131373,2023-01-09,3
124259,60073788,80131375,2023-01-11,3
124260,60075447,80131376,2023-01-09,3
124261,60075447,80131379,2023-01-09,3
124262,60075447,80131380,2023-01-09,3
124263,60075447,80131381,2023-01-09,3
124265,60075447,80131385,2023-01-09,3
124269,60075444,80131389,2023-01-09,3
124270,60075054,80131390,2023-01-18,3
124271,60075305,80131391,2023-01-11,3
124272,60075447,80131392,2023-01-09,3
124273,60075447,80131393,2023-01-09,3
124274,60075447,80131394,2023-01-09,3
124275,60072438,80131395,2023-01-11,3
124276,60075659,80131396,2023-01-09,3
124282,60075634,80130778,2023-01-07,3
124286,60075288,80130782,2023-01-09,3
124289,60075734,80131698,2023-01-17,3
124290,60075816,80131699,2023-01-18,3
124291,60074488,80131700,2023-01-17,3
124298,60074139,80131070,2023-01-10,3
124303,60075741,80131401,2023-01-09,3
124304,60075601,80131402,2023-01-11,3
124305,60075659,80131404,2023-01-09,3
124307,60075447,80131405,2023-01-09,3
124315,60075311,80131408,2023-01-10,3
124316,60075263,80130790,2023-01-09,3
124317,60075263,80130791,2023-01-09,3
124337,60075447,80131412,2023-01-09,3
124338,60075447,80131413,2023-01-09,3
124339,60075447,80131414,2023-01-09,3
124340,60075447,80131415,2023-01-09,3
124342,60075459,80131417,2023-01-31,3
124345,60072438,80131420,2023-01-11,3
124346,60075579,80131421,2023-01-09,3
124358,60075710,80131425,2023-01-10,3
124361,60075311,80131429,2023-01-11,3
124362,60075872,80131702,2023-03-09,1
124364,60074148,80131703,2023-01-27,3
124365,60074509,80131704,2023-01-17,3
124368,60074988,80130812,2023-01-10,3
124371,60074703,80130815,2023-01-13,3
124372,60074703,80130816,2023-03-06,1
124375,60074570,80131431,2023-01-10,3
124376,60075579,80131432,2023-01-09,3
124383,60075427,80131439,2023-02-04,2
124391,60075806,80131705,2023-01-17,3
124392,60075625,80131706,2023-01-16,3
124393,60075854,80131707,2023-01-18,3
124394,60075872,80131708,2023-01-16,3
124399,60075013,80130485,2023-01-09,3
124400,60074741,80130486,2023-01-09,3
124405,60074979,80131092,2023-01-18,3
124406,60075332,80131442,2023-01-09,3
124407,60075545,80131443,2023-01-10,3
124411,60075805,80131712,2023-01-27,3
124412,60075279,80131713,2023-01-16,3
124414,60075818,80131715,2023-01-27,3
124415,60074808,80131716,2023-01-15,3
124418,60075545,80130488,2023-01-09,3
124421,60075679,80131094,2023-01-10,3
124426,60075425,80131449,2023-02-04,2
124427,60075745,80131450,2023-01-09,3
124429,60075704,80131451,2023-01-13,3
124430,60059672,80131452,2023-01-09,3
124431,60070720,80131453,2023-01-09,3
124432,60075650,80130820,2023-01-09,3
124438,60074808,80131721,2023-01-15,3
124449,60074216,80130490,2023-01-10,3
124458,60074450,80131457,2023-01-10,3
124461,60075260,80130497,2023-01-06,3
124465,60034082,80131107,2023-01-30,3
124468,60075706,80131459,2023-01-11,3
124469,60075198,80131460,2023-01-09,3
124470,60073831,80131110,2023-03-06,1
124478,60073306,80130827,2023-01-09,3
124479,60075196,80131464,2023-01-19,3
124481,60075012,80131115,2023-01-09,3
124489,60075706,80131466,2023-01-11,3
124490,60075730,80131467,2023-01-19,3
124494,60073397,80130508,2023-01-09,3
124499,60074666,80130831,2023-01-09,3
124504,60074961,80130510,2023-01-13,3
124510,60074577,80131471,2023-01-09,3
124514,60075631,80130834,2023-01-10,3
124517,60074577,80131475,2023-01-09,3
124518,60075745,80131476,2023-01-09,3
124519,60075885,80131723,2023-01-16,3
124521,60075885,80131725,2023-01-16,3
124522,60075730,80131726,2023-01-19,3
124523,60075311,80131122,2023-01-10,3
124530,60075081,80130516,2023-01-10,3
124531,60073333,80130517,2023-01-10,3
124535,60075703,80130839,2023-01-11,3
124538,60075198,80131477,2023-01-09,3
124539,60059672,80131478,2023-01-09,3
124540,60059672,80131479,2023-01-09,3
124541,60075642,80131480,2023-01-18,3
124542,60057789,80131481,2023-02-08,2
124543,60075456,80131126,2023-01-12,3
124545,60075885,80131728,2023-01-30,3
124546,60074758,80131729,2023-01-27,3
124552,60075715,80130843,2023-01-10,3
124553,60075351,80130844,2023-01-09,3
124567,60075268,80131733,2023-01-16,3
124570,60075863,80131736,2023-01-19,3
124574,60074407,80131487,2023-01-09,3
124581,60070796,80130528,2023-01-10,3
124583,60075183,80130530,2023-01-09,3
124584,60075297,80130531,2023-01-08,3
124586,60074807,80130846,2023-01-13,3
124596,60075545,80130857,2023-01-10,3
124602,60074574,80130864,2023-01-09,3
124603,60075355,80130865,2023-01-09,3
124614,60075355,80130876,2023-01-09,3
124615,60075262,80130877,2023-01-09,3
124616,60074979,80130878,2023-01-18,3
124626,60075043,80130886,2023-01-10,3
124628,60074670,80131138,2023-01-11,3
124640,60067425,80131144,2023-02-21,2
124642,60074961,80130533,2023-01-13,3
124645,60075505,80130536,2023-01-09,3
124648,60075180,80131491,2023-01-09,3
124650,60074407,80131493,2023-01-09,3
124654,60075268,80131748,2023-01-16,3
124655,60075268,80131749,2023-01-16,3
124656,60075268,80131750,2023-01-16,3
124657,60075268,80131751,2023-01-16,3
124661,60075629,80131495,2023-01-09,3
124663,60075629,80131497,2023-01-09,3
124664,60075834,80131752,2023-01-27,3
124665,60075877,80131753,2023-01-17,3
124666,60075806,80131754,2023-01-21,3
124670,60075667,80131499,2023-01-11,3
124671,60075667,80131500,2023-01-11,3
124674,60075545,80131503,2023-01-10,3
124675,60075667,80131504,2023-01-11,3
124676,60074534,80131505,2023-01-11,3
124677,60075667,80131506,2023-01-13,3
124678,60075451,80131148,2023-01-31,3
124685,60075657,80130539,2023-01-05,3
124687,60075657,80130541,2023-01-05,3
124690,60074534,80131508,2023-01-11,3
124694,60075817,80131757,2023-01-27,3
124696,60074568,80131759,2023-01-19,3
124697,60074509,80131760,2023-01-17,3
124702,60074830,80130543,2023-01-16,3
124704,60075298,80130545,2023-01-06,3
124707,60075332,80131513,2023-01-11,3
124709,60075805,80131762,2023-01-17,3
124712,60075802,80131765,2023-01-27,3
124713,60074512,80131766,2023-01-19,3
124714,60075834,80131767,2023-01-17,3
124715,60075495,80131155,2023-01-09,3
124724,60075351,80130547,2023-01-10,3
124725,60075297,80130548,2023-01-05,3
124728,60075510,80131516,2023-01-11,3
124729,60074031,80131517,2023-01-16,3
124730,60075180,80131518,2023-01-15,3
124731,60073069,80131159,2023-01-31,3
124737,60075502,80131768,2023-01-19,3
124738,60074148,80131769,2023-01-18,3
124739,60074502,80131770,2023-01-17,3
124740,60075317,80131771,2023-01-16,3
124747,60074031,80131519,2023-01-15,3
124748,60069884,80131520,2023-01-16,3
124749,60075582,80131521,2023-01-17,3
124750,60075357,80131522,2023-01-11,3
124751,60075275,80131523,2023-01-13,3
124755,60074919,80131776,2023-01-19,3
124756,60075877,80131777,2023-01-27,3
124757,60075854,80131778,2023-01-18,3
124758,60074636,80131779,2023-01-19,3
124759,60074503,80131780,2023-01-17,3
124767,60074035,80131524,2023-01-18,3
124769,60075196,80131526,2023-01-19,3
124770,60075510,80131527,2023-01-11,3
124771,60050224,80131528,2023-01-16,3
124772,60074666,80131529,2023-01-12,3
124782,60075802,80131783,2023-01-27,3
124783,60074503,80131784,2023-01-17,3
124784,60075863,80131785,2023-01-19,3
124788,60075183,80130550,2023-01-09,3
124791,60075699,80130908,2023-01-09,3
124795,60075630,80131170,2023-01-09,3
124796,60075658,80131171,2023-01-09,3
124803,60075617,80131177,2023-02-02,2
124805,60075501,80131179,2023-01-09,3
124811,60075545,80130556,2023-01-09,3
124815,60075398,80130912,2023-01-05,3
124820,60075706,80131537,2023-01-11,3
124825,60075213,80130915,2023-01-30,3
124836,60074460,80130927,2023-01-09,3
124847,60074457,80130934,2023-01-09,3
124848,60075367,80130935,2023-01-07,3
124850,60075122,80132018,2023-02-06,2
124852,60075743,80132020,2023-02-08,2
124853,60075766,80132021,2023-01-31,3
124854,60075766,80132022,2023-01-31,3
124856,60075887,80132024,2023-01-30,3
124859,60074075,80131188,2023-01-16,3
124866,60074216,80130559,2023-01-16,3
124875,60075606,80131538,2023-02-20,2
124876,60075275,80131539,2023-01-13,3
124877,60074666,80131540,2023-01-12,3
124878,60075630,80131190,2023-01-09,3
124882,60075204,80131800,2023-01-19,3
124884,60075706,80131541,2023-01-11,3
124886,60075460,80131543,2023-02-03,2
124894,60074562,80130576,2023-01-09,3
124899,60075729,80131194,2023-01-12,3
124900,60075288,80131545,2023-01-12,3
124906,60075863,80131805,2023-01-19,3
124914,60075317,80131810,2023-01-16,3
124917,60074489,80131812,2023-01-16,3
124923,60075816,80131816,2023-01-17,3
124927,60075615,80131198,2023-01-11,3
124933,60075863,80131825,2023-01-19,3
124934,60075460,80131826,2023-01-20,3
124935,60075583,80131827,2023-01-17,3
124945,60069360,80131550,2023-01-16,3
124947,60075336,80131205,2023-01-09,3
124948,60075094,80131206,2023-02-05,2
124952,60075545,80131556,2023-01-16,3
124954,60075280,80131209,2023-01-10,3
124955,60075579,80131210,2023-01-09,3
124966,60075166,80131562,2023-01-12,3
124973,60075839,80132026,2023-01-30,3
124974,60074455,80132027,2023-01-30,3
124975,60075347,80132028,2023-01-30,3
124978,60075174,80132032,2023-01-31,3
124979,60074485,80132033,2023-01-30,3
124980,60074489,80132034,2023-01-31,3
124985,60075817,80131830,2023-01-18,3
124988,60074457,80130937,2023-01-09,3
124989,60074457,80130938,2023-01-09,3
124994,60075830,80131570,2023-01-12,3
124997,60075368,80131220,2023-01-11,3
125000,60075426,80131223,2023-01-11,3
125001,60073055,80131832,2023-01-31,3
125005,60075351,80130584,2023-01-09,3
125006,60075098,80130586,2023-01-04,3
125009,60075421,80132400,2023-02-01,2
125011,60075163,80131573,2023-02-13,2
125015,60074971,80131225,2023-01-15,3
125016,60074971,80131226,2023-01-15,3
125017,60075885,80131835,2023-01-16,3
125018,60074758,80131836,2023-01-27,3
125019,60075319,80131838,2023-01-18,3
125020,60075319,80131839,2023-01-18,3
125023,60075593,80132403,2023-02-02,2
125026,60075874,80132406,2023-02-06,2
125038,60075857,80132408,2023-01-31,3
125041,60074648,80130590,2023-01-10,3
125042,60075098,80130591,2023-01-04,3
125044,60075444,80131231,2023-01-09,3
125046,60074756,80131584,2023-01-13,3
125048,60075642,80131847,2023-01-30,3
125053,60075797,80132411,2023-02-06,2
125054,60074488,80132412,2023-01-31,3
125055,60075835,80132413,2023-02-06,2
125059,60075326,80130594,2023-01-09,3
125062,60074559,80130597,2023-02-19,2
125063,60075692,80130598,2023-01-16,3
125067,60074756,80131588,2023-01-13,3
125068,60069067,80131589,2023-01-19,3
125076,60075580,80131235,2023-01-11,3
125079,60075692,80130601,2023-01-16,3
125080,60075299,80130602,2023-01-05,3
125082,60075311,80130604,2023-01-09,3
125084,60074502,80132419,2023-01-31,3
125086,60073330,80131236,2023-01-09,3
125087,60074964,80131237,2023-01-10,3
125095,60075444,80131240,2023-01-09,3
125096,60075054,80131241,2023-01-18,3
125098,60075496,80130608,2023-01-07,3
125102,60074683,80132428,2023-01-31,3
125103,60075653,80132429,2023-02-06,2
125107,60075587,80131244,2023-01-10,3
125108,60075426,80131245,2023-01-11,3
125109,60074495,80131850,2023-01-17,3
125116,60075252,80131857,2023-01-20,3
125121,60074741,80131862,2023-01-15,3
125122,60075406,80131863,2023-01-16,3
125124,60039572,80131246,2023-01-18,3
125128,60075659,80132433,2023-01-31,3
125129,60075899,80132434,2023-02-14,2
125130,60075912,80132435,2023-02-15,2
125131,60067425,80132436,2023-02-23,2
125134,60075304,80130613,2023-02-23,2
125137,60074988,80131593,2023-01-30,3
125141,60075195,80132763,2023-02-06,2
125143,60074918,80132765,2023-02-06,2
125148,60067591,80131868,2023-01-28,3
125149,60074757,80131869,2023-01-27,3
125150,60075642,80131870,2023-01-30,3
125151,60074683,80132437,2023-01-31,3
125152,60075247,80132438,2023-02-03,2
125153,60074703,80132439,2023-02-23,2
125154,60069067,80131597,2023-01-19,3
125157,60075910,80132768,2023-02-06,2
125163,60076010,80132443,2023-02-06,2
125170,60075620,80131878,2023-01-30,3
125171,60074583,80131600,2023-01-30,3
125175,60076066,80132774,2023-02-06,2
125181,60075778,80131880,2023-01-18,3
125182,60075054,80131881,2023-01-18,3
125190,60074498,80131884,2023-01-19,3
125199,60075542,80130617,2023-01-10,3
125201,60071523,80130619,2023-01-08,3
125204,60075864,80133504,2023-02-27,2
125205,60075863,80133505,2023-02-27,2
125210,60076119,80132783,2023-02-06,2
125211,60075669,80132784,2023-02-06,2
125212,60076039,80132785,2023-02-13,2
125214,60075956,80132787,2023-03-03,1
125215,60076012,80132788,2023-02-10,2
125216,60075863,80133509,2023-02-27,2
125218,60074555,80133511,2023-02-20,2
125219,60074555,80133512,2023-02-16,2
125224,60071425,80133517,2023-02-23,2
125225,60070720,80133518,2023-02-23,2
125226,60074555,80133519,2023-02-16,2
125227,60075799,80132448,2023-02-02,2
125228,60075741,80132450,2023-02-02,2
125229,60074837,80132451,2023-02-05,2
125232,60075545,80132455,2023-02-07,2
125233,60075657,80132456,2023-02-06,2
125234,60075684,80132457,2023-02-06,2
125235,60074741,80132458,2023-02-02,2
125236,60074813,80132459,2023-02-04,2
125238,60075545,80132461,2023-02-07,2
125241,60075955,80132789,2023-02-06,2
125244,60075898,80131891,2023-02-07,2
125245,60074674,80131892,2023-01-18,3
125246,60075689,80131893,2023-01-17,3
125247,60074674,80131894,2023-01-18,3
125249,60073866,80133521,2023-02-15,2
125250,60076056,80133522,2023-02-15,2
125251,60076056,80133523,2023-02-15,2
125252,60073866,80133524,2023-02-15,2
125255,60074837,80132464,2023-02-05,2
125256,60075692,80132465,2023-02-08,2
125258,60074710,80131897,2023-02-05,2
125260,60074451,80133124,2023-02-15,2
125261,60076124,80133125,2023-02-07,2
125262,60075273,80133126,2023-02-20,2
125263,60075973,80133127,2023-02-12,2
125264,60076091,80133128,2023-02-09,2
125265,60076092,80133129,2023-02-09,2
125267,60076056,80133525,2023-02-15,2
125268,60076065,80133526,2023-02-23,2
125270,60076056,80133528,2023-02-15,2
125271,60075864,80133529,2023-02-27,2
125273,60075183,80132467,2023-02-01,2
125277,60075061,80132792,2023-02-07,2
125278,60075216,80132793,2023-02-07,2
125279,60075523,80132794,2023-02-07,2
125280,60075925,80132795,2023-02-07,2
125282,60075935,80132797,2023-02-10,2
125283,60075961,80132798,2023-02-08,2
125284,60075100,80132799,2023-02-07,2
125286,60075642,80132471,2023-02-02,2
125287,60075545,80132472,2023-02-07,2
125289,60076077,80133132,2023-02-07,2
125290,60023613,80133133,2023-02-07,2
125291,60060797,80132800,2023-02-07,2
125292,60075080,80132801,2023-02-06,2
125293,60075880,80132802,2023-02-07,2
125295,60075080,80132804,2023-02-06,2
125297,60075263,80132474,2023-02-01,2
125298,60075513,80132475,2023-02-06,2
125299,60075263,80132476,2023-02-02,2
125300,60076056,80133530,2023-02-15,2
125304,60076077,80133134,2023-02-07,2
125305,60023613,80133135,2023-02-07,2
125307,60075221,80132805,2023-02-07,2
125308,60075283,80132806,2023-02-07,2
125312,60076006,80132810,2023-02-08,2
125314,60075527,80131899,2023-02-05,2
125316,60075602,80131901,2023-01-28,3
125322,60074534,80133138,2023-02-07,2
125323,60071425,80133139,2023-02-10,2
125325,60075279,80132811,2023-02-06,2
125327,60075885,80132813,2023-02-07,2
125329,60074831,80132815,2023-02-06,2
125333,60076057,80132819,2023-02-16,2
125337,60076092,80132478,2023-02-02,2
125338,60075520,80132479,2023-02-06,2
125340,60073864,80132481,2023-02-09,2
125343,60075116,80131904,2023-01-18,3
125344,60075898,80133141,2023-02-21,2
125345,60075332,80133142,2023-02-07,2
125348,60074534,80133145,2023-02-07,2
125349,60076327,80133539,2023-02-20,2
125350,60076275,80133540,2023-02-20,2
125352,60074407,80133146,2023-02-07,2
125353,60075619,80133148,2023-02-10,2
125354,60075354,80133149,2023-02-10,2
125356,60075745,80133151,2023-02-07,2
125358,60075196,80133153,2023-02-09,2
125359,60075332,80133154,2023-02-08,2
125361,60074396,80132482,2023-02-02,2
125362,60075669,80132483,2023-02-06,2
125363,60075686,80132484,2023-02-06,2
125364,60075262,80132485,2023-02-01,2
125365,60075400,80132486,2023-02-02,2
125366,60076167,80133156,2023-02-09,2
125368,60075357,80133157,2023-02-07,2
125369,60074407,80133158,2023-02-07,2
125372,60076123,80132825,2023-02-07,2
125373,60076051,80132826,2023-02-07,2
125374,60075850,80133542,2023-02-15,2
125377,60075938,80133545,2023-02-15,2
125378,60076223,80133546,2023-02-20,2
125380,60075715,80133549,2023-02-27,2
125384,60075857,80133160,2023-02-14,2
125386,60075857,80133161,2023-02-14,2
125389,60076075,80133557,2023-02-18,2
125390,60044845,80133558,2023-02-14,2
125396,60076162,80133559,2023-02-18,2
125413,60076056,80133567,2023-02-15,2
125414,60076102,80133568,2023-02-15,2
125415,60074119,80133569,2023-02-17,2
125416,60075326,80131905,2023-02-13,2
125419,60075558,80131908,2023-02-10,2
125421,60075067,80131910,2023-01-27,3
125423,60075800,80132489,2023-02-02,2
125425,60074396,80132491,2023-02-02,2
125426,60075263,80132492,2023-02-01,2
125427,60075995,80132493,2023-02-06,2
125429,60074600,80132840,2023-02-09,2
125430,60076140,80132841,2023-02-06,2
125432,60075061,80132844,2023-02-07,2
125433,60076096,80133570,2023-02-18,2
125436,60075602,80131912,2023-01-28,3
125438,60075197,80131914,2023-02-02,2
125439,60059672,80131915,2023-01-17,3
125441,60059672,80131917,2023-01-17,3
125442,60059672,80131918,2023-01-17,3
125447,60075778,80131923,2023-01-18,3
125449,60074546,80131925,2023-02-04,2
125450,60075926,80131926,2023-01-19,3
125451,60075926,80131927,2023-01-19,3
125452,60075183,80132494,2023-02-01,2
125454,60074125,80132496,2023-02-06,2
125455,60075692,80132497,2023-02-08,2
125456,60074496,80132498,2023-02-02,2
125457,60075692,80132499,2023-02-08,2
125458,60073069,80132500,2023-02-02,2
125462,60076117,80132850,2023-02-06,2
125463,60076117,80132851,2023-02-06,2
125464,60073244,80132852,2023-02-10,2
125465,60074599,80132853,2023-02-09,2
125467,60075308,80132502,2023-02-07,2
125471,60075196,80133162,2023-02-09,2
125474,60076075,80133576,2023-02-19,2
125476,60075899,80133578,2023-02-21,2
125477,60075244,80132854,2023-02-10,2
125478,60075172,80132855,2023-02-08,2
125481,60075172,80132859,2023-02-08,2
125484,60012280,80132862,2023-02-10,2
125487,60074719,80131930,2023-01-29,3
125488,60074546,80131931,2023-02-04,2
125494,60074119,80133579,2023-02-17,2
125496,60075874,80133581,2023-02-21,2
125498,60075686,80133583,2023-02-21,2
125500,60074546,80131934,2023-02-06,2
125501,60074546,80131935,2023-02-04,2
125504,60075441,80132509,2023-02-06,2
125505,60075687,80132868,2023-02-06,2
125511,60076102,80133589,2023-02-15,2
125512,60074119,80133590,2023-02-27,2
125513,60076102,80133591,2023-02-15,2
125514,60075806,80133592,2023-02-20,2
125515,60076160,80133593,2023-02-21,2
125516,60075878,80133594,2023-02-21,2
125520,60075928,80133599,2023-02-15,2
125522,60075597,80131937,2023-02-02,2
125524,60059672,80131939,2023-01-30,3
125528,60074932,80132513,2023-02-05,2
125530,60069080,80133163,2023-02-13,2
125535,60075818,80133602,2023-02-15,2
125541,60075527,80131947,2023-02-27,2
125543,60075810,80133607,2023-02-16,2
125544,60074154,80131948,2023-01-30,3
125548,60076030,80133168,2023-02-25,2
125549,60075972,80133169,2023-02-10,2
125550,60076076,80133170,2023-02-08,2
125554,60074666,80132869,2023-02-08,2
125555,60075579,80132870,2023-02-07,2
125558,60075521,80131953,2023-02-05,2
125561,60076074,80133173,2023-02-08,2
125562,60075198,80133174,2023-02-08,2
125563,60075198,80133175,2023-02-08,2
125564,60075357,80133176,2023-02-08,2
125565,60075629,80133177,2023-02-09,2
125567,60075878,80132517,2023-02-06,2
125569,60074496,80132519,2023-02-02,2
125570,60075920,80132520,2023-02-21,2
125572,60076006,80132873,2023-02-08,2
125575,60075954,80132876,2023-02-06,2
125578,60075099,80131958,2023-01-28,3
125579,60074719,80131959,2023-01-29,3
125581,60076076,80133180,2023-02-08,2
125584,60075920,80132521,2023-02-08,2
125586,60076099,80132523,2023-02-09,2
125587,60075501,80132524,2023-02-06,2
125593,60075815,80131961,2023-01-18,3
125595,60075642,80131963,2023-01-30,3
125597,60075747,80132526,2023-02-02,2
125599,60074945,80132528,2023-02-02,2
125602,60075421,80132881,2023-02-08,2
125603,60075492,80131964,2023-01-31,3
125605,60070128,80131966,2023-01-31,3
125607,60075689,80131968,2023-01-31,3
125608,60076091,80132529,2023-02-03,2
125611,60076102,80132882,2023-02-07,2
125612,60069836,80132883,2023-02-06,2
125613,60073026,80132884,2023-02-06,2
125614,60076124,80132885,2023-02-06,2
125615,60076136,80132886,2023-02-10,2
125617,60076102,80132888,2023-02-14,2
125619,60075747,80132530,2023-02-02,2
125620,60076059,80132531,2023-02-09,2
125621,60075400,80132532,2023-02-02,2
125622,60074142,80132533,2023-02-03,2
125623,60075517,80132534,2023-02-06,2
125626,60073866,80131971,2023-01-19,3
125627,60075407,80131972,2023-01-30,3
125630,60075492,80133188,2023-02-09,2
125631,60076074,80133189,2023-02-08,2
125636,60074125,80132535,2023-02-06,2
125637,60074688,80131973,2023-01-19,3
125638,60074116,80131974,2023-01-19,3
125641,60075844,80131978,2023-01-31,3
125643,60075510,80133192,2023-02-08,2
125644,60075629,80133193,2023-02-09,2
125646,60075806,80133610,2023-02-19,2
125649,60076117,80133613,2023-02-17,2
125651,60075621,80132893,2023-02-07,2
125652,60076102,80132894,2023-02-07,2
125653,60038082,80132895,2023-02-06,2
125656,60076201,80133197,2023-02-09,2
125661,60076125,80132898,2023-02-06,2
125662,60075687,80132900,2023-02-06,2
125664,60075587,80132902,2023-02-21,2
125666,60076102,80132904,2023-02-07,2
125667,60074214,80132906,2023-02-05,2
125669,60075961,80132908,2023-02-06,2
125670,60076117,80133615,2023-02-17,2
125671,60076124,80133616,2023-02-15,2
125676,60076050,80132539,2023-02-02,2
125679,60075505,80131980,2023-01-30,3
125680,60074688,80131981,2023-01-19,3
125681,60075262,80131982,2023-01-30,3
125682,60075351,80131983,2023-02-03,2
125683,60074412,80132909,2023-02-05,2
125691,60075545,80133622,2023-02-16,2
125693,60074142,80132543,2023-02-03,2
125695,60075938,80133201,2023-02-09,2
125696,60075661,80133202,2023-02-08,2
125698,60075583,80133204,2023-02-08,2
125700,60075510,80133206,2023-02-09,2
125701,60074765,80133207,2023-02-09,2
125707,60074741,80131985,2023-01-30,3
125708,60075262,80131986,2023-01-30,3
125709,60076058,80132544,2023-02-09,2
125711,60076082,80132546,2023-02-09,2
125715,60076102,80132920,2023-02-07,2
125716,60075163,80132921,2023-03-10,1
125718,60075805,80133624,2023-02-16,2
125719,60075653,80133625,2023-02-27,2
125722,60076103,80133628,2023-02-15,2
125725,60075938,80133211,2023-02-09,2
125726,60076088,80132923,2023-02-07,2
125729,60074977,80132926,2023-02-15,2
125734,60076071,80132553,2023-02-02,2
125737,60075810,80133631,2023-02-18,2
125739,60074666,80133633,2023-02-18,2
125740,60075000,80131987,2023-01-31,3
125741,60074142,80131988,2023-02-13,2
125743,60074142,80131990,2023-02-13,2
125745,60075974,80132927,2023-02-07,2
125746,60075463,80132928,2023-02-08,2
125752,60025381,80132559,2023-02-02,2
125755,60075802,80133636,2023-02-16,2
125756,60076103,80133637,2023-02-15,2
125757,60075805,80133638,2023-02-15,2
125758,60076103,80133639,2023-02-15,2
125762,60075494,80132932,2023-02-09,2
125764,60074765,80133213,2023-02-09,2
125770,60074761,80132933,2023-02-05,2
125773,60074111,80132936,2023-02-10,2
125776,60075559,80133217,2023-02-13,2
125777,60076177,80133218,2023-02-09,2
125780,60075844,80132939,2023-02-25,2
125782,60075351,80132941,2023-02-05,2
125785,60075434,80132562,2023-02-06,2
125788,60075434,80132565,2023-02-06,2
125789,60075345,80132566,2023-02-06,2
125790,60075344,80132567,2023-02-06,2
125795,60076035,80133643,2023-02-20,2
125798,60074087,80132944,2023-02-15,2
125800,60075549,80133220,2023-02-18,2
125801,60075926,80133221,2023-02-09,2
125802,60075876,80133222,2023-02-15,2
125803,60075876,80133223,2023-02-15,2
125805,60025381,80132571,2023-02-18,2
125808,60070720,80132948,2023-02-10,2
125813,60076103,80133646,2023-02-15,2
125817,60075816,80133224,2023-02-15,2
125818,60075816,80133225,2023-02-15,2
125820,60076035,80133650,2023-02-27,2
125822,60076117,80133653,2023-02-17,2
125832,60074214,80132953,2023-02-05,2
125837,60075951,80132574,2023-02-02,2
125844,60075095,80132006,2023-02-03,2
125848,60074216,80133229,2023-02-15,2
125856,60076113,80132576,2023-02-08,2
125863,60076100,80133660,2023-02-15,2
125866,60075793,80132961,2023-02-08,2
125867,60076108,80132962,2023-02-07,2
125869,60075358,80132964,2023-02-07,2
125870,60075923,80132965,2023-02-06,2
125878,60075236,80132014,2023-01-30,3
125889,60075268,80133241,2023-02-10,2
125900,60075268,80133245,2023-02-10,2
125901,60075268,80133246,2023-02-10,2
125902,60075730,80133247,2023-02-09,2
125903,60076108,80133248,2023-02-15,2
125904,60076108,80133249,2023-02-14,2
125905,60076100,80133663,2023-02-15,2
125906,60076102,80133665,2023-02-15,2
125907,60076103,80133666,2023-02-15,2
125908,60075636,80133667,2023-02-23,2
125913,60075975,80132972,2023-02-07,2
125915,60075898,80133847,2023-02-21,2
125917,60074495,80133849,2023-02-21,2
125921,60076108,80133251,2023-02-14,2
125922,60076108,80133252,2023-02-14,2
125936,60076193,80133860,2023-02-27,2
125937,60075105,80133861,2023-02-20,2
125943,60075549,80133670,2023-02-17,2
125944,60076100,80133671,2023-02-15,2
125946,60074550,80133673,2023-02-18,2
125950,60074686,80133864,2023-02-17,2
125957,60075010,80133678,2023-02-17,2
125959,60075744,80132976,2023-02-09,2
125968,60075604,80133680,2023-02-22,2
125969,60075604,80133681,2023-02-21,2
125970,60069360,80133682,2023-02-17,2
125971,60076241,80133683,2023-02-15,2
125972,60038924,80133684,2023-02-19,2
125973,60074543,80132980,2023-02-21,2
125974,60075419,80132982,2023-02-09,2
125982,60076088,80132983,2023-02-07,2
125985,60074809,80132986,2023-02-07,2
125986,60075410,80132987,2023-02-15,2
125989,60075667,80133688,2023-02-15,2
125996,60075498,80133695,2023-02-25,2
125999,60076242,80133698,2023-02-15,2
126004,60029166,80133704,2023-02-17,2
126006,60075518,80133706,2023-02-19,2
126007,60073443,80132991,2023-02-06,2
126008,60070793,80132992,2023-02-10,2
126012,60074543,80132996,2023-02-07,2
126015,60075545,80133708,2023-02-25,2
126017,60076054,80133710,2023-02-16,2
126018,60075498,80133711,2023-02-25,2
126020,60074688,80133713,2023-02-17,2
126021,60076045,80133714,2023-02-17,2
126022,60076045,80133715,2023-02-17,2
126023,60075667,80133716,2023-02-15,2
126024,60076362,80133870,2023-02-18,2
126027,60075849,80133719,2023-03-04,1
126034,60076088,80133004,2023-02-07,2
126036,60076125,80133006,2023-02-06,2
126037,60076088,80133007,2023-02-07,2
126040,60074734,80133010,2023-02-27,2
126042,60074543,80133012,2023-02-21,2
126045,60075687,80132595,2023-02-06,2
126047,60076106,80132597,2023-02-06,2
126049,60075239,80132599,2023-02-02,2
126053,60074483,80132603,2023-02-02,2
126054,60069096,80132604,2023-02-07,2
126055,60075764,80132605,2023-02-07,2
126058,60076088,80132608,2023-02-06,2
126059,60076088,80132609,2023-02-06,2
126066,60075382,80133878,2023-02-19,2
126067,60076088,80132610,2023-02-06,2
126068,60076088,80132611,2023-02-06,2
126069,60075231,80132612,2023-02-06,2
126070,60076088,80132613,2023-02-06,2
126071,60076006,80132614,2023-02-08,2
126074,60076006,80132617,2023-02-08,2
126075,60076006,80132618,2023-02-08,2
126076,60074688,80133722,2023-02-17,2
126077,60076217,80133723,2023-02-27,2
126078,60076219,80133724,2023-02-26,2
126084,60076137,80133020,2023-02-11,2
126089,60075163,80133271,2023-02-19,2
126092,60075234,80133880,2023-02-22,2
126094,60076006,80132619,2023-02-08,2
126097,60075281,80133883,2023-02-22,2
126101,60074808,80133887,2023-02-21,2
126103,60075518,80133726,2023-02-21,2
126109,60076145,80133273,2023-02-10,2
126112,60076100,80133024,2023-02-07,2
126114,60075987,80133727,2023-02-27,2
126115,60075549,80133729,2023-02-20,2
126119,60074498,80133892,2023-02-21,2
126124,60075689,80133732,2023-02-19,2
126125,60075549,80133733,2023-02-20,2
126126,60075689,80133734,2023-02-19,2
126129,60076030,80133276,2023-02-09,2
126132,60074762,80133026,2023-02-14,2
126133,60076014,80133027,2023-02-06,2
126135,60010010,80133893,2023-02-21,2
126136,60010010,80133894,2023-02-21,2
126142,60075989,80132632,2023-02-02,2
126143,60074543,80133031,2023-02-21,2
126144,60026306,80133736,2023-02-21,2
126145,60075778,80133737,2023-02-17,2
126146,60075766,80133738,2023-02-16,2
126149,60075988,80132633,2023-02-02,2
126150,60075658,80132634,2023-02-02,2
126151,60074595,80132635,2023-02-08,2
126153,60075980,80132637,2023-02-14,2
126156,60075778,80133740,2023-02-16,2
126157,60075766,80133741,2023-02-16,2
126159,60075766,80133743,2023-02-19,2
126163,60075689,80133747,2023-02-19,2
126164,60076209,80133748,2023-02-24,2
126166,60076102,80133033,2023-02-07,2
126169,60075886,80133036,2023-02-08,2
126174,60076247,80133898,2023-02-23,2
126175,60075146,80133900,2023-02-28,2
126176,60076247,80133901,2023-02-22,2
126179,60076220,80133904,2023-02-25,2
126181,60075074,80133288,2023-02-15,2
126190,60075798,80132644,2023-02-07,2
126194,60075725,80133038,2023-02-08,2
126195,60075374,80133039,2023-02-07,2
126199,60074666,80133907,2023-02-27,2
126203,60076231,80133755,2023-02-18,2
126209,60075827,80132649,2023-02-07,2
126214,60075821,80132651,2023-02-06,2
126216,60075825,80132653,2023-02-07,2
126218,60075809,80132655,2023-02-20,2
126219,60075782,80132656,2023-02-06,2
126220,60076247,80133911,2023-02-27,2
126224,60039572,80133915,2023-02-20,2
126225,60074111,80133916,2023-02-25,2
126229,60039572,80133045,2023-02-14,2
126240,60074550,80133048,2023-02-13,2
126241,60074543,80133049,2023-02-21,2
126242,60073752,80133050,2023-02-06,2
126243,60075459,80133051,2023-02-11,2
126246,60073306,80133054,2023-02-08,2
126247,60076148,80133055,2023-02-07,2
126249,60076141,80133058,2023-02-07,2
126250,60073306,80133059,2023-02-08,2
126252,60075213,80133061,2023-02-23,2
126254,60076141,80133063,2023-02-07,2
126255,60076148,80133064,2023-02-07,2
126256,60073255,80133066,2023-02-20,2
126257,60073255,80133067,2023-02-07,2
126259,60073255,80133070,2023-02-07,2
126262,60073330,80133071,2023-02-07,2
126263,60075573,80133074,2023-02-10,2
126264,60075573,80133075,2023-02-13,2
126266,60073831,80133078,2023-02-23,2
126273,60076263,80133917,2023-02-24,2
126275,60059606,80133919,2023-03-03,1
126276,60074577,80133089,2023-02-07,2
126277,60069067,80133090,2023-02-13,2
126278,60073255,80133091,2023-02-14,2
126279,60075704,80133092,2023-02-15,2
126286,60074739,80133765,2023-02-27,2
126287,60076208,80133766,2023-02-24,2
126292,60060797,80133302,2023-02-19,2
126295,60075993,80133923,2023-02-21,2
126297,60074155,80133925,2023-02-22,2
126299,60074125,80133928,2023-02-25,2
126300,60075861,80133771,2023-02-20,2
126302,60075987,80133773,2023-02-27,2
126304,60076065,80133775,2023-02-18,2
126312,60074514,80133306,2023-02-13,2
126319,60075353,80133931,2023-02-23,2
126320,60075603,80133932,2023-02-22,2
126323,60075857,80133103,2023-02-14,2
126326,60075788,80132663,2023-02-07,2
126327,60075787,80132664,2023-02-08,2
126328,60076088,80132665,2023-02-06,2
126329,60075792,80132666,2023-02-08,2
126330,60075783,80132667,2023-02-07,2
126331,60074590,80132668,2023-02-05,2
126332,60059672,80133311,2023-02-11,2
126333,60075912,80133312,2023-02-20,2
126334,60075817,80133313,2023-02-20,2
126335,60075877,80133314,2023-02-20,2
126337,60075463,80133778,2023-02-26,2
126339,60075602,80133933,2023-02-22,2
126340,60075602,80133934,2023-02-22,2
126341,60076430,80133936,2023-02-23,2
126343,60076124,80133107,2023-02-07,2
126346,60074826,80132669,2023-02-07,2
126347,60076088,80132670,2023-02-06,2
126348,60070796,80132671,2023-02-10,2
126350,60076102,80132673,2023-02-06,2
126352,60074514,80133780,2023-02-21,2
126357,60005807,80133112,2023-02-07,2
126358,60005807,80133113,2023-02-07,2
126361,60075938,80133939,2023-02-21,2
126362,60075877,80133315,2023-02-21,2
126363,60075835,80133316,2023-02-16,2
126364,60075808,80133317,2023-02-16,2
126365,60075835,80133318,2023-02-15,2
126366,60075836,80133319,2023-02-16,2
126367,60075582,80133320,2023-02-13,2
126379,60074514,80133119,2023-02-14,2
126385,60075817,80133321,2023-02-15,2
126389,60007436,80133325,2023-02-13,2
126394,60075631,80132687,2023-02-09,2
126395,60075311,80132688,2023-02-07,2
126396,60074742,80133785,2023-02-28,2
126400,60007436,80133326,2023-02-13,2
126404,60076150,80133330,2023-02-14,2
126407,60076430,80133945,2023-02-23,2
126409,60075181,80133333,2023-02-12,2
126413,60074509,80133337,2023-02-13,2
126414,60075938,80133338,2023-02-10,2
126415,60076247,80133946,2023-02-23,2
126417,60076247,80133948,2023-02-23,2
126418,60076430,80133949,2023-02-23,2
126420,60076022,80133951,2023-02-23,2
126421,60074266,80132689,2023-02-15,2
126424,60075247,80133339,2023-02-13,2
126425,60074489,80133340,2023-02-14,2
126426,60076042,80133341,2023-02-17,2
126427,60075734,80133342,2023-02-14,2
126428,60075807,80133343,2023-02-15,2
126429,60074503,80133344,2023-02-13,2
126430,60076152,80133345,2023-02-11,2
126431,60075734,80133346,2023-02-14,2
126435,60076430,80133953,2023-02-23,2
126436,60074087,80133955,2023-02-26,2
126437,60074757,80133956,2023-02-22,2
126438,60076430,80133957,2023-02-23,2
126442,60074488,80133349,2023-02-13,2
126443,60074489,80133350,2023-02-13,2
126444,60076152,80133351,2023-02-11,2
126445,60074509,80133352,2023-02-13,2
126446,60076531,80134143,2023-02-24,2
126447,60075183,80134144,2023-02-24,2
126448,60076531,80134145,2023-02-24,2
126450,60074496,80133792,2023-02-17,2
126451,60076021,80133793,2023-03-03,1
126453,60076247,80133959,2023-02-23,2
126455,60076157,80133961,2023-02-22,2
126456,60075658,80132690,2023-02-08,2
126464,60075911,80133353,2023-02-24,2
126465,60075247,80133354,2023-02-14,2
126466,60075807,80133355,2023-02-15,2
126467,60074503,80133356,2023-02-13,2
126468,60075886,80134146,2023-02-25,2
126469,60075545,80134147,2023-02-25,2
126470,60074741,80134148,2023-02-23,2
126471,60074496,80133795,2023-02-17,2
126476,60057789,80132699,2023-02-17,2
126480,60075699,80132704,2023-02-10,2
126482,60074412,80132706,2023-02-05,2
126483,60075715,80132707,2023-02-10,2
126484,60074542,80132708,2023-02-08,2
126485,60076362,80133798,2023-02-17,2
126490,60074212,80133358,2023-02-13,2
126491,60075149,80133360,2023-02-13,2
126504,60075085,80132710,2023-02-03,2
126510,60075764,80133969,2023-02-24,2
126511,60074491,80133970,2023-02-24,2
126512,60076369,80133971,2023-02-27,2
126515,60074638,80133974,2023-02-24,2
126517,60074212,80133367,2023-02-13,2
126526,60069096,80133977,2023-02-24,2
126535,60073308,80132720,2023-02-07,2
126543,60076368,80133983,2023-02-21,2
126550,60075898,80133809,2023-02-21,2
126552,60076259,80134156,2023-03-07,1
126555,60076262,80134159,2023-02-27,2
126557,60076344,80133987,2023-02-23,2
126560,60074478,80133990,2023-03-04,1
126571,60076262,80134161,2023-02-26,2
126572,60075545,80134162,2023-02-25,2
126575,60074684,80132723,2023-02-07,2
126579,60074684,80132727,2023-02-07,2
126583,60075778,80133816,2023-02-17,2
126585,60075885,80133818,2023-02-17,2
126586,60074478,80133992,2023-03-04,1
126591,60075898,80133819,2023-02-21,2
126593,60075885,80133821,2023-02-20,2
126594,60074835,80133822,2023-02-17,2
126596,60074835,80133824,2023-02-17,2
126599,60073308,80132732,2023-02-07,2
126601,60076114,80132734,2023-02-09,2
126603,60075918,80132736,2023-02-09,2
126605,60072767,80132739,2023-02-06,2
126610,60076181,80134166,2023-02-27,2
126614,60050224,80133994,2023-02-23,2
126616,60076160,80133996,2023-02-23,2
126617,60074682,80133825,2023-02-27,2
126618,60075898,80133826,2023-02-21,2
126620,60074835,80133828,2023-02-17,2
126632,60075262,80134170,2023-02-23,2
126634,60075634,80134172,2023-02-24,2
126636,60076247,80133997,2023-02-23,2
126637,60074735,80133998,2023-02-23,2
126639,60074835,80133830,2023-02-17,2
126640,60075067,80133831,2023-02-23,2
126641,60074835,80133832,2023-02-17,2
126646,60076290,80133999,2023-02-23,2
126649,60075203,80134175,2023-02-23,2
126653,60076006,80133835,2023-02-22,2
126658,60075852,80133392,2023-02-13,2
126662,60074141,80132751,2023-02-07,2
126663,60074550,80132752,2023-02-08,2
126667,60075138,80134002,2023-02-23,2
126670,60075882,80134179,2023-02-24,2
126671,60075870,80134180,2023-02-24,2
126680,60074761,80134006,2023-02-22,2
126683,60074808,80134009,2023-02-21,2
126684,60075085,80134010,2023-02-23,2
126685,60076365,80134011,2023-02-21,2
126686,60076114,80134013,2023-02-25,2
126689,60076129,80132757,2023-02-06,2
126690,60076127,80132758,2023-02-06,2
126691,60074691,80132759,2023-02-08,2
126693,60076512,80134186,2023-02-23,2
126694,60076512,80134187,2023-02-23,2
126695,60076525,80134188,2023-02-24,2
126696,60076512,80134190,2023-02-23,2
126697,60076512,80134191,2023-02-23,2
126698,60074568,80134192,2023-02-24,2
126700,60075884,80134194,2023-02-23,2
126705,60075885,80133843,2023-02-20,2
126706,60012280,80133844,2023-03-10,1
126709,60076494,80134014,2023-02-23,2
126711,60075809,80134016,2023-02-28,2
126714,60076071,80134019,2023-02-23,2
126717,60075788,80134199,2023-02-28,2
126718,60075465,80134200,2023-02-24,2
126719,60076106,80134201,2023-02-24,2
126725,60076091,80134025,2023-02-23,2
126727,60076494,80134027,2023-02-27,2
126728,60076505,80134028,2023-02-24,2
126729,60076494,80134029,2023-02-24,2
126731,60074483,80134204,2023-02-23,2
126732,60073102,80134205,2023-02-27,2
126735,60075787,80134208,2023-03-01,1
126736,60075782,80134209,2023-03-02,1
126737,60076366,80134210,2023-02-25,2
126740,60076220,80134548,2023-03-08,1
126741,60073308,80134549,2023-03-02,1
126744,60076418,80134552,2023-03-02,1
126745,60076851,80134948,2023-03-06,1
126747,60076472,80134951,2023-03-03,1
126748,60076472,80134952,2023-03-03,1
126749,60076472,80134953,2023-03-02,1
126750,60074796,80134954,2023-03-10,1
126751,60072782,80134030,2023-02-24,2
126752,60076494,80134031,2023-02-23,2
126754,60076505,80134033,2023-02-24,2
126755,60076494,80134034,2023-02-24,2
126756,60075783,80134035,2023-02-27,2
126758,60076505,80134037,2023-02-23,2
126759,60076773,80134955,2023-03-09,1
126768,60075319,80133400,2023-02-21,2
126769,60076494,80134038,2023-02-24,2
126770,60076505,80134039,2023-02-23,2
126772,60076505,80134041,2023-02-23,2
126773,60076505,80134042,2023-02-24,2
126775,60076496,80134044,2023-02-27,2
126776,60076494,80134045,2023-02-23,2
126778,60074558,80134554,2023-03-03,1
126783,60075911,80133403,2023-02-24,2
126784,60074144,80133404,2023-02-15,2
126785,60076197,80134213,2023-02-27,2
126788,60074826,80134216,2023-03-01,1
126791,60074396,80134961,2023-03-06,1
126793,60076602,80134558,2023-03-02,1
126794,60076709,80134559,2023-03-02,1
126797,60076642,80134562,2023-03-03,1
126799,60076502,80134047,2023-02-27,2
126800,60076505,80134048,2023-02-24,2
126807,60076034,80133411,2023-02-14,2
126809,60074609,80133413,2023-02-14,2
126810,60076650,80134563,2023-03-02,1
126812,60075792,80134566,2023-03-04,1
126813,60075918,80134567,2023-03-08,1
126814,60075558,80134568,2023-03-07,1
126817,60075326,80134571,2023-03-07,1
126818,60076527,80134572,2023-03-02,1
126819,60075918,80134573,2023-03-08,1
126820,60075798,80134575,2023-03-05,1
126821,60075886,80134576,2023-03-08,1
126822,60076709,80134577,2023-03-02,1
126823,60076637,80134578,2023-03-02,1
126825,60076272,80134050,2023-02-23,2
126826,60073789,80134051,2023-03-06,1
126830,60074757,80134219,2023-02-28,2
126833,60076156,80133416,2023-02-23,2
126834,60076156,80133418,2023-02-13,2
126836,60075886,80134581,2023-03-08,1
126841,60074757,80134054,2023-02-24,2
126843,60076505,80134056,2023-02-23,2
126845,60074526,80134966,2023-03-06,1
126847,60075498,80133420,2023-02-25,2
126848,60075938,80133421,2023-02-15,2
126849,60076088,80133422,2023-02-14,2
126850,60076088,80133423,2023-02-14,2
126851,60075204,80134220,2023-02-24,2
126852,60075197,80134221,2023-02-27,2
126854,60076259,80134224,2023-03-05,1
126858,60076262,80134968,2023-03-06,1
126859,60076088,80133424,2023-02-14,2
126862,60075573,80133428,2023-02-24,2
126863,60075582,80133429,2023-02-13,2
126865,60076634,80134228,2023-02-27,2
126873,60075237,80134591,2023-03-03,1
126874,60076056,80133430,2023-02-27,2
126875,60076056,80133431,2023-02-27,2
126877,60076056,80133433,2023-02-15,2
126879,60076283,80134229,2023-02-27,2
126880,60075545,80134230,2023-02-25,2
126881,60076283,80134231,2023-03-09,1
126882,60076591,80134232,2023-02-27,2
126886,60076696,80134975,2023-03-05,1
126894,60074148,80133442,2023-02-15,2
126895,60075818,80133443,2023-02-16,2
126897,60074147,80133445,2023-02-15,2
126899,60074118,80133447,2023-02-15,2
126900,60075684,80133448,2023-02-16,2
126901,60075834,80133449,2023-02-16,2
126902,60075116,80134592,2023-03-07,1
126903,60074676,80134593,2023-03-03,1
126904,60074152,80134594,2023-03-03,1
126905,60076561,80134595,2023-03-08,1
126907,60076170,80134597,2023-03-07,1
126909,60074722,80134600,2023-03-03,1
126911,60076591,80134233,2023-02-27,2
126919,60074683,80134605,2023-03-06,1
126920,60074722,80134606,2023-03-03,1
126923,60076290,80134068,2023-03-04,1
126924,60074680,80134069,2023-02-27,2
126927,60074683,80134609,2023-03-06,1
126928,60076617,80134610,2023-03-01,1
126929,60075288,80134611,2023-03-02,1
126933,60075800,80134074,2023-02-22,2
126934,60076230,80134613,2023-03-08,1
126936,60073308,80134615,2023-03-02,1
126938,60075283,80134617,2023-03-07,1
126939,60076429,80134618,2023-03-07,1
126940,60076429,80134619,2023-03-07,1
126942,60074550,80134621,2023-03-03,1
126946,60075523,80134627,2023-03-02,1
126947,60076531,80134240,2023-02-24,2
126950,60076259,80134077,2023-03-06,1
126952,60076531,80134242,2023-02-24,2
126953,60076366,80134243,2023-02-25,2
126954,60075303,80134244,2023-02-27,2
126955,60074835,80134245,2023-02-24,2
126956,60076283,80134246,2023-02-27,2
126957,60074758,80134247,2023-02-27,2
126958,60074835,80134248,2023-02-27,2
126960,60074835,80134250,2023-02-27,2
126962,60074741,80134079,2023-02-23,2
126963,60075925,80134080,2023-02-24,2
126965,60075872,80134082,2023-02-24,2
126966,60076311,80134083,2023-02-26,2
126967,60075448,80134084,2023-02-24,2
126968,60075221,80134085,2023-02-24,2
126969,60075880,80134087,2023-02-24,2
126970,60075216,80134088,2023-02-24,2
126971,60069067,80134089,2023-02-25,2
126972,60074120,80134630,2023-03-06,1
126973,60076283,80134252,2023-02-27,2
126975,60076283,80134254,2023-02-27,2
126976,60076011,80134255,2023-02-24,2
126977,60076283,80134256,2023-02-27,2
126978,60076367,80134257,2023-02-25,2
126979,60076186,80134258,2023-02-27,2
126980,60076283,80134259,2023-02-27,2
126981,60076377,80134090,2023-02-24,2
126982,60075872,80134091,2023-02-24,2
126983,60074747,80134092,2023-02-23,2
126984,60075911,80134093,2023-02-24,2
126988,60074152,80134634,2023-03-03,1
126989,60076367,80134261,2023-02-25,2
126992,60074147,80133452,2023-02-15,2
126996,60075183,80134636,2023-03-02,1
126998,60076559,80134638,2023-03-06,1
126999,60076283,80134262,2023-02-27,2
127000,60076186,80134263,2023-02-27,2
127001,60075545,80134264,2023-02-28,2
127002,60076494,80134639,2023-03-03,1
127003,60007949,80134640,2023-03-01,1
127006,60075434,80134978,2023-03-10,1
127007,60076049,80134979,2023-03-10,1
127009,60076176,80134644,2023-03-03,1
127010,60075921,80134645,2023-03-03,1
127011,60076873,80134647,2023-03-07,1
127013,60076186,80134267,2023-02-27,2
127014,60076186,80134268,2023-02-27,2
127015,60076367,80134269,2023-02-25,2
127016,60056317,80134270,2023-02-27,2
127018,60074118,80133456,2023-02-16,2
127019,60076226,80133457,2023-02-17,2
127026,60056317,80134653,2023-03-03,1
127027,60076199,80134271,2023-02-28,2
127029,60076103,80134273,2023-02-27,2
127030,60074130,80134274,2023-02-27,2
127031,60076125,80134654,2023-03-04,1
127032,60076696,80134655,2023-03-05,1
127033,60076049,80134981,2023-03-10,1
127038,60076696,80134658,2023-03-05,1
127039,60073308,80134659,2023-03-02,1
127043,60075078,80134984,2023-03-04,1
127044,60075658,80134985,2023-03-06,1
127045,60076186,80134276,2023-02-27,2
127046,60076088,80134277,2023-02-27,2
127048,60076299,80134279,2023-02-27,2
127049,60076186,80134280,2023-02-27,2
127061,60076221,80133474,2023-02-20,2
127062,60073308,80134662,2023-03-01,1
127063,60076625,80134663,2023-03-05,1
127064,60074684,80134664,2023-03-06,1
127065,60075898,80134665,2023-03-03,1
127067,60075839,80134667,2023-03-09,1
127068,60076712,80134668,2023-03-03,1
127069,60076186,80134282,2023-02-27,2
127070,60076186,80134283,2023-02-27,2
127071,60076103,80134285,2023-02-27,2
127072,60076191,80133475,2023-02-20,2
127073,60007949,80133476,2023-02-14,2
127074,60043846,80133477,2023-02-17,2
127075,60007949,80133478,2023-02-14,2
127076,60075887,80134669,2023-03-09,1
127077,60076539,80134288,2023-02-25,2
127078,60076492,80134290,2023-02-27,2
127079,60076326,80134291,2023-03-06,1
127080,60076492,80134292,2023-02-27,2
127081,60075667,80134293,2023-02-27,2
127085,60007949,80133479,2023-02-14,2
127086,60074148,80133480,2023-02-20,2
127087,60075804,80133481,2023-02-18,2
127088,60075834,80133482,2023-02-21,2
127090,60076125,80134671,2023-03-03,1
127092,60076531,80134673,2023-03-06,1
127094,60076531,80134675,2023-03-06,1
127096,60076498,80134677,2023-03-02,1
127099,60074111,80134097,2023-02-28,2
127102,60076559,80134296,2023-02-26,2
127103,60076326,80134297,2023-03-06,1
127104,60075827,80134298,2023-03-01,1
127105,60074939,80134990,2023-03-10,1
127106,60074577,80134991,2023-03-02,1
127107,60074939,80134993,2023-03-10,1
127109,60074479,80134679,2023-03-04,1
127110,60076441,80134680,2023-03-07,1
127111,60076531,80134681,2023-03-04,1
127112,60076417,80134682,2023-03-09,1
127115,60074152,80133487,2023-02-15,2
127116,60074153,80133488,2023-02-15,2
127120,60075825,80134300,2023-02-28,2
127122,60075821,80134302,2023-03-01,1
127125,60074679,80133490,2023-02-16,2
127126,60074144,80133491,2023-02-22,2
127127,60075180,80134995,2023-03-02,1
127129,60076441,80134683,2023-03-07,1
127130,60076441,80134684,2023-03-07,1
127133,60076827,80134687,2023-03-01,1
127138,60073255,80134308,2023-02-27,2
127139,60073255,80134309,2023-02-27,2
127140,60074679,80133492,2023-02-16,2
127141,60074679,80133493,2023-02-16,2
127142,60074459,80133494,2023-02-18,2
127143,60075688,80133495,2023-02-20,2
127144,60075688,80133496,2023-02-22,2
127146,60075092,80135003,2023-03-06,1
127147,60076259,80134688,2023-03-05,1
127148,60076441,80134689,2023-03-07,1
127150,60076129,80134691,2023-03-03,1
127152,60076642,80135006,2023-03-05,1
127156,60075100,80134695,2023-03-02,1
127158,60076695,80134697,2023-03-07,1
127159,60074665,80134698,2023-03-03,1
127160,60074152,80134699,2023-03-03,1
127161,60076559,80134100,2023-02-23,2
127162,60074971,80134101,2023-02-26,2
127164,60074559,80134103,2023-03-08,1
127165,60076559,80134104,2023-02-23,2
127169,60076473,80134310,2023-02-24,2
127171,60076613,80134312,2023-02-27,2
127172,60076397,80134313,2023-02-27,2
127175,60075634,80134108,2023-02-24,2
127177,60076186,80134110,2023-02-22,2
127179,60076186,80134112,2023-02-22,2
127186,60076172,80133497,2023-02-19,2
127189,60075864,80133500,2023-02-27,2
127190,60074153,80133501,2023-02-15,2
127196,60076559,80134125,2023-02-24,2
127202,60074031,80135009,2023-03-02,1
127203,60075180,80135010,2023-03-02,1
127204,60076281,80135012,2023-03-07,1
127205,60076281,80135014,2023-03-07,1
127207,60076506,80135016,2023-03-03,1
127209,60076888,80135019,2023-03-07,1
127212,60010074,80134701,2023-03-04,1
127213,60076695,80134702,2023-03-07,1
127215,60075236,80134704,2023-03-09,1
127219,60073752,80134708,2023-03-02,1
127223,60075849,80133502,2023-02-22,2
127224,60075864,80133503,2023-02-27,2
127225,60075382,80135276,2023-03-08,1
127230,60076397,80134321,2023-03-04,1
127231,60076584,80134322,2023-02-24,2
127235,60076399,80134326,2023-02-27,2
127236,60074130,80134327,2023-02-27,2
127237,60076398,80134328,2023-02-26,2
127238,60076320,80135022,2023-03-06,1
127242,60074684,80134711,2023-03-07,1
127244,60023613,80134713,2023-03-02,1
127245,60076477,80134714,2023-03-10,1
127249,60073026,80135279,2023-03-07,1
127251,60077026,80135281,2023-03-08,1
127252,60076754,80135282,2023-03-08,1
127253,60076900,80135283,2023-03-08,1
127254,60076369,80134329,2023-02-26,2
127255,60076015,80134330,2023-02-27,2
127256,60076043,80134332,2023-02-27,2
127264,60076675,80135284,2023-03-06,1
127265,60073443,80135286,2023-03-05,1
127267,60076399,80134335,2023-02-27,2
127270,60076399,80134338,2023-02-27,2
127271,60076286,80134339,2023-02-27,2
127272,60074117,80134340,2023-02-28,2
127276,60076424,80134724,2023-03-02,1
127280,60069836,80135289,2023-03-07,1
127281,60076633,80135290,2023-03-09,1
127287,60076570,80134729,2023-03-03,1
127289,60074455,80134731,2023-03-09,1
127290,60076794,80134732,2023-03-01,1
127291,60074154,80135292,2023-03-07,1
127292,60076848,80135293,2023-03-07,1
127297,60076399,80134343,2023-02-27,2
127298,60076368,80134344,2023-02-24,2
127299,60075802,80134345,2023-02-27,2
127300,60076299,80134346,2023-02-27,2
127301,60075888,80135029,2023-03-02,1
127302,60075391,80135030,2023-03-09,1
127305,60075183,80134137,2023-02-23,2
127307,60076838,80135630,2023-03-06,1
127308,60076299,80134347,2023-02-27,2
127309,60076399,80134348,2023-02-27,2
127310,60075811,80134349,2023-02-27,2
127311,60076157,80134350,2023-02-27,2
127312,60076230,80134351,2023-02-27,2
127313,60076157,80134352,2023-02-27,2
127316,60075800,80134733,2023-03-02,1
127317,60071860,80134734,2023-03-02,1
127318,60074514,80135631,2023-03-06,1
127319,60030653,80135633,2023-03-06,1
127321,60076151,80134355,2023-02-28,2
127322,60076088,80134356,2023-02-28,2
127323,60076156,80134357,2023-02-25,2
127324,60076299,80134358,2023-02-27,2
127325,60076157,80134359,2023-02-27,2
127331,60076878,80135037,2023-03-04,1
127338,60073752,80134735,2023-03-02,1
127339,60075799,80134736,2023-03-02,1
127340,60076570,80134737,2023-03-03,1
127345,60076088,80134360,2023-02-28,2
127349,60076262,80134364,2023-03-06,1
127354,60076627,80135042,2023-03-09,1
127358,60076888,80134741,2023-03-07,1
127360,60076765,80134743,2023-03-06,1
127361,60076882,80135311,2023-03-06,1
127366,60075958,80134365,2023-03-04,1
127369,60076399,80134368,2023-02-28,2
127370,60076103,80134369,2023-02-27,2
127371,60076157,80134370,2023-02-27,2
127374,60076472,80135045,2023-03-03,1
127376,60075631,80135048,2023-03-10,1
127377,60076197,80135049,2023-03-07,1
127380,60074667,80135052,2023-03-04,1
127381,60076776,80135639,2023-03-08,1
127383,60076379,80134745,2023-03-02,1
127384,60076272,80134746,2023-03-01,1
127385,60076100,80134748,2023-03-04,1
127388,60073410,80135318,2023-03-06,1
127391,60073443,80135321,2023-03-06,1
127392,60076612,80135322,2023-03-07,1
127395,60074837,80135055,2023-03-03,1
127396,60076362,80135056,2023-03-06,1
127397,60074837,80135058,2023-03-03,1
127399,60076103,80134372,2023-02-27,2
127400,60076498,80134373,2023-02-25,2
127401,60076299,80134375,2023-02-28,2
127402,60076088,80134376,2023-02-27,2
127403,60076151,80134377,2023-02-28,2
127407,60076707,80135072,2023-03-08,1
127410,60074674,80135075,2023-03-04,1
127412,60076810,80135077,2023-03-05,1
127413,60076641,80135078,2023-03-05,1
127414,60073410,80135323,2023-03-06,1
127417,60073410,80135326,2023-03-06,1
127421,60076788,80135084,2023-03-06,1
127422,60076347,80135085,2023-03-08,1
127427,60040299,80134379,2023-03-01,1
127430,60075545,80134382,2023-03-01,1
127432,60050221,80134753,2023-03-02,1
127435,60076983,80135093,2023-03-05,1
127436,60025381,80135095,2023-03-09,1
127439,60076883,80135099,2023-03-04,1
127440,60025381,80135101,2023-03-09,1
127441,60075279,80135102,2023-03-02,1
127443,60076188,80135645,2023-03-10,1
127446,60076473,80135105,2023-03-02,1
127454,60076824,80135111,2023-03-05,1
127456,60076180,80135648,2023-03-06,1
127457,60075517,80135649,2023-03-08,1
127458,60076693,80135650,2023-03-08,1
127461,60075659,80134389,2023-02-27,2
127463,60075952,80135116,2023-03-05,1
127467,60076241,80134756,2023-03-02,1
127468,60076100,80134757,2023-03-04,1
127471,60074116,80134392,2023-03-07,1
127472,60075667,80134394,2023-02-27,2
127473,60076222,80134395,2023-02-28,2
127475,60074597,80134397,2023-02-28,2
127477,60076162,80134399,2023-02-27,2
127478,60076767,80134400,2023-02-28,2
127481,60075954,80135125,2023-03-05,1
127482,60075372,80135330,2023-03-07,1
127483,60076962,80135331,2023-03-06,1
127484,60077007,80135332,2023-03-07,1
127485,60076785,80135126,2023-03-06,1
127486,60075952,80135127,2023-03-05,1
127487,60075657,80135655,2023-03-08,1
127489,60075617,80135335,2023-03-10,1
127490,60074485,80135130,2023-03-02,1
127491,60076824,80135131,2023-03-05,1
127493,60075172,80135135,2023-03-03,1
127495,60075345,80135137,2023-03-10,1
127496,60074713,80135138,2023-03-07,1
127497,60076557,80135139,2023-03-03,1
127498,60075374,80135336,2023-03-07,1
127499,60076860,80135140,2023-03-06,1
127500,60075092,80134402,2023-02-28,2
127501,60074160,80134403,2023-02-28,2
127507,60076422,80134411,2023-02-28,2
127508,60076450,80135141,2023-03-10,1
127510,60076556,80135143,2023-03-04,1
127511,60076209,80134412,2023-02-28,2
127512,60005807,80134413,2023-02-27,2
127514,60075317,80134416,2023-02-27,2
127515,60075667,80134417,2023-02-28,2
127517,60074957,80135144,2023-03-04,1
127518,60076880,80135145,2023-03-06,1
127520,60075799,80134761,2023-03-02,1
127521,60076100,80134762,2023-03-04,1
127522,60076242,80134763,2023-03-02,1
127524,60075367,80134765,2023-03-06,1
127525,60076714,80134766,2023-03-08,1
127526,60076531,80134767,2023-03-06,1
127527,60073410,80135339,2023-03-05,1
127530,60074713,80135343,2023-03-07,1
127531,60077055,80135658,2023-03-10,1
127532,60077057,80135659,2023-03-10,1
127534,60074955,80135148,2023-03-04,1
127535,60076739,80135149,2023-03-09,1
127536,60071392,80135150,2023-03-04,1
127538,60074584,80135346,2023-03-10,1
127539,60073410,80135347,2023-03-06,1
127541,60076782,80135349,2023-03-07,1
127542,60075667,80134418,2023-02-28,2
127545,60074116,80134421,2023-02-28,2
127546,60076479,80134422,2023-03-06,1
127547,60076676,80134423,2023-03-04,1
127549,60076511,80134425,2023-02-28,2
127550,60074141,80134426,2023-02-28,2
127551,60074555,80134427,2023-02-28,2
127553,60076609,80134429,2023-03-06,1
127555,60076287,80135154,2023-03-04,1
127556,60076648,80135350,2023-03-07,1
127558,60075741,80135158,2023-03-07,1
127559,60074838,80135159,2023-03-07,1
127560,60075659,80135160,2023-03-07,1
127561,60075732,80135351,2023-03-04,1
127562,60073824,80135352,2023-03-08,1
127563,60076676,80134430,2023-03-01,1
127564,60075667,80134431,2023-03-02,1
127565,60075667,80134432,2023-02-28,2
127568,60075239,80135353,2023-03-06,1
127569,60075617,80135354,2023-03-10,1
127572,60073410,80135357,2023-03-06,1
127573,60074680,80135358,2023-03-07,1
127575,60076808,80135163,2023-03-07,1
127576,60076287,80135165,2023-03-07,1
127577,60076292,80135167,2023-03-05,1
127578,60074748,80135168,2023-03-06,1
127579,60075078,80135169,2023-03-04,1
127580,60076250,80134769,2023-03-06,1
127582,60076100,80134771,2023-03-04,1
127583,60076807,80134772,2023-03-03,1
127584,60076646,80135359,2023-03-07,1
127585,60075439,80135666,2023-03-09,1
127587,60076639,80135668,2023-03-06,1
127590,60075793,80135362,2023-03-07,1
127591,60071972,80135363,2023-03-07,1
127592,60074141,80134433,2023-02-28,2
127594,60076610,80134435,2023-03-05,1
127596,60009490,80134437,2023-02-27,2
127600,60076650,80134775,2023-03-03,1
127601,60074835,80134776,2023-03-02,1
127602,60076528,80134778,2023-03-02,1
127603,60076451,80134780,2023-03-02,1
127608,60073837,80135372,2023-03-08,1
127611,60076287,80135172,2023-03-07,1
127612,60076792,80135173,2023-03-07,1
127613,60075358,80135174,2023-03-07,1
127614,60075630,80135175,2023-03-06,1
127615,60076999,80135675,2023-03-06,1
127617,60076352,80135677,2023-03-06,1
127618,60075390,80134781,2023-03-07,1
127619,60074835,80134782,2023-03-02,1
127620,60076230,80134783,2023-03-08,1
127621,60076714,80134784,2023-03-03,1
127622,60076708,80134785,2023-03-03,1
127624,60074116,80134439,2023-02-28,2
127625,60076448,80134440,2023-02-28,2
127626,60074146,80134441,2023-02-28,2
127628,60074396,80134443,2023-02-27,2
127629,60074396,80134444,2023-02-28,2
127630,60076937,80135176,2023-03-08,1
127631,60076675,80135177,2023-03-06,1
127633,60076397,80135179,2023-03-04,1
127634,60076675,80135180,2023-03-06,1
127635,60074730,80134787,2023-03-02,1
127636,60076290,80134788,2023-03-05,1
127637,60075908,80134789,2023-03-02,1
127638,60076810,80134790,2023-03-02,1
127639,60076461,80135678,2023-03-06,1
127641,60073864,80135682,2023-03-07,1
127642,60076588,80135683,2023-03-06,1
127643,60076352,80135684,2023-03-05,1
127644,60074559,80134791,2023-03-03,1
127645,60075567,80134792,2023-03-01,1
127649,60076591,80134446,2023-02-28,2
127652,60076675,80135182,2023-03-06,1
127653,60074807,80135183,2023-03-07,1
127654,60074748,80135184,2023-03-06,1
127655,60075630,80135185,2023-03-06,1
127656,60076066,80134795,2023-03-03,1
127657,60075800,80134796,2023-03-02,1
127658,60074142,80134797,2023-03-06,1
127662,60075400,80134450,2023-02-27,2
127664,60075400,80134452,2023-02-28,2
127665,60075747,80134453,2023-02-28,2
127666,60076614,80134454,2023-02-27,2
127668,60075747,80134456,2023-02-28,2
127670,60076230,80134801,2023-03-08,1
127671,60076272,80134802,2023-03-07,1
127673,60076362,80135687,2023-03-06,1
127674,60076449,80135186,2023-03-08,1
127676,60076397,80135188,2023-03-03,1
127678,60076877,80135190,2023-03-03,1
127680,60010010,80134459,2023-02-26,2
127682,60076531,80134461,2023-02-28,2
127683,60076067,80134803,2023-03-01,1
127684,60076033,80134804,2023-03-08,1
127685,60076151,80134805,2023-03-08,1
127686,60076531,80134807,2023-03-06,1
127687,60076033,80134809,2023-03-08,1
127688,60074142,80134811,2023-03-06,1
127690,60010010,80134463,2023-02-26,2
127691,60076766,80134464,2023-03-09,1
127692,60074551,80134465,2023-02-28,2
127693,60074551,80134466,2023-02-28,2
127694,60076766,80134467,2023-03-09,1
127696,60074656,80134469,2023-02-28,2
127697,60076066,80134813,2023-03-03,1
127698,60076801,80134814,2023-03-06,1
127699,60076424,80134815,2023-03-02,1
127700,60077036,80135377,2023-03-08,1
127701,60076714,80134817,2023-03-08,1
127702,60020446,80134818,2023-03-02,1
127703,60076151,80134820,2023-03-08,1
127705,60075367,80134823,2023-03-06,1
127706,60076714,80134824,2023-03-03,1
127708,60076737,80134826,2023-03-07,1
127709,60075067,80134827,2023-03-07,1
127710,60076511,80134471,2023-02-28,2
127712,60076867,80135690,2023-03-06,1
127714,60076458,80135693,2023-03-06,1
127716,60076235,80135695,2023-03-10,1
127717,60075320,80135696,2023-03-06,1
127721,60076185,80134473,2023-02-28,2
127727,60076151,80134828,2023-03-08,1
127728,60076714,80134829,2023-03-08,1
127730,60076033,80134831,2023-03-08,1
127733,60074551,80134479,2023-02-28,2
127736,60076374,80134481,2023-02-27,2
127738,60076365,80134834,2023-03-01,1
127739,60075545,80135385,2023-03-09,1
127740,60073294,80135387,2023-03-08,1
127742,60074730,80134836,2023-03-02,1
127743,60074583,80134837,2023-03-10,1
127744,60076210,80134482,2023-02-27,2
127745,60074583,80134483,2023-03-10,1
127747,60076033,80134838,2023-03-08,1
127748,60076123,80134839,2023-03-02,1
127750,60075340,80135391,2023-03-08,1
127751,60076955,80135392,2023-03-06,1
127753,60077033,80135702,2023-03-09,1
127755,60076737,80134841,2023-03-07,1
127758,60074098,80134485,2023-03-07,1
127759,60072637,80134486,2023-03-02,1
127761,60075308,80134488,2023-02-28,2
127762,60076452,80134489,2023-02-28,2
127763,60074562,80134844,2023-03-03,1
127765,60076714,80134847,2023-03-03,1
127767,60074486,80134490,2023-02-27,2
127768,60075347,80134491,2023-02-27,2
127769,60076296,80134492,2023-02-26,2
127770,60074490,80134493,2023-02-27,2
127771,60075174,80134495,2023-02-27,2
127773,60076206,80135399,2023-03-10,1
127774,60076528,80134849,2023-03-02,1
127775,60075918,80134850,2023-03-08,1
127777,60076667,80135400,2023-03-08,1
127778,60076736,80135402,2023-03-08,1
127780,60074502,80134497,2023-02-27,2
127781,60074502,80134498,2023-02-27,2
127784,60076240,80134501,2023-02-27,2
127785,60076714,80134854,2023-03-08,1
127787,60071466,80134856,2023-03-08,1
127788,60076067,80134857,2023-03-01,1
127789,60076459,80134502,2023-03-06,1
127790,60075322,80134503,2023-03-02,1
127793,60075583,80134507,2023-03-01,1
127794,60074133,80135404,2023-03-08,1
127796,60074644,80134509,2023-03-03,1
127798,60076623,80134858,2023-03-02,1
127799,60076714,80134859,2023-03-03,1
127800,60076764,80134860,2023-03-03,1
127801,60041474,80134861,2023-03-02,1
127803,60075979,80135410,2023-03-07,1
127804,60074120,80134512,2023-02-28,2
127806,60052353,80134514,2023-02-28,2
127809,60076297,80135705,2023-03-06,1
127813,60076714,80134864,2023-03-03,1
127816,60076695,80134519,2023-03-07,1
127818,60076690,80134522,2023-03-08,1
127821,60076660,80135411,2023-03-08,1
127825,60076585,80135191,2023-03-03,1
127827,60076995,80135193,2023-03-06,1
127828,60076397,80135194,2023-03-10,1
127830,60076875,80135197,2023-03-08,1
127834,60074142,80134868,2023-03-06,1
127836,60074778,80134526,2023-03-03,1
127837,60075263,80134527,2023-03-02,1
127839,60076272,80134871,2023-03-01,1
127843,60076007,80134532,2023-03-08,1
127847,60075376,80135710,2023-03-09,1
127850,60076681,80135200,2023-03-02,1
127851,60076681,80135201,2023-03-07,1
127852,60020446,80134872,2023-03-02,1
127853,60076272,80134873,2023-03-01,1
127854,60076127,80134874,2023-03-04,1
127856,60076486,80134540,2023-03-02,1
127859,60070796,80135712,2023-03-10,1
127860,60076917,80135713,2023-03-07,1
127861,60076688,80135204,2023-03-07,1
127862,60075046,80134543,2023-03-10,1
127863,60074676,80134544,2023-03-03,1
127864,60073308,80134545,2023-03-02,1
127865,60075797,80134546,2023-03-02,1
127867,60076100,80134877,2023-03-04,1
127868,60043211,80134878,2023-03-05,1
127869,60076800,80134879,2023-03-07,1
127870,60076230,80134880,2023-03-08,1
127872,60076873,80134882,2023-03-07,1
127873,60076078,80135714,2023-03-06,1
127874,60073864,80135715,2023-03-07,1
127875,60076291,80135716,2023-03-06,1
127877,60076918,80135718,2023-03-07,1
127878,60076681,80135207,2023-03-07,1
127879,60076876,80134884,2023-03-06,1
127880,60076522,80134885,2023-03-02,1
127885,60077015,80135421,2023-03-08,1
127886,60076667,80135423,2023-03-08,1
127887,60075935,80135424,2023-03-10,1
127888,60074764,80135427,2023-03-06,1
127889,60076949,80135428,2023-03-07,1
127890,60076916,80135726,2023-03-06,1
127891,60076842,80135727,2023-03-07,1
127892,60076291,80135728,2023-03-06,1
127893,60075520,80135729,2023-03-08,1
127894,60076729,80135730,2023-03-09,1
127895,60075743,80135731,2023-03-09,1
127896,60070793,80135732,2023-03-10,1
127897,60077099,80135969,2023-03-09,1
127901,60074982,80135976,2023-03-09,1
127903,60076423,80135215,2023-03-09,1
127908,60076461,80135735,2023-03-05,1
127909,60076757,80135738,2023-03-09,1
127912,60076575,80134886,2023-03-03,1
127914,60076151,80134888,2023-03-08,1
127921,60075344,80135220,2023-03-10,1
127922,60076853,80135222,2023-03-09,1
127927,60059672,80136001,2023-03-10,1
127928,60076167,80136002,2023-03-10,1
127929,60074714,80136003,2023-03-09,1
127930,60005807,80136004,2023-03-10,1
127932,60076888,80135433,2023-03-08,1
127933,60055151,80135434,2023-03-07,1
127936,60076588,80135739,2023-03-06,1
127938,60075923,80135743,2023-03-06,1
127940,60076982,80136005,2023-03-10,1
127941,60077057,80136006,2023-03-09,1
127943,60076100,80134891,2023-03-04,1
127944,60076982,80136015,2023-03-10,1
127945,60074133,80135224,2023-03-08,1
127947,60075344,80135227,2023-03-10,1
127948,60075345,80135228,2023-03-10,1
127949,60076781,80135229,2023-03-06,1
127950,60076119,80135230,2023-03-07,1
127953,60076887,80135234,2023-03-07,1
127956,60075435,80135238,2023-03-09,1
127959,60075501,80135241,2023-03-07,1
127961,60075861,80135243,2023-03-08,1
127962,60076421,80136017,2023-03-10,1
127964,60074923,80135746,2023-03-08,1
127966,60076849,80135748,2023-03-09,1
127967,60020975,80135441,2023-03-07,1
127968,60075583,80136027,2023-03-10,1
127971,60076982,80136028,2023-03-10,1
127972,60077057,80136029,2023-03-10,1
127973,60076982,80136030,2023-03-10,1
127974,60076982,80136034,2023-03-10,1
127975,60020446,80134894,2023-03-02,1
127976,60075920,80134895,2023-03-03,1
127978,60072049,80134897,2023-03-03,1
127979,60076708,80135443,2023-03-08,1
127980,60075579,80135444,2023-03-07,1
127981,60076645,80135445,2023-03-07,1
127982,60076800,80134898,2023-03-07,1
127983,60076888,80134899,2023-03-07,1
127985,60076887,80134901,2023-03-03,1
127987,60075706,80136040,2023-03-10,1
127988,60075868,80134903,2023-03-05,1
127990,60076522,80134906,2023-03-03,1
127991,60075838,80134907,2023-03-02,1
127993,60076521,80134909,2023-03-02,1
127994,60076400,80134910,2023-03-06,1
127996,60076400,80134912,2023-03-06,1
127997,60075582,80136057,2023-03-10,1
127998,60076511,80136058,2023-03-10,1
127999,60076982,80135753,2023-03-08,1
128000,60073278,80135754,2023-03-10,1
128002,60076511,80136060,2023-03-10,1
128005,60076670,80135761,2023-03-09,1
128006,60075513,80135762,2023-03-08,1
128009,60026033,80135766,2023-03-08,1
128011,60076899,80135768,2023-03-07,1
128014,60076850,80135772,2023-03-07,1
128016,60076289,80135245,2023-03-07,1
128017,60076293,80135246,2023-03-06,1
128018,60076293,80135247,2023-03-07,1
128020,60076881,80135250,2023-03-08,1
128022,60076293,80135253,2023-03-07,1
128024,60076654,80135255,2023-03-07,1
128025,60076729,80135775,2023-03-09,1
128027,60074609,80135446,2023-03-08,1
128029,60075423,80135778,2023-03-09,1
128030,60076840,80135779,2023-03-08,1
128031,60075545,80135781,2023-03-09,1
128033,60075884,80135451,2023-03-06,1
128034,60041474,80134914,2023-03-02,1
128035,60076033,80134915,2023-03-08,1
128036,60075908,80134916,2023-03-02,1
128038,60076574,80134919,2023-03-10,1
128039,60075861,80135256,2023-03-08,1
128040,60076289,80135258,2023-03-06,1
128041,60076982,80135782,2023-03-08,1
128042,60076734,80135783,2023-03-08,1
128044,60075744,80135784,2023-03-09,1
128045,60076840,80135785,2023-03-09,1
128046,60076250,80134920,2023-03-05,1
128047,60074142,80134921,2023-03-07,1
128048,60076033,80134922,2023-03-08,1
128050,60074719,80134924,2023-03-07,1
128051,60071078,80135457,2023-03-07,1
128053,60076136,80135786,2023-03-08,1
128054,60075421,80135787,2023-03-08,1
128055,60076982,80135788,2023-03-08,1
128056,60076901,80135789,2023-03-08,1
128057,60076840,80135790,2023-03-08,1
128058,60074558,80135260,2023-03-06,1
128059,60076289,80135261,2023-03-06,1
128060,60074500,80135264,2023-03-09,1
128061,60076734,80135791,2023-03-08,1
128062,60075421,80135792,2023-03-08,1
128063,60075744,80135793,2023-03-09,1
128064,60075751,80135794,2023-03-09,1
128065,60076136,80135797,2023-03-08,1
128066,60075422,80135798,2023-03-08,1
128067,60075423,80135801,2023-03-08,1
128068,60076734,80135802,2023-03-08,1
128069,60075422,80135803,2023-03-08,1
128070,60076850,80135804,2023-03-07,1
128072,60075587,80135807,2023-03-07,1
128079,60075918,80134929,2023-03-08,1
128080,60076504,80134930,2023-03-02,1
128083,60076913,80135268,2023-03-07,1
128085,60076994,80135270,2023-03-08,1
128087,60076647,80135272,2023-03-07,1
128088,60076642,80135459,2023-03-06,1
128089,60076345,80135462,2023-03-08,1
128090,60077013,80135463,2023-03-07,1
128091,60076870,80134931,2023-03-03,1
128092,60076870,80134932,2023-03-03,1
128094,60075731,80134934,2023-03-02,1
128096,60074757,80135813,2023-03-07,1
128098,60074534,80135815,2023-03-07,1
128099,60074534,80135816,2023-03-07,1
128100,60075198,80135817,2023-03-07,1
128101,60075198,80135818,2023-03-07,1
128102,60075629,80135819,2023-03-07,1
128103,60076880,80134935,2023-03-06,1
128104,60076336,80134936,2023-03-06,1
128105,60074087,80134937,2023-03-10,1
128106,60073824,80134938,2023-03-07,1
128108,60076641,80135465,2023-03-06,1
128109,60076031,80135466,2023-03-06,1
128110,60074572,80135275,2023-03-09,1
128111,60076681,80135820,2023-03-07,1
128112,60076681,80135821,2023-03-07,1
128114,60076685,80134939,2023-03-06,1
128116,60076781,80135824,2023-03-09,1
128117,60031414,80135825,2023-03-09,1
128120,60076078,80135478,2023-03-06,1
128122,60076919,80134942,2023-03-03,1
128123,60075629,80135827,2023-03-07,1
128124,60077032,80135828,2023-03-09,1
128125,60076622,80135479,2023-03-06,1
128129,60076573,80135836,2023-03-10,1
128131,60076860,80134943,2023-03-06,1
128133,60076811,80135484,2023-03-06,1
128134,60076789,80135485,2023-03-06,1
128136,60075742,80135491,2023-03-08,1
128138,60076362,80135496,2023-03-07,1
128139,60074648,80135497,2023-03-09,1
128140,60075692,80135498,2023-03-09,1
128141,60075467,80135500,2023-03-08,1
128143,60075629,80135840,2023-03-07,1
128144,60076584,80135842,2023-03-07,1
128145,60076370,80135844,2023-03-10,1
128146,60076076,80135845,2023-03-07,1
128147,60075510,80135846,2023-03-07,1
128148,60076076,80135847,2023-03-07,1
128149,60076076,80135848,2023-03-07,1
128150,60074514,80135849,2023-03-07,1
128151,60076823,80135505,2023-03-10,1
128152,60076362,80135508,2023-03-07,1
128153,60074674,80135511,2023-03-07,1
128154,60076485,80135512,2023-03-08,1
128155,60076957,80135513,2023-03-07,1
128156,60075054,80135514,2023-03-07,1
128157,60076558,80135516,2023-03-08,1
128158,60076261,80135850,2023-03-08,1
128160,60075510,80135852,2023-03-07,1
128162,60076250,80135854,2023-03-09,1
128163,60076250,80135855,2023-03-10,1
128164,60075510,80135856,2023-03-07,1
128165,60076077,80135857,2023-03-07,1
128166,60076400,80135859,2023-03-07,1
128167,60076456,80135860,2023-03-09,1
128168,60076576,80135861,2023-03-08,1
128171,60076691,80135526,2023-03-07,1
128172,60057744,80135527,2023-03-06,1
128175,60076468,80135863,2023-03-09,1
128176,60076077,80135864,2023-03-07,1
128179,60057744,80135531,2023-03-06,1
128180,60076691,80135532,2023-03-07,1
128185,60076459,80135869,2023-03-10,1
128186,60076459,80135870,2023-03-10,1
128188,60075991,80135879,2023-03-09,1
128189,60076529,80135882,2023-03-07,1
128190,60076297,80135535,2023-03-06,1
128191,60077047,80135536,2023-03-06,1
128193,60076823,80135539,2023-03-06,1
128194,60075658,80135540,2023-03-06,1
128200,60075357,80135897,2023-03-07,1
128201,60075357,80135898,2023-03-07,1
128202,60075332,80135899,2023-03-08,1
128203,60075545,80135902,2023-03-09,1
128204,60076689,80135542,2023-03-07,1
128205,60076297,80135543,2023-03-06,1
128210,60076135,80135550,2023-03-08,1
128213,60077084,80135908,2023-03-09,1
128214,60076529,80135909,2023-03-07,1
128216,60077046,80135554,2023-03-06,1
128219,60076918,80135910,2023-03-09,1
128220,60077084,80135911,2023-03-09,1
128221,60077084,80135912,2023-03-09,1
128222,60076877,80135914,2023-03-08,1
128223,60076998,80135560,2023-03-09,1
128226,60076918,80135915,2023-03-08,1
128227,60077049,80135916,2023-03-08,1
128228,60076370,80135917,2023-03-09,1
128229,60077049,80135918,2023-03-08,1
128231,60076993,80135565,2023-03-06,1
128232,60077048,80135566,2023-03-06,1
128233,60057744,80135567,2023-03-06,1
128234,60076914,80135571,2023-03-06,1
128236,60076993,80135574,2023-03-06,1
128238,60076936,80135576,2023-03-09,1
128240,60076140,80135579,2023-03-08,1
128243,60075592,80135582,2023-03-09,1
128249,60076190,80135589,2023-03-07,1
128253,60075332,80135934,2023-03-08,1
128257,60076732,80135598,2023-03-09,1
128258,60076732,80135599,2023-03-09,1
128260,60076731,80135601,2023-03-09,1
128261,60076538,80135603,2023-03-07,1
128262,60076012,80135604,2023-03-10,1
128267,60076781,80135936,2023-03-09,1
128268,60076732,80135612,2023-03-09,1
128270,60076914,80135617,2023-03-06,1
128271,60076180,80135618,2023-03-06,1
128275,60076423,80135941,2023-03-09,1
128280,60075320,80135628,2023-03-06,1
128282,60076670,80135952,2023-03-08,1
128283,60076899,80135953,2023-03-09,1
128284,60074407,80135954,2023-03-08,1
128285,60076512,80135955,2023-03-08,1
128286,60076512,80135956,2023-03-08,1
128287,60076902,80135957,2023-03-08,1
128288,60074407,80135958,2023-03-08,1
128289,60075567,80135960,2023-03-10,1
128291,60076554,80135964,2023-03-10,1
128292,60075092,80135967,2023-03-10,1
128294,60075247,80132035,2023-01-31,3
128295,60074490,80132037,2023-01-30,3
128296,60074488,80132038,2023-01-30,3
128297,60075322,80132039,2023-01-31,3
128298,60074486,80132040,2023-01-31,3
128299,60075734,80132041,2023-01-31,3
128301,60074765,80132043,2023-02-07,2
128302,60075753,80132044,2023-01-30,3
128303,60074792,80132045,2023-01-30,3
128305,60074765,80132047,2023-01-31,3
128311,60013028,80132053,2023-01-19,3
128315,60075234,80132058,2023-01-31,3
128317,60011294,80132060,2023-02-06,2
128320,60075269,80132063,2023-01-18,3
128321,60075269,80132065,2023-01-18,3
128323,60075268,80132067,2023-01-18,3
128324,60075423,80132068,2023-02-02,2
128326,60074119,80132070,2023-01-19,3
128327,60074551,80132071,2023-01-30,3
128328,60075139,80132072,2023-02-03,2
128329,60074713,80132073,2023-01-30,3
128330,60074551,80132074,2023-01-30,3
128333,60075958,80132077,2023-01-31,3
128334,60076043,80132078,2023-01-31,3
128335,60075993,80132079,2023-01-31,3
128336,60076015,80132080,2023-01-31,3
128338,60074155,80132082,2023-01-31,3
128339,60074656,80132083,2023-02-03,2
128345,60075882,80132088,2023-01-18,3
128346,60075881,80132090,2023-01-18,3
128348,60071860,80132092,2023-01-30,3
128349,60075870,80132093,2023-01-18,3
128359,60075634,80132104,2023-01-31,3
128361,60074676,80132107,2023-01-31,3
128362,60076031,80132109,2023-01-27,3
128363,60075286,80132110,2023-01-31,3
128366,60076035,80132113,2023-02-08,2
128367,60074597,80132114,2023-02-02,2
128370,60071466,80132117,2023-02-06,2
128372,60074141,80132119,2023-02-01,2
128373,60075092,80132120,2023-01-31,3
128374,60074144,80132121,2023-01-31,3
128375,60074756,80132122,2023-02-06,2
128377,60074713,80132124,2023-01-30,3
128378,60074144,80132125,2023-01-31,3
128380,60074212,80132127,2023-01-19,3
128381,60074117,80132128,2023-02-01,2
128382,60074212,80132129,2023-01-19,3
128383,60075535,80132130,2023-01-19,3
128385,60075604,80132132,2023-01-31,3
128387,60075163,80132134,2023-02-02,2
128389,60075147,80132136,2023-02-08,2
128392,60075658,80132139,2023-01-30,3
128394,60029166,80132141,2023-02-03,2
128400,60072049,80132147,2023-01-30,3
128401,60075908,80132148,2023-01-31,3
128402,60075838,80132149,2023-02-01,2
128404,60043211,80132151,2023-01-30,3
128405,60075908,80132152,2023-01-31,3
128406,60075634,80132154,2023-01-31,3
128408,60074932,80132156,2023-02-05,2
128410,60071972,80132158,2023-01-27,3
128412,60076011,80132161,2023-01-31,3
128415,60075911,80132164,2023-01-31,3
128416,60076011,80132165,2023-01-31,3
128419,60076011,80132168,2023-01-31,3
128420,60076011,80132169,2023-01-31,3
128421,60076011,80132170,2023-01-31,3
128422,60074686,80132171,2023-01-31,3
128429,60075911,80132178,2023-01-31,3
128430,60075973,80132179,2023-02-09,2
128432,60075971,80132181,2023-02-06,2
128433,60076049,80132182,2023-02-07,2
128435,60075909,80132188,2023-02-04,2
128436,60075909,80132189,2023-02-04,2
128439,60075799,80132192,2023-02-02,2
128441,60075884,80132195,2023-01-31,3
128442,60075884,80132196,2023-01-31,3
128445,60072782,80132199,2023-02-03,2
128447,60076030,80132201,2023-01-31,3
128448,60075855,80132202,2023-02-02,2
128449,60075621,80132203,2023-01-31,3
128450,60075979,80132204,2023-02-02,2
128451,60076008,80132205,2023-02-06,2
128452,60075838,80132206,2023-02-01,2
128453,60075451,80132207,2023-02-05,2
128456,60069757,80132209,2023-02-06,2
128458,60075543,80132211,2023-02-03,2
128459,60074117,80132212,2023-02-04,2
128460,60076030,80132213,2023-01-31,3
128461,60076056,80132214,2023-02-07,2
128462,60075926,80132215,2023-01-31,3
128463,60076033,80132216,2023-02-06,2
128466,60049221,80132219,2023-02-14,2
128473,60032290,80132226,2023-02-01,2
128474,60075730,80132227,2023-01-31,3
128475,60075465,80132228,2023-02-01,2
128476,60076045,80132229,2023-02-01,2
128477,60076045,80132230,2023-02-01,2
128479,60075604,80132232,2023-01-31,3
128481,60075667,80132234,2023-01-31,3
128486,60075573,80132239,2023-01-31,3
128491,60075198,80132243,2023-01-31,3
128492,60075629,80132244,2023-01-31,3
128493,60075357,80132245,2023-01-31,3
128494,60075332,80132246,2023-01-31,3
128496,60074645,80132248,2023-02-13,2
128497,60074534,80132249,2023-01-31,3
128502,60074117,80132254,2023-02-04,2
128503,60075510,80132255,2023-01-31,3
128506,60075921,80132259,2023-02-02,2
128508,60074407,80132261,2023-01-31,3
128511,60075492,80132264,2023-01-31,3
128513,60009490,80132266,2023-02-03,2
128514,60075852,80132267,2023-01-31,3
128517,60075149,80132270,2023-01-31,3
128519,60076049,80132272,2023-02-07,2
128522,60075070,80132275,2023-02-05,2
128524,60076077,80132277,2023-01-31,3
128525,60075046,80132278,2023-02-06,2
128526,60076076,80132279,2023-01-31,3
128531,60075070,80132284,2023-02-05,2
128532,60076077,80132285,2023-01-31,3
128535,60075422,80132288,2023-02-09,2
128536,60057789,80132289,2023-02-08,2
128541,60075778,80132294,2023-02-01,2
128542,60075074,80132295,2023-02-06,2
128544,60075078,80132297,2023-02-06,2
128547,60076076,80132300,2023-01-31,3
128551,60075730,80132304,2023-01-31,3
128560,60057789,80132313,2023-02-08,2
128575,60075390,80132328,2023-02-04,2
128577,60074745,80132330,2023-01-31,3
128585,60075659,80132338,2023-01-31,3
128587,60020975,80132340,2023-02-09,2
128588,60074722,80132341,2023-02-09,2
128592,60075857,80132346,2023-02-27,2
128594,60075949,80132348,2023-01-31,3
128598,60074835,80132353,2023-01-31,3
128601,60074130,80132356,2023-02-01,2
128606,60075976,80132361,2023-02-05,2
128610,60075888,80132365,2023-02-02,2
128615,60075811,80132370,2023-02-06,2
128616,60074479,80132371,2023-02-02,2
128623,60075830,80132378,2023-02-11,2
128624,60074667,80132379,2023-02-01,2
128631,60075497,80132386,2023-02-06,2
128632,60075835,80132387,2023-02-07,2
128636,60075928,80132391,2023-02-07,2
128637,60075791,80132392,2023-02-06,2
128647,60075804,80132395,2023-02-07,2
128648,60075836,80132396,2023-02-07,2
128649,60075808,80132397,2023-02-07,2
