Servicing Agent,CUTOFF,FYP(-),FYP(+)
60000194,20230131,0.0,0.0
60000449,20230131,0.0,0.0
60000482,20230131,0.0,16026000.0
60000564,20230131,0.0,0.0
60000717,20230131,0.0,16141000.0
60000727,20230131,0.0,51640000.0
60000908,20230131,0.0,0.0
60001094,20230131,0.0,0.0
60001255,20230131,0.0,0.0
60001457,20230131,0.0,761500.0
60001470,20230131,0.0,514100.0
60001894,20230131,0.0,0.0
60002084,20230131,0.0,0.0
60002504,20230131,0.0,0.0
60002860,20230131,0.0,20100.0
60002954,20230131,0.0,0.0
60003391,20230131,0.0,0.0
60003427,20230131,0.0,0.0
60003542,20230131,0.0,945800.0
60004295,20230131,0.0,271300.0
60004663,20230131,0.0,0.0
60004979,20230131,0.0,0.0
60005229,20230131,0.0,3192300.0
60005359,20230131,0.0,577900.0
60005410,20230131,0.0,0.0
60005526,20230131,0.0,1119200.0
60005617,20230131,0.0,0.0
60005648,20230131,0.0,0.0
60005660,20230131,0.0,10178000.0
60005705,20230131,0.0,0.0
60005760,20230131,0.0,0.0
60005858,20230131,0.0,312500.0
60005897,20230131,0.0,12289000.0
60005947,20230131,0.0,1248800.0
60006168,20230131,0.0,19000.0
60006251,20230131,0.0,132000.0
60006440,20230131,0.0,18002000.0
60006447,20230131,0.0,1584500.0
60006569,20230131,0.0,439600.0
60006589,20230131,0.0,0.0
60006625,20230131,0.0,0.0
60006667,20230131,0.0,0.0
60006668,20230131,0.0,0.0
60006669,20230131,0.0,0.0
60006672,20230131,0.0,0.0
60006677,20230131,0.0,16558000.0
60006707,20230131,0.0,221000.0
60006743,20230131,0.0,0.0
60006754,20230131,0.0,16595000.0
60006786,20230131,0.0,10223000.0
60006894,20230131,0.0,80873000.0
60006914,20230131,0.0,0.0
60006916,20230131,0.0,0.0
60006926,20230131,0.0,0.0
60007095,20230131,0.0,0.0
60007127,20230131,0.0,0.0
60007165,20230131,0.0,0.0
60007492,20230131,0.0,116800.0
60007528,20230131,0.0,874700.0
60007595,20230131,0.0,0.0
60007655,20230131,0.0,322000.0
60007696,20230131,0.0,0.0
60007702,20230131,0.0,0.0
60007707,20230131,0.0,0.0
60007708,20230131,0.0,92353200.0
60007710,20230131,0.0,505300.0
60007717,20230131,0.0,381600.0
60007834,20230131,0.0,0.0
60007847,20230131,0.0,637100.0
60008144,20230131,0.0,375800.0
60008153,20230131,0.0,88800.0
60008248,20230131,0.0,370800.0
60008296,20230131,0.0,15572000.0
60008299,20230131,0.0,263200.0
60008316,20230131,0.0,330200.0
60008318,20230131,0.0,0.0
60008350,20230131,0.0,135300.0
60008398,20230131,0.0,267600.0
60008405,20230131,0.0,0.0
60008440,20230131,0.0,947500.0
60008447,20230131,0.0,0.0
60008469,20230131,0.0,16623000.0
60008543,20230131,0.0,8249000.0
60008571,20230131,0.0,0.0
60008572,20230131,0.0,259400.0
60008585,20230131,0.0,0.0
60008631,20230131,0.0,0.0
60008637,20230131,0.0,1201200.0
60008710,20230131,0.0,297900.0
60008718,20230131,0.0,435200.0
60008776,20230131,0.0,19206900.0
60008788,20230131,0.0,0.0
60008849,20230131,0.0,218800.0
60008853,20230131,0.0,0.0
60008893,20230131,0.0,805200.0
60008927,20230131,0.0,35674900.0
60008928,20230131,0.0,12373700.0
60008930,20230131,0.0,10568000.0
60008936,20230131,0.0,12122000.0
60008938,20230131,0.0,0.0
60008953,20230131,0.0,0.0
60008955,20230131,0.0,312000.0
60008972,20230131,0.0,0.0
60009025,20230131,0.0,0.0
60009026,20230131,0.0,75600.0
60009098,20230131,0.0,0.0
60009100,20230131,0.0,0.0
60009114,20230131,0.0,0.0
60009123,20230131,0.0,573400.0
60009139,20230131,0.0,0.0
60009248,20230131,0.0,372200.0
60009300,20230131,0.0,257400.0
60009335,20230131,0.0,0.0
60009348,20230131,0.0,265800.0
60009402,20230131,0.0,0.0
60009481,20230131,0.0,0.0
60009490,20230131,0.0,22064000.0
60009496,20230131,0.0,215400.0
60009501,20230131,0.0,0.0
60009597,20230131,0.0,0.0
60009604,20230131,0.0,0.0
60009632,20230131,0.0,987200.0
60009695,20230131,0.0,0.0
60009698,20230131,0.0,0.0
60009733,20230131,0.0,433100.0
60009754,20230131,0.0,0.0
60009770,20230131,0.0,241600.0
60009800,20230131,0.0,7460000.0
60009815,20230131,0.0,0.0
60009868,20230131,0.0,110400.0
60009876,20230131,0.0,0.0
60009895,20230131,0.0,1431700.0
60009925,20230131,0.0,0.0
60009928,20230131,0.0,0.0
60009931,20230131,0.0,0.0
60009998,20230131,0.0,0.0
60010004,20230131,0.0,255500.0
60010007,20230131,0.0,286700.0
60010102,20230131,0.0,292900.0
60010297,20230131,0.0,18050000.0
60010307,20230131,0.0,0.0
60010314,20230131,0.0,378000.0
60010418,20230131,0.0,0.0
60010424,20230131,0.0,362000.0
60010440,20230131,0.0,0.0
60010560,20230131,0.0,0.0
60010691,20230131,0.0,0.0
60010705,20230131,0.0,0.0
60010785,20230131,0.0,0.0
60010810,20230131,0.0,487600.0
60010828,20230131,0.0,0.0
60010830,20230131,0.0,0.0
60010896,20230131,0.0,197700.0
60010920,20230131,0.0,253300.0
60010925,20230131,0.0,0.0
60010948,20230131,0.0,0.0
60010957,20230131,0.0,5184000.0
60011083,20230131,0.0,0.0
60011112,20230131,0.0,48500.0
60011125,20230131,0.0,100000.0
60011127,20230131,0.0,102200.0
60011147,20230131,0.0,0.0
60011220,20230131,0.0,95000.0
60011224,20230131,0.0,510400.0
60011277,20230131,0.0,0.0
60011294,20230131,0.0,10029000.0
60011299,20230131,0.0,0.0
60011319,20230131,0.0,0.0
60011331,20230131,0.0,0.0
60011375,20230131,0.0,0.0
60011382,20230131,0.0,0.0
60011395,20230131,0.0,115900.0
60011529,20230131,0.0,0.0
60011561,20230131,0.0,185800.0
60011562,20230131,0.0,909800.0
60011576,20230131,0.0,0.0
60011582,20230131,0.0,0.0
60011631,20230131,0.0,0.0
60011633,20230131,0.0,0.0
60011716,20230131,0.0,0.0
60011752,20230131,0.0,240500.0
60011794,20230131,0.0,0.0
60011799,20230131,0.0,169900.0
60011862,20230131,0.0,0.0
60011880,20230131,0.0,382900.0
60011898,20230131,0.0,340300.0
60011915,20230131,0.0,0.0
60011925,20230131,0.0,0.0
60011927,20230131,0.0,0.0
60011951,20230131,0.0,307100.0
60011952,20230131,0.0,0.0
60011973,20230131,0.0,0.0
60012001,20230131,0.0,0.0
60012011,20230131,0.0,239500.0
60012035,20230131,0.0,0.0
60012054,20230131,0.0,0.0
60012081,20230131,0.0,9432000.0
60012128,20230131,0.0,206600.0
60012161,20230131,0.0,0.0
60012163,20230131,0.0,100000.0
60012169,20230131,0.0,0.0
60012230,20230131,0.0,226100.0
60012232,20230131,0.0,302900.0
60012256,20230131,0.0,27978000.0
60012281,20230131,0.0,0.0
60012287,20230131,0.0,84700.0
60012312,20230131,0.0,370000.0
60012401,20230131,0.0,1451100.0
60012429,20230131,0.0,139000.0
60012433,20230131,0.0,0.0
60012478,20230131,0.0,0.0
60012479,20230131,0.0,0.0
60012485,20230131,0.0,276400.0
60012548,20230131,0.0,0.0
60012551,20230131,0.0,184700.0
60012573,20230131,0.0,0.0
60012619,20230131,0.0,20978000.0
60012686,20230131,0.0,392500.0
60012689,20230131,0.0,32300.0
60012700,20230131,0.0,0.0
60012709,20230131,0.0,175800.0
60012729,20230131,0.0,0.0
60012735,20230131,0.0,0.0
60012920,20230131,0.0,0.0
60012932,20230131,0.0,109600.0
60013028,20230131,0.0,10129000.0
60013081,20230131,0.0,0.0
60013104,20230131,0.0,280400.0
60013338,20230131,0.0,0.0
60013398,20230131,0.0,8005000.0
60013438,20230131,0.0,158200.0
60013462,20230131,0.0,0.0
60013628,20230131,0.0,0.0
60013672,20230131,0.0,214100.0
60013734,20230131,0.0,8887000.0
60013742,20230131,0.0,0.0
60013855,20230131,0.0,78200.0
60013890,20230131,0.0,189000.0
60013928,20230131,0.0,91400.0
60014027,20230131,0.0,367500.0
60014118,20230131,0.0,0.0
60014232,20230131,0.0,243500.0
60014356,20230131,0.0,0.0
60014408,20230131,0.0,0.0
60014424,20230131,0.0,33018000.0
60014462,20230131,-14015000.0,4229500.0
60014465,20230131,0.0,8229000.0
60014474,20230131,0.0,318400.0
60014534,20230131,0.0,0.0
60014554,20230131,0.0,0.0
60014569,20230131,0.0,46400.0
60014571,20230131,0.0,164100.0
60014573,20230131,0.0,0.0
60014652,20230131,0.0,0.0
60014700,20230131,0.0,185400.0
60014719,20230131,0.0,0.0
60014728,20230131,0.0,121200.0
60014768,20230131,0.0,400300.0
60014794,20230131,0.0,312000.0
60014817,20230131,0.0,0.0
60014821,20230131,0.0,244300.0
60014843,20230131,0.0,0.0
60014857,20230131,0.0,0.0
60014887,20230131,0.0,221900.0
60014908,20230131,0.0,0.0
60014977,20230131,0.0,1680000.0
60015089,20230131,0.0,0.0
60015191,20230131,0.0,0.0
60015228,20230131,0.0,0.0
60015249,20230131,0.0,501000.0
60015277,20230131,0.0,205800.0
60015378,20230131,0.0,280000.0
60015379,20230131,0.0,0.0
60015381,20230131,0.0,273700.0
60015399,20230131,0.0,133800.0
60015407,20230131,-12000000.0,288500.0
60015415,20230131,0.0,0.0
60015441,20230131,0.0,445800.0
60015446,20230131,0.0,0.0
60015449,20230131,0.0,0.0
60015500,20230131,0.0,0.0
60015524,20230131,0.0,0.0
60015532,20230131,0.0,0.0
60015545,20230131,0.0,128100.0
60015560,20230131,0.0,0.0
60015584,20230131,0.0,0.0
60015587,20230131,0.0,72500.0
60015691,20230131,0.0,498000.0
60015698,20230131,0.0,0.0
60015713,20230131,0.0,30107000.0
60015744,20230131,0.0,0.0
60015749,20230131,0.0,0.0
60015807,20230131,0.0,193700.0
60015906,20230131,0.0,656800.0
60016003,20230131,0.0,0.0
60016048,20230131,0.0,79600.0
60016088,20230131,0.0,764400.0
60016208,20230131,0.0,256100.0
60016222,20230131,0.0,193300.0
60016243,20230131,0.0,452700.0
60016244,20230131,0.0,472700.0
60016286,20230131,0.0,13000000.0
60016287,20230131,0.0,149700.0
60016324,20230131,0.0,614600.0
60016348,20230131,0.0,182700.0
60016349,20230131,0.0,0.0
60016351,20230131,0.0,0.0
60016432,20230131,0.0,0.0
60016451,20230131,0.0,0.0
60016504,20230131,0.0,0.0
60016505,20230131,0.0,0.0
60016512,20230131,0.0,0.0
60016557,20230131,0.0,4295500.0
60016602,20230131,0.0,0.0
60016623,20230131,0.0,0.0
60016698,20230131,0.0,141100.0
60016711,20230131,0.0,497700.0
60016745,20230131,0.0,80600.0
60016764,20230131,0.0,16091000.0
60016778,20230131,0.0,0.0
60016900,20230131,0.0,26500.0
60016950,20230131,0.0,-341400.0
60016973,20230131,0.0,1407500.0
60016979,20230131,0.0,327000.0
60016991,20230131,0.0,0.0
60016997,20230131,0.0,279600.0
60017006,20230131,0.0,0.0
60017014,20230131,0.0,0.0
60017064,20230131,0.0,263700.0
60017069,20230131,0.0,0.0
60017116,20230131,0.0,2814000.0
60017166,20230131,0.0,66600.0
60017184,20230131,0.0,0.0
60017205,20230131,0.0,0.0
60017286,20230131,0.0,212900.0
60017313,20230131,0.0,0.0
60017326,20230131,0.0,330500.0
60017340,20230131,0.0,1160700.0
60017347,20230131,0.0,0.0
60017384,20230131,0.0,190800.0
60017388,20230131,0.0,0.0
60017405,20230131,0.0,0.0
60017429,20230131,0.0,258300.0
60017439,20230131,0.0,0.0
60017473,20230131,0.0,1007000.0
60017514,20230131,0.0,142700.0
60017548,20230131,0.0,600000.0
60017574,20230131,0.0,-216500.0
60017642,20230131,0.0,645400.0
60017698,20230131,0.0,0.0
60017713,20230131,0.0,0.0
60017718,20230131,0.0,1255200.0
60017720,20230131,0.0,0.0
60017777,20230131,0.0,0.0
60017833,20230131,0.0,0.0
60017835,20230131,0.0,0.0
60017843,20230131,0.0,0.0
60017867,20230131,0.0,275200.0
60017993,20230131,0.0,0.0
60018011,20230131,0.0,262900.0
60018012,20230131,0.0,668000.0
60018018,20230131,0.0,362000.0
60018030,20230131,0.0,8009000.0
60018048,20230131,0.0,1628100.0
60018068,20230131,0.0,625900.0
60018132,20230131,0.0,0.0
60018133,20230131,0.0,0.0
60018138,20230131,0.0,0.0
60018139,20230131,0.0,0.0
60018140,20230131,0.0,0.0
60018215,20230131,0.0,720400.0
60018301,20230131,0.0,403000.0
60018341,20230131,0.0,0.0
60018371,20230131,0.0,0.0
60018415,20230131,0.0,186100.0
60018423,20230131,0.0,0.0
60018430,20230131,0.0,-200000.0
60018453,20230131,0.0,0.0
60018485,20230131,0.0,0.0
60018496,20230131,0.0,0.0
60018524,20230131,0.0,0.0
60018614,20230131,0.0,250100.0
60018637,20230131,0.0,152500.0
60018661,20230131,0.0,0.0
60018667,20230131,0.0,252500.0
60018668,20230131,-21210000.0,16663100.0
60018761,20230131,0.0,200000.0
60018764,20230131,0.0,209600.0
60018770,20230131,0.0,0.0
60018788,20230131,0.0,0.0
60018792,20230131,0.0,0.0
60018797,20230131,0.0,0.0
60018798,20230131,0.0,0.0
60018824,20230131,0.0,0.0
60018838,20230131,0.0,466000.0
60018887,20230131,0.0,0.0
60018907,20230131,0.0,9342700.0
60018975,20230131,0.0,0.0
60019008,20230131,0.0,669100.0
60019060,20230131,0.0,0.0
60019075,20230131,0.0,-298900.0
60019090,20230131,0.0,0.0
60019093,20230131,0.0,0.0
60019099,20230131,0.0,0.0
60019100,20230131,-13000000.0,0.0
60019105,20230131,0.0,0.0
60019132,20230131,0.0,64700.0
60019156,20230131,0.0,0.0
60019168,20230131,0.0,0.0
60019169,20230131,0.0,0.0
60019239,20230131,0.0,0.0
60019245,20230131,0.0,52300.0
60019298,20230131,0.0,339600.0
60019306,20230131,0.0,127800.0
60019309,20230131,0.0,0.0
60019326,20230131,0.0,0.0
60019373,20230131,0.0,170600.0
60019374,20230131,0.0,0.0
60019410,20230131,0.0,12000000.0
60019428,20230131,0.0,0.0
60019509,20230131,0.0,0.0
60019648,20230131,0.0,0.0
60019678,20230131,0.0,2600.0
60019685,20230131,0.0,486500.0
60019707,20230131,0.0,10081000.0
60019728,20230131,0.0,350100.0
60019730,20230131,0.0,0.0
60019749,20230131,0.0,501500.0
60019797,20230131,0.0,0.0
60019802,20230131,0.0,0.0
60019994,20230131,0.0,0.0
60020000,20230131,0.0,0.0
60020038,20230131,0.0,280900.0
60020041,20230131,0.0,117400.0
60020064,20230131,0.0,369500.0
60020096,20230131,0.0,86000.0
60020098,20230131,0.0,229700.0
60020115,20230131,0.0,0.0
60020151,20230131,0.0,752300.0
60020190,20230131,0.0,0.0
60020269,20230131,0.0,12062000.0
60020387,20230131,0.0,0.0
60020392,20230131,0.0,0.0
60020444,20230131,0.0,51000.0
60020497,20230131,0.0,541800.0
60020618,20230131,0.0,-27000.0
60020671,20230131,0.0,298800.0
60020680,20230131,0.0,0.0
60020792,20230131,0.0,500000.0
60020825,20230131,0.0,0.0
60020826,20230131,0.0,0.0
60020876,20230131,0.0,286300.0
60020906,20230131,0.0,27600.0
60020911,20230131,0.0,1841000.0
60020925,20230131,0.0,67000.0
60020934,20230131,0.0,0.0
60020956,20230131,0.0,868900.0
60020967,20230131,0.0,0.0
60020975,20230131,0.0,17222000.0
60021031,20230131,0.0,0.0
60021036,20230131,0.0,0.0
60021038,20230131,0.0,281600.0
60021044,20230131,0.0,0.0
60021046,20230131,0.0,96000.0
60021047,20230131,0.0,75900.0
60021104,20230131,0.0,0.0
60021109,20230131,0.0,0.0
60021136,20230131,0.0,3956000.0
60021151,20230131,0.0,584600.0
60021255,20230131,0.0,0.0
60021262,20230131,0.0,0.0
60021264,20230131,0.0,97000.0
60021309,20230131,0.0,0.0
60021352,20230131,0.0,0.0
60021353,20230131,0.0,171600.0
60021355,20230131,0.0,0.0
60021373,20230131,0.0,510200.0
60021374,20230131,0.0,96900.0
60021411,20230131,0.0,503900.0
60021426,20230131,0.0,218100.0
60021471,20230131,0.0,282800.0
60021489,20230131,0.0,187600.0
60021522,20230131,0.0,148100.0
60021572,20230131,0.0,178300.0
60021612,20230131,0.0,0.0
60021638,20230131,0.0,434900.0
60021643,20230131,0.0,0.0
60021657,20230131,0.0,0.0
60021670,20230131,0.0,0.0
60021768,20230131,0.0,570600.0
60021782,20230131,0.0,344700.0
60021820,20230131,0.0,0.0
60021867,20230131,0.0,0.0
60021937,20230131,0.0,830500.0
60021978,20230131,0.0,12000000.0
60022035,20230131,0.0,0.0
60022049,20230131,0.0,286400.0
60022084,20230131,0.0,0.0
60022104,20230131,0.0,0.0
60022199,20230131,0.0,-216700.0
60022202,20230131,0.0,22000000.0
60022216,20230131,0.0,459300.0
60022264,20230131,0.0,0.0
60022274,20230131,0.0,2579000.0
60022306,20230131,0.0,100000.0
60022331,20230131,0.0,0.0
60022354,20230131,0.0,0.0
60022359,20230131,0.0,15519000.0
60022382,20230131,0.0,383500.0
60022403,20230131,0.0,0.0
60022417,20230131,0.0,122200.0
60022433,20230131,0.0,0.0
60022437,20230131,0.0,519200.0
60022448,20230131,0.0,0.0
60022460,20230131,0.0,332800.0
60022467,20230131,0.0,0.0
60022495,20230131,0.0,626900.0
60022519,20230131,0.0,0.0
60022528,20230131,0.0,0.0
60022591,20230131,0.0,160800.0
60022592,20230131,0.0,266900.0
60022661,20230131,0.0,375400.0
60022663,20230131,0.0,0.0
60022665,20230131,0.0,2538400.0
60022691,20230131,0.0,0.0
60022703,20230131,0.0,232600.0
60022726,20230131,0.0,341600.0
60022750,20230131,0.0,395000.0
60022763,20230131,0.0,1330000.0
60022764,20230131,0.0,0.0
60022765,20230131,0.0,0.0
60022768,20230131,0.0,165100.0
60022773,20230131,0.0,0.0
60022774,20230131,0.0,120600.0
60022776,20230131,0.0,261000.0
60022802,20230131,0.0,178800.0
60022822,20230131,0.0,0.0
60022827,20230131,0.0,0.0
60022870,20230131,0.0,114700.0
60022885,20230131,0.0,0.0
60022933,20230131,0.0,0.0
60022937,20230131,0.0,0.0
60022955,20230131,0.0,0.0
60022960,20230131,0.0,972000.0
60022961,20230131,0.0,400600.0
60022968,20230131,0.0,132500.0
60022975,20230131,0.0,156000.0
60023038,20230131,0.0,551500.0
60023039,20230131,0.0,0.0
60023040,20230131,0.0,321400.0
60023050,20230131,0.0,467500.0
60023051,20230131,0.0,71600.0
60023053,20230131,0.0,274000.0
60023058,20230131,0.0,0.0
60023084,20230131,0.0,184600.0
60023122,20230131,0.0,591000.0
60023135,20230131,0.0,0.0
60023159,20230131,0.0,0.0
60023160,20230131,0.0,0.0
60023164,20230131,0.0,621500.0
60023189,20230131,0.0,293600.0
60023201,20230131,0.0,467700.0
60023247,20230131,0.0,357000.0
60023251,20230131,0.0,0.0
60023289,20230131,0.0,164400.0
60023312,20230131,0.0,0.0
60023317,20230131,0.0,0.0
60023323,20230131,0.0,0.0
60023329,20230131,0.0,427400.0
60023333,20230131,0.0,219200.0
60023343,20230131,0.0,0.0
60023357,20230131,0.0,0.0
60023373,20230131,0.0,-580500.0
60023409,20230131,0.0,202500.0
60023433,20230131,0.0,289400.0
60023451,20230131,0.0,1420000.0
60023463,20230131,0.0,0.0
60023481,20230131,0.0,457700.0
60023490,20230131,0.0,0.0
60023493,20230131,0.0,346200.0
60023530,20230131,0.0,0.0
60023535,20230131,0.0,62400.0
60023555,20230131,0.0,0.0
60023566,20230131,0.0,0.0
60023574,20230131,0.0,0.0
60023608,20230131,0.0,0.0
60023615,20230131,0.0,0.0
60023620,20230131,0.0,0.0
60023655,20230131,0.0,0.0
60023678,20230131,0.0,0.0
60023690,20230131,0.0,301400.0
60023705,20230131,0.0,16668000.0
60023717,20230131,0.0,12000000.0
60023737,20230131,0.0,0.0
60023744,20230131,0.0,602800.0
60023752,20230131,0.0,0.0
60023760,20230131,0.0,0.0
60023800,20230131,0.0,0.0
60023834,20230131,0.0,745600.0
60023858,20230131,0.0,0.0
60023861,20230131,0.0,814200.0
60023890,20230131,0.0,0.0
60023917,20230131,0.0,0.0
60023918,20230131,0.0,389500.0
60023940,20230131,0.0,362800.0
60023945,20230131,0.0,0.0
60023963,20230131,0.0,0.0
60024022,20230131,0.0,326200.0
60024038,20230131,0.0,149500.0
60024042,20230131,0.0,0.0
60024050,20230131,0.0,0.0
60024058,20230131,0.0,0.0
60024065,20230131,0.0,0.0
60024104,20230131,0.0,590300.0
60024134,20230131,0.0,116500.0
60024145,20230131,0.0,0.0
60024183,20230131,0.0,39100.0
60024184,20230131,0.0,0.0
60024186,20230131,0.0,160700.0
60024188,20230131,0.0,0.0
60024210,20230131,0.0,0.0
60024218,20230131,0.0,0.0
60024227,20230131,0.0,0.0
60024239,20230131,0.0,155500.0
60024242,20230131,0.0,867000.0
60024250,20230131,0.0,855100.0
60024254,20230131,0.0,211700.0
60024273,20230131,0.0,0.0
60024274,20230131,0.0,0.0
60024278,20230131,0.0,279000.0
60024280,20230131,0.0,70400.0
60024283,20230131,0.0,175000.0
60024286,20230131,0.0,347900.0
60024304,20230131,-12000000.0,29085000.0
60024318,20230131,0.0,238200.0
60024320,20230131,0.0,140200.0
60024325,20230131,0.0,26183800.0
60024365,20230131,0.0,0.0
60024367,20230131,0.0,0.0
60024394,20230131,0.0,0.0
60024471,20230131,0.0,274900.0
60024522,20230131,0.0,1974600.0
60024540,20230131,0.0,0.0
60024550,20230131,0.0,0.0
60024589,20230131,0.0,0.0
60024609,20230131,0.0,0.0
60024649,20230131,0.0,0.0
60024733,20230131,0.0,0.0
60024808,20230131,0.0,0.0
60024816,20230131,0.0,0.0
60024833,20230131,0.0,0.0
60024843,20230131,0.0,0.0
60024844,20230131,0.0,0.0
60024845,20230131,0.0,0.0
60024904,20230131,0.0,0.0
60024916,20230131,0.0,1889200.0
60024921,20230131,0.0,0.0
60024925,20230131,0.0,207800.0
60024951,20230131,0.0,146400.0
60025007,20230131,0.0,53900.0
60025011,20230131,0.0,0.0
60025030,20230131,0.0,197500.0
60025196,20230131,0.0,0.0
60025217,20230131,0.0,0.0
60025234,20230131,0.0,24673700.0
60025243,20230131,0.0,0.0
60025244,20230131,0.0,0.0
60025248,20230131,0.0,0.0
60025280,20230131,0.0,0.0
60025374,20230131,0.0,1253600.0
60025381,20230131,0.0,15086000.0
60025432,20230131,0.0,0.0
60025485,20230131,0.0,0.0
60025509,20230131,0.0,0.0
60025543,20230131,0.0,0.0
60025548,20230131,0.0,0.0
60025570,20230131,0.0,0.0
60025572,20230131,0.0,0.0
60025668,20230131,0.0,0.0
60025685,20230131,0.0,0.0
60025734,20230131,0.0,0.0
60025740,20230131,0.0,0.0
60025741,20230131,0.0,0.0
60025902,20230131,0.0,0.0
60025977,20230131,0.0,0.0
60025995,20230131,0.0,0.0
60025997,20230131,0.0,67400.0
60026018,20230131,0.0,0.0
60026021,20230131,0.0,0.0
60026083,20230131,0.0,636600.0
60026087,20230131,0.0,0.0
60026092,20230131,0.0,0.0
60026101,20230131,0.0,0.0
60026111,20230131,0.0,31923000.0
60026119,20230131,0.0,12459800.0
60026140,20230131,0.0,0.0
60026179,20230131,0.0,0.0
60026216,20230131,0.0,0.0
60026225,20230131,0.0,0.0
60026226,20230131,0.0,0.0
60026306,20230131,0.0,8198000.0
60026332,20230131,0.0,0.0
60026361,20230131,0.0,612600.0
60026372,20230131,0.0,0.0
60026398,20230131,0.0,0.0
60026425,20230131,0.0,0.0
60026469,20230131,0.0,0.0
60026472,20230131,0.0,351500.0
60026501,20230131,0.0,0.0
60026525,20230131,0.0,0.0
60026528,20230131,0.0,0.0
60026529,20230131,0.0,0.0
60026530,20230131,0.0,274000.0
60026561,20230131,0.0,16427000.0
60026573,20230131,0.0,0.0
60026601,20230131,0.0,0.0
60026643,20230131,0.0,0.0
60026644,20230131,0.0,0.0
60026653,20230131,0.0,0.0
60026700,20230131,0.0,0.0
60026703,20230131,0.0,12111000.0
60026712,20230131,0.0,0.0
60026717,20230131,0.0,0.0
60026725,20230131,0.0,0.0
60026739,20230131,0.0,0.0
60026841,20230131,0.0,0.0
60026857,20230131,0.0,0.0
60026861,20230131,0.0,0.0
60026865,20230131,0.0,0.0
60026880,20230131,0.0,0.0
60026954,20230131,0.0,0.0
60027043,20230131,0.0,0.0
60027069,20230131,0.0,0.0
60027073,20230131,0.0,0.0
60027086,20230131,0.0,-200000.0
60027203,20230131,0.0,0.0
60027268,20230131,0.0,0.0
60027309,20230131,0.0,0.0
60027363,20230131,0.0,0.0
60027377,20230131,0.0,10000000.0
60027408,20230131,0.0,178200.0
60027411,20230131,0.0,0.0
60027428,20230131,0.0,0.0
60027443,20230131,0.0,15050000.0
60027446,20230131,0.0,0.0
60027452,20230131,0.0,0.0
60027466,20230131,0.0,0.0
60027473,20230131,0.0,109300.0
60027488,20230131,0.0,15149800.0
60027530,20230131,0.0,0.0
60027534,20230131,0.0,0.0
60027543,20230131,0.0,0.0
60027552,20230131,0.0,0.0
60027565,20230131,0.0,0.0
60027589,20230131,0.0,0.0
60027596,20230131,0.0,16500.0
60027638,20230131,0.0,0.0
60027704,20230131,0.0,214200.0
60027718,20230131,0.0,0.0
60027719,20230131,0.0,743000.0
60027724,20230131,0.0,44800.0
60027758,20230131,0.0,0.0
60027761,20230131,0.0,0.0
60027762,20230131,0.0,0.0
60027776,20230131,0.0,0.0
60027815,20230131,0.0,0.0
60027838,20230131,0.0,0.0
60027839,20230131,0.0,0.0
60027897,20230131,0.0,0.0
60027908,20230131,0.0,18100.0
60027923,20230131,0.0,0.0
60027943,20230131,0.0,0.0
60027952,20230131,0.0,12003000.0
60027964,20230131,0.0,0.0
60028068,20230131,0.0,0.0
60028092,20230131,0.0,0.0
60028093,20230131,0.0,0.0
60028114,20230131,0.0,0.0
60028150,20230131,0.0,0.0
60028154,20230131,0.0,0.0
60028156,20230131,0.0,0.0
60028184,20230131,0.0,0.0
60028261,20230131,0.0,0.0
60028266,20230131,0.0,0.0
60028269,20230131,0.0,0.0
60028290,20230131,0.0,0.0
60028292,20230131,0.0,40001000.0
60028297,20230131,0.0,0.0
60028393,20230131,0.0,0.0
60028442,20230131,0.0,0.0
60028464,20230131,0.0,298000.0
60028475,20230131,0.0,0.0
60028484,20230131,0.0,0.0
60028530,20230131,0.0,863700.0
60028598,20230131,0.0,0.0
60028642,20230131,0.0,0.0
60028650,20230131,0.0,41500.0
60028654,20230131,0.0,0.0
60028657,20230131,0.0,0.0
60028662,20230131,0.0,0.0
60028684,20230131,0.0,0.0
60028706,20230131,0.0,0.0
60028746,20230131,0.0,0.0
60028776,20230131,0.0,0.0
60028779,20230131,0.0,0.0
60028794,20230131,0.0,0.0
60028805,20230131,0.0,0.0
60028812,20230131,0.0,0.0
60028825,20230131,0.0,13948000.0
60028959,20230131,0.0,0.0
60029008,20230131,0.0,0.0
60029056,20230131,0.0,0.0
60029084,20230131,0.0,0.0
60029155,20230131,0.0,0.0
60029166,20230131,0.0,15024000.0
60029218,20230131,0.0,373800.0
60029221,20230131,0.0,0.0
60029261,20230131,0.0,0.0
60029281,20230131,0.0,0.0
60029360,20230131,0.0,0.0
60029384,20230131,0.0,0.0
60029391,20230131,0.0,0.0
60029412,20230131,0.0,0.0
60029413,20230131,0.0,0.0
60029422,20230131,0.0,0.0
60029425,20230131,0.0,0.0
60029455,20230131,0.0,0.0
60029472,20230131,0.0,0.0
60029476,20230131,0.0,0.0
60029548,20230131,0.0,0.0
60029549,20230131,0.0,0.0
60029554,20230131,0.0,0.0
60029567,20230131,0.0,0.0
60029573,20230131,0.0,0.0
60029659,20230131,0.0,15699000.0
60029661,20230131,-13195000.0,0.0
60029696,20230131,0.0,900.0
60029731,20230131,0.0,0.0
60029803,20230131,0.0,0.0
60029805,20230131,0.0,0.0
60029811,20230131,0.0,0.0
60029881,20230131,0.0,0.0
60029901,20230131,0.0,0.0
60029906,20230131,0.0,0.0
60029938,20230131,0.0,4900.0
60029944,20230131,0.0,0.0
60029951,20230131,0.0,0.0
60029983,20230131,0.0,0.0
60030013,20230131,0.0,0.0
60030034,20230131,0.0,0.0
60030066,20230131,0.0,0.0
60030097,20230131,0.0,0.0
60030142,20230131,0.0,0.0
60030195,20230131,0.0,0.0
60030196,20230131,0.0,0.0
60030218,20230131,0.0,0.0
60030230,20230131,0.0,0.0
60030246,20230131,0.0,0.0
60030293,20230131,0.0,0.0
60030320,20230131,0.0,0.0
60030326,20230131,0.0,3275200.0
60030372,20230131,0.0,0.0
60030398,20230131,0.0,0.0
60030420,20230131,0.0,0.0
60030434,20230131,0.0,0.0
60030459,20230131,0.0,0.0
60030486,20230131,0.0,0.0
60030537,20230131,0.0,3387400.0
60030540,20230131,0.0,0.0
60030620,20230131,0.0,4000000.0
60030626,20230131,0.0,0.0
60030647,20230131,0.0,0.0
60030650,20230131,0.0,0.0
60030661,20230131,0.0,0.0
60030677,20230131,0.0,0.0
60030705,20230131,0.0,10633000.0
60030721,20230131,0.0,0.0
60030762,20230131,0.0,0.0
60030789,20230131,0.0,0.0
60030817,20230131,0.0,0.0
60030890,20230131,0.0,0.0
60030892,20230131,0.0,0.0
60030974,20230131,0.0,0.0
60031016,20230131,0.0,0.0
60031018,20230131,0.0,0.0
60031064,20230131,0.0,0.0
60031070,20230131,0.0,0.0
60031105,20230131,0.0,0.0
60031109,20230131,0.0,0.0
60031110,20230131,0.0,0.0
60031155,20230131,0.0,0.0
60031177,20230131,0.0,0.0
60031179,20230131,0.0,0.0
60031187,20230131,0.0,0.0
60031203,20230131,0.0,0.0
60031212,20230131,0.0,0.0
60031222,20230131,0.0,73900.0
60031223,20230131,0.0,100800.0
60031229,20230131,0.0,0.0
60031231,20230131,0.0,0.0
60031245,20230131,0.0,0.0
60031292,20230131,0.0,0.0
60031296,20230131,0.0,0.0
60031298,20230131,0.0,0.0
60031345,20230131,0.0,0.0
60031376,20230131,0.0,0.0
60031379,20230131,0.0,15054000.0
60031386,20230131,0.0,0.0
60031402,20230131,0.0,600.0
60031408,20230131,0.0,0.0
60031413,20230131,0.0,35577000.0
60031416,20230131,0.0,0.0
60031419,20230131,0.0,0.0
60031422,20230131,0.0,0.0
60031442,20230131,0.0,0.0
60031451,20230131,0.0,0.0
60031457,20230131,0.0,0.0
60031502,20230131,0.0,0.0
60031508,20230131,0.0,0.0
60031524,20230131,0.0,0.0
60031538,20230131,0.0,0.0
60031544,20230131,0.0,0.0
60031574,20230131,0.0,0.0
60031596,20230131,0.0,0.0
60031598,20230131,0.0,0.0
60031600,20230131,0.0,100.0
60031631,20230131,0.0,15037000.0
60031635,20230131,0.0,15000000.0
60031639,20230131,0.0,0.0
60031659,20230131,0.0,931000.0
60031676,20230131,0.0,0.0
60031691,20230131,0.0,0.0
60031696,20230131,0.0,0.0
60031752,20230131,0.0,0.0
60031755,20230131,0.0,0.0
60031757,20230131,0.0,0.0
60031767,20230131,0.0,0.0
60031789,20230131,0.0,0.0
60031799,20230131,0.0,21002000.0
60031835,20230131,0.0,0.0
60031840,20230131,0.0,0.0
60031843,20230131,0.0,0.0
60031847,20230131,0.0,62100.0
60031850,20230131,0.0,0.0
60031895,20230131,0.0,0.0
60031910,20230131,0.0,0.0
60031915,20230131,0.0,0.0
60031952,20230131,0.0,0.0
60031954,20230131,0.0,0.0
60031964,20230131,0.0,0.0
60031969,20230131,0.0,15000000.0
60031973,20230131,0.0,0.0
60031994,20230131,0.0,0.0
60032008,20230131,0.0,22809000.0
60032014,20230131,0.0,0.0
60032074,20230131,0.0,0.0
60032078,20230131,0.0,0.0
60032109,20230131,0.0,34100.0
60032123,20230131,0.0,0.0
60032165,20230131,0.0,0.0
60032182,20230131,0.0,0.0
60032184,20230131,0.0,0.0
60032194,20230131,0.0,0.0
60032195,20230131,0.0,0.0
60032197,20230131,0.0,0.0
60032214,20230131,0.0,0.0
60032225,20230131,0.0,32121000.0
60032236,20230131,0.0,0.0
60032245,20230131,0.0,0.0
60032246,20230131,0.0,0.0
60032248,20230131,0.0,0.0
60032259,20230131,0.0,0.0
60032273,20230131,0.0,0.0
60032280,20230131,0.0,13375000.0
60032285,20230131,0.0,0.0
60032287,20230131,0.0,0.0
60032290,20230131,0.0,20154000.0
60032295,20230131,0.0,0.0
60032350,20230131,0.0,0.0
60032385,20230131,0.0,0.0
60032396,20230131,0.0,0.0
60032420,20230131,0.0,210700.0
60032454,20230131,0.0,0.0
60032466,20230131,0.0,0.0
60032485,20230131,0.0,0.0
60032521,20230131,0.0,0.0
60032522,20230131,0.0,0.0
60032527,20230131,0.0,0.0
60032528,20230131,0.0,0.0
60032592,20230131,0.0,0.0
60032645,20230131,0.0,0.0
60032651,20230131,0.0,0.0
60032677,20230131,0.0,0.0
60032691,20230131,0.0,0.0
60032697,20230131,0.0,0.0
60032705,20230131,0.0,0.0
60032706,20230131,0.0,0.0
60032724,20230131,0.0,0.0
60032737,20230131,0.0,0.0
60032741,20230131,0.0,8000.0
60032759,20230131,0.0,16213000.0
60032775,20230131,0.0,6451000.0
60032803,20230131,0.0,0.0
60032814,20230131,0.0,0.0
60032816,20230131,0.0,16000000.0
60032818,20230131,0.0,0.0
60032824,20230131,0.0,0.0
60032826,20230131,0.0,454200.0
60032827,20230131,0.0,480900.0
60032845,20230131,0.0,179000.0
60032847,20230131,0.0,0.0
60032856,20230131,0.0,0.0
60032867,20230131,0.0,0.0
60032871,20230131,0.0,0.0
60032883,20230131,0.0,0.0
60032887,20230131,0.0,0.0
60032889,20230131,0.0,585000.0
60032913,20230131,0.0,0.0
60032916,20230131,0.0,46164300.0
60032959,20230131,0.0,0.0
60032997,20230131,0.0,222300.0
60033016,20230131,0.0,0.0
60033043,20230131,0.0,953600.0
60033044,20230131,0.0,0.0
60033046,20230131,0.0,0.0
60033057,20230131,0.0,500.0
60033072,20230131,0.0,5184900.0
60033105,20230131,0.0,0.0
60033109,20230131,0.0,0.0
60033122,20230131,0.0,0.0
60033123,20230131,0.0,0.0
60033130,20230131,0.0,0.0
60033133,20230131,0.0,0.0
60033143,20230131,0.0,0.0
60033157,20230131,0.0,0.0
60033182,20230131,0.0,0.0
60033210,20230131,0.0,17600.0
60033212,20230131,0.0,0.0
60033223,20230131,0.0,0.0
60033235,20230131,0.0,0.0
60033270,20230131,0.0,0.0
60033277,20230131,0.0,2300.0
60033301,20230131,0.0,0.0
60033308,20230131,0.0,0.0
60033318,20230131,0.0,0.0
60033353,20230131,0.0,0.0
60033361,20230131,0.0,0.0
60033378,20230131,0.0,16380000.0
60033421,20230131,0.0,0.0
60033424,20230131,0.0,0.0
60033469,20230131,0.0,15037000.0
60033471,20230131,0.0,0.0
60033498,20230131,0.0,0.0
60033524,20230131,0.0,0.0
60033545,20230131,0.0,16581000.0
60033584,20230131,0.0,0.0
60033585,20230131,0.0,0.0
60033597,20230131,0.0,0.0
60033602,20230131,0.0,0.0
60033612,20230131,0.0,0.0
60033636,20230131,0.0,3051400.0
60033657,20230131,0.0,0.0
60033658,20230131,0.0,0.0
60033664,20230131,0.0,0.0
60033680,20230131,0.0,0.0
60033700,20230131,0.0,8338000.0
60033716,20230131,0.0,8984000.0
60033791,20230131,0.0,0.0
60033843,20230131,0.0,0.0
60033875,20230131,0.0,0.0
60033881,20230131,0.0,20003000.0
60033884,20230131,0.0,0.0
60033888,20230131,0.0,10032000.0
60033890,20230131,0.0,800.0
60033910,20230131,0.0,0.0
60033927,20230131,0.0,0.0
60033961,20230131,0.0,0.0
60033964,20230131,0.0,0.0
60033967,20230131,0.0,0.0
60033970,20230131,0.0,0.0
60033979,20230131,0.0,0.0
60033989,20230131,0.0,66200.0
60034022,20230131,0.0,0.0
60034046,20230131,0.0,0.0
60034060,20230131,0.0,0.0
60034164,20230131,0.0,0.0
60034196,20230131,0.0,0.0
60034217,20230131,0.0,0.0
60034313,20230131,0.0,0.0
60034347,20230131,0.0,0.0
60034406,20230131,0.0,0.0
60034415,20230131,0.0,0.0
60034461,20230131,0.0,0.0
60034488,20230131,0.0,0.0
60034572,20230131,0.0,0.0
60034632,20230131,0.0,0.0
60034684,20230131,0.0,0.0
60034691,20230131,0.0,0.0
60034709,20230131,0.0,0.0
60034715,20230131,0.0,101700.0
60034781,20230131,0.0,0.0
60034787,20230131,0.0,0.0
60034816,20230131,0.0,0.0
60034828,20230131,0.0,0.0
60034834,20230131,0.0,15604000.0
60034836,20230131,0.0,30970000.0
60034841,20230131,0.0,0.0
60034901,20230131,0.0,0.0
60034902,20230131,0.0,0.0
60034969,20230131,0.0,0.0
60035024,20230131,0.0,0.0
60035028,20230131,0.0,0.0
60035029,20230131,0.0,100000.0
60035040,20230131,0.0,0.0
60035116,20230131,0.0,0.0
60035164,20230131,0.0,0.0
60035181,20230131,0.0,30415000.0
60035194,20230131,0.0,0.0
60035206,20230131,0.0,0.0
60035254,20230131,0.0,0.0
60035256,20230131,0.0,0.0
60035259,20230131,0.0,0.0
60035287,20230131,0.0,0.0
60035303,20230131,0.0,0.0
60035344,20230131,0.0,0.0
60035345,20230131,0.0,0.0
60035374,20230131,0.0,0.0
60035411,20230131,0.0,0.0
60035424,20230131,0.0,0.0
60035441,20230131,0.0,0.0
60035507,20230131,0.0,147900.0
60035536,20230131,0.0,0.0
60035553,20230131,0.0,0.0
60035726,20230131,0.0,20157000.0
60035743,20230131,0.0,0.0
60035763,20230131,0.0,0.0
60035791,20230131,-45690000.0,0.0
60035829,20230131,0.0,0.0
60035873,20230131,0.0,0.0
60035878,20230131,0.0,0.0
60035906,20230131,0.0,0.0
60035943,20230131,0.0,600.0
60035988,20230131,0.0,0.0
60035994,20230131,0.0,0.0
60035997,20230131,0.0,0.0
60036002,20230131,0.0,0.0
60036020,20230131,0.0,0.0
60036032,20230131,0.0,0.0
60036060,20230131,0.0,0.0
60036070,20230131,0.0,0.0
60036079,20230131,0.0,0.0
60036128,20230131,0.0,0.0
60036155,20230131,0.0,0.0
60036167,20230131,0.0,0.0
60036170,20230131,0.0,0.0
60036217,20230131,0.0,0.0
60036220,20230131,0.0,1774000.0
60036280,20230131,0.0,0.0
60036285,20230131,0.0,0.0
60036344,20230131,0.0,0.0
60036387,20230131,0.0,0.0
60036494,20230131,0.0,90700.0
60036498,20230131,0.0,0.0
60036514,20230131,0.0,0.0
60036548,20230131,0.0,0.0
60036556,20230131,0.0,8683000.0
60036580,20230131,0.0,7200.0
60036646,20230131,0.0,0.0
60036662,20230131,0.0,0.0
60036827,20230131,0.0,0.0
60036860,20230131,0.0,0.0
60036883,20230131,0.0,4100.0
60036957,20230131,0.0,31700.0
60036996,20230131,0.0,0.0
60037008,20230131,0.0,25400.0
60037014,20230131,0.0,0.0
60037199,20230131,0.0,0.0
60037230,20230131,0.0,0.0
60037261,20230131,0.0,0.0
60037350,20230131,0.0,0.0
60037354,20230131,0.0,0.0
60037363,20230131,0.0,10000000.0
60037366,20230131,0.0,0.0
60037406,20230131,0.0,0.0
60037442,20230131,0.0,0.0
60037447,20230131,0.0,0.0
60037464,20230131,0.0,0.0
60037465,20230131,0.0,0.0
60037485,20230131,0.0,0.0
60037497,20230131,0.0,22645000.0
60037507,20230131,0.0,0.0
60037515,20230131,0.0,0.0
60037520,20230131,0.0,0.0
60037529,20230131,0.0,0.0
60037560,20230131,0.0,0.0
60037579,20230131,0.0,0.0
60037597,20230131,0.0,0.0
60037598,20230131,0.0,0.0
60037625,20230131,0.0,0.0
60037647,20230131,0.0,0.0
60037648,20230131,0.0,0.0
60037657,20230131,0.0,0.0
60037661,20230131,0.0,0.0
60037677,20230131,0.0,0.0
60037679,20230131,0.0,2165000.0
60037686,20230131,0.0,42197000.0
60037693,20230131,0.0,0.0
60037697,20230131,0.0,0.0
60037706,20230131,0.0,0.0
60037712,20230131,0.0,0.0
60037732,20230131,0.0,0.0
60037756,20230131,0.0,0.0
60037757,20230131,0.0,0.0
60037819,20230131,0.0,0.0
60038080,20230131,0.0,0.0
60038082,20230131,0.0,16680000.0
60038260,20230131,0.0,0.0
60038357,20230131,0.0,0.0
60038392,20230131,0.0,0.0
60038402,20230131,0.0,0.0
60038477,20230131,0.0,620000.0
60038502,20230131,0.0,0.0
60038567,20230131,0.0,0.0
60038578,20230131,0.0,0.0
60038604,20230131,0.0,0.0
60038622,20230131,0.0,0.0
60038634,20230131,0.0,0.0
60038641,20230131,0.0,16001000.0
60038670,20230131,0.0,0.0
60038737,20230131,0.0,22800000.0
60038766,20230131,0.0,0.0
60038803,20230131,0.0,0.0
60038806,20230131,0.0,0.0
60038818,20230131,0.0,323476000.0
60038918,20230131,0.0,0.0
60039013,20230131,0.0,0.0
60039061,20230131,0.0,44000.0
60039140,20230131,0.0,0.0
60039194,20230131,0.0,24091000.0
60039270,20230131,0.0,51131000.0
60039283,20230131,0.0,16125000.0
60039464,20230131,0.0,0.0
60039572,20230131,0.0,12000000.0
60039649,20230131,0.0,0.0
60039660,20230131,0.0,0.0
60039715,20230131,0.0,0.0
60039717,20230131,0.0,12896000.0
60039789,20230131,0.0,0.0
60039802,20230131,0.0,1066500.0
60039803,20230131,0.0,233300.0
60039827,20230131,0.0,0.0
60039845,20230131,0.0,0.0
60039863,20230131,-51220000.0,0.0
60040229,20230131,0.0,0.0
60040261,20230131,0.0,16186000.0
60040264,20230131,0.0,0.0
60040447,20230131,0.0,0.0
60040537,20230131,0.0,78000.0
60040541,20230131,0.0,0.0
60040620,20230131,0.0,0.0
60040745,20230131,0.0,16122000.0
60040902,20230131,0.0,30582700.0
60040905,20230131,0.0,0.0
60040942,20230131,0.0,0.0
60040955,20230131,0.0,0.0
60040965,20230131,0.0,-140000.0
60040986,20230131,0.0,12255000.0
60041028,20230131,0.0,0.0
60041068,20230131,0.0,0.0
60041071,20230131,0.0,0.0
60041082,20230131,0.0,0.0
60041110,20230131,0.0,0.0
60041111,20230131,0.0,0.0
60041174,20230131,0.0,0.0
60041200,20230131,0.0,0.0
60041220,20230131,0.0,0.0
60041228,20230131,0.0,0.0
60041237,20230131,0.0,0.0
60041256,20230131,0.0,0.0
60041262,20230131,0.0,12688000.0
60041291,20230131,0.0,0.0
60041298,20230131,0.0,0.0
60041302,20230131,0.0,20802000.0
60041304,20230131,0.0,0.0
60041308,20230131,0.0,0.0
60041472,20230131,0.0,0.0
60041512,20230131,0.0,0.0
60041526,20230131,0.0,0.0
60041544,20230131,0.0,12229000.0
60041545,20230131,0.0,0.0
60041567,20230131,0.0,0.0
60041648,20230131,0.0,0.0
60041658,20230131,0.0,25059000.0
60041662,20230131,0.0,53355000.0
60041745,20230131,0.0,0.0
60041762,20230131,0.0,0.0
60041775,20230131,0.0,0.0
60041821,20230131,0.0,0.0
60041916,20230131,0.0,0.0
60041963,20230131,0.0,0.0
60041981,20230131,0.0,40101000.0
60042074,20230131,0.0,0.0
60042080,20230131,0.0,0.0
60042128,20230131,0.0,0.0
60042136,20230131,0.0,25158000.0
60042175,20230131,0.0,0.0
60042208,20230131,0.0,0.0
60042310,20230131,0.0,0.0
60042324,20230131,0.0,0.0
60042341,20230131,-33250000.0,0.0
60042352,20230131,0.0,0.0
60042373,20230131,0.0,0.0
60042375,20230131,0.0,0.0
60042492,20230131,0.0,0.0
60042549,20230131,0.0,0.0
60042670,20230131,0.0,98000.0
60042706,20230131,0.0,4528000.0
60042773,20230131,-6438600.0,82307200.0
60042781,20230131,0.0,0.0
60042783,20230131,0.0,-12277100.0
60042798,20230131,0.0,0.0
60042803,20230131,0.0,0.0
60042839,20230131,0.0,0.0
60042878,20230131,0.0,0.0
60043073,20230131,0.0,0.0
60043093,20230131,-11145000.0,0.0
60043100,20230131,0.0,0.0
60043202,20230131,0.0,0.0
60043203,20230131,0.0,0.0
60043211,20230131,0.0,4575000.0
60043234,20230131,0.0,0.0
60043308,20230131,0.0,0.0
60043415,20230131,0.0,0.0
60043424,20230131,0.0,0.0
60043588,20230131,0.0,0.0
60043596,20230131,0.0,0.0
60043718,20230131,0.0,0.0
60043722,20230131,0.0,0.0
60043779,20230131,0.0,318000.0
60043784,20230131,0.0,0.0
60043785,20230131,0.0,0.0
60043799,20230131,0.0,28600.0
60043854,20230131,0.0,0.0
60043918,20230131,0.0,25227000.0
60043923,20230131,0.0,20216000.0
60043984,20230131,0.0,0.0
60043999,20230131,0.0,8674000.0
60044009,20230131,0.0,0.0
60044102,20230131,0.0,0.0
60044305,20230131,0.0,0.0
60044306,20230131,-11259000.0,0.0
60044366,20230131,0.0,0.0
60044521,20230131,0.0,35800.0
60044555,20230131,0.0,12026000.0
60044563,20230131,0.0,0.0
60044712,20230131,0.0,0.0
60044722,20230131,0.0,0.0
60044725,20230131,0.0,-10287000.0
60044819,20230131,0.0,0.0
60044938,20230131,0.0,0.0
60045018,20230131,0.0,0.0
60045076,20230131,0.0,0.0
60045089,20230131,0.0,581000.0
60045120,20230131,0.0,0.0
60045133,20230131,0.0,120500.0
60045169,20230131,0.0,0.0
60045255,20230131,0.0,0.0
60045276,20230131,-17055000.0,0.0
60045305,20230131,0.0,26531000.0
60045327,20230131,0.0,0.0
60045437,20230131,0.0,476000.0
60045441,20230131,0.0,0.0
60045633,20230131,0.0,0.0
60045676,20230131,0.0,392400.0
60045689,20230131,0.0,4583000.0
60045701,20230131,0.0,0.0
60045715,20230131,0.0,0.0
60045802,20230131,0.0,0.0
60045813,20230131,0.0,0.0
60045818,20230131,0.0,0.0
60045840,20230131,0.0,20323000.0
60045858,20230131,0.0,16130000.0
60045862,20230131,0.0,0.0
60045900,20230131,0.0,0.0
60045902,20230131,0.0,0.0
60046025,20230131,0.0,0.0
60046079,20230131,0.0,2649000.0
60046124,20230131,0.0,0.0
60046125,20230131,0.0,0.0
60046151,20230131,0.0,0.0
60046183,20230131,0.0,0.0
60046214,20230131,0.0,36248000.0
60046238,20230131,-65008000.0,9016100.0
60046253,20230131,-95575000.0,0.0
60046261,20230131,0.0,18300.0
60046269,20230131,0.0,0.0
60046287,20230131,0.0,0.0
60046368,20230131,0.0,0.0
60046392,20230131,0.0,0.0
60046470,20230131,0.0,0.0
60046504,20230131,-20425000.0,0.0
60046535,20230131,0.0,0.0
60046561,20230131,0.0,0.0
60046600,20230131,0.0,0.0
60046812,20230131,0.0,0.0
60046818,20230131,0.0,15155000.0
60046843,20230131,0.0,0.0
60046961,20230131,0.0,0.0
60047024,20230131,0.0,0.0
60047037,20230131,0.0,10039000.0
60047089,20230131,0.0,0.0
60047205,20230131,0.0,0.0
60047405,20230131,0.0,33466000.0
60047429,20230131,0.0,0.0
60047519,20230131,0.0,0.0
60047576,20230131,0.0,526100.0
60047638,20230131,0.0,1348000.0
60047641,20230131,0.0,8457000.0
60047665,20230131,0.0,0.0
60047904,20230131,0.0,0.0
60047909,20230131,0.0,1630000.0
60047933,20230131,0.0,0.0
60047939,20230131,0.0,0.0
60048064,20230131,0.0,0.0
60048084,20230131,0.0,0.0
60048208,20230131,0.0,0.0
60048242,20230131,0.0,0.0
60048371,20230131,0.0,0.0
60048611,20230131,0.0,0.0
60048682,20230131,0.0,0.0
60048826,20230131,0.0,0.0
60049108,20230131,0.0,0.0
60049120,20230131,0.0,0.0
60049221,20230131,0.0,15173000.0
60049228,20230131,-28455000.0,15008000.0
60049232,20230131,0.0,0.0
60049386,20230131,0.0,0.0
60049391,20230131,0.0,0.0
60049402,20230131,0.0,0.0
60049418,20230131,0.0,0.0
60049464,20230131,0.0,45100.0
60049525,20230131,0.0,15016000.0
60049558,20230131,0.0,0.0
60049726,20230131,0.0,0.0
60049885,20230131,0.0,0.0
60049941,20230131,0.0,0.0
60050013,20230131,0.0,0.0
60050224,20230131,0.0,21580000.0
60050232,20230131,0.0,12000000.0
60050233,20230131,0.0,0.0
60050279,20230131,0.0,10688000.0
60050349,20230131,0.0,77900.0
60050457,20230131,0.0,0.0
60050483,20230131,0.0,0.0
60050522,20230131,0.0,0.0
60050639,20230131,-8000000.0,0.0
60050719,20230131,0.0,0.0
60050752,20230131,0.0,0.0
60050772,20230131,0.0,0.0
60050803,20230131,0.0,0.0
60050816,20230131,0.0,0.0
60050817,20230131,0.0,0.0
60050824,20230131,0.0,0.0
60050927,20230131,0.0,31506000.0
60050966,20230131,0.0,19600.0
60051003,20230131,0.0,0.0
60051014,20230131,0.0,0.0
60051068,20230131,0.0,0.0
60051072,20230131,0.0,0.0
60051114,20230131,0.0,0.0
60051178,20230131,0.0,0.0
60051181,20230131,0.0,0.0
60051183,20230131,-10000000.0,0.0
60051257,20230131,0.0,0.0
60051262,20230131,0.0,0.0
60051313,20230131,0.0,15543000.0
60051314,20230131,0.0,16550000.0
60051323,20230131,0.0,0.0
60051369,20230131,0.0,0.0
60051553,20230131,0.0,0.0
60051554,20230131,0.0,196000.0
60051584,20230131,0.0,12000000.0
60051596,20230131,0.0,0.0
60051627,20230131,0.0,8100000.0
60051639,20230131,0.0,0.0
60051640,20230131,0.0,0.0
60051692,20230131,0.0,0.0
60051720,20230131,0.0,0.0
60051731,20230131,0.0,0.0
60051732,20230131,0.0,0.0
60051773,20230131,0.0,2528700.0
60051800,20230131,0.0,0.0
60051843,20230131,0.0,0.0
60051888,20230131,0.0,0.0
60051895,20230131,0.0,12684000.0
60051901,20230131,0.0,0.0
60051937,20230131,0.0,0.0
60051992,20230131,0.0,-147800.0
60052055,20230131,0.0,0.0
60052090,20230131,0.0,17794000.0
60052092,20230131,0.0,0.0
60052230,20230131,0.0,0.0
60052239,20230131,0.0,0.0
60052247,20230131,0.0,0.0
60052314,20230131,0.0,0.0
60052315,20230131,0.0,0.0
60052318,20230131,0.0,0.0
60052382,20230131,0.0,0.0
60052391,20230131,0.0,0.0
60052430,20230131,0.0,8007000.0
60052432,20230131,0.0,0.0
60052531,20230131,0.0,0.0
60052549,20230131,0.0,0.0
60052596,20230131,0.0,0.0
60052601,20230131,0.0,0.0
60052633,20230131,0.0,0.0
60052641,20230131,0.0,0.0
60052646,20230131,0.0,20000000.0
60052711,20230131,0.0,0.0
60052756,20230131,0.0,0.0
60052789,20230131,0.0,0.0
60052798,20230131,0.0,0.0
60052873,20230131,0.0,0.0
60052876,20230131,0.0,0.0
60052933,20230131,0.0,0.0
60052952,20230131,0.0,8165000.0
60052984,20230131,0.0,0.0
60052986,20230131,-36092000.0,50000000.0
60052990,20230131,0.0,258000.0
60052995,20230131,0.0,22000000.0
60053045,20230131,0.0,45575000.0
60053047,20230131,0.0,13517000.0
60053048,20230131,0.0,0.0
60053115,20230131,-15000000.0,0.0
60053126,20230131,0.0,0.0
60053138,20230131,0.0,0.0
60053158,20230131,0.0,0.0
60053182,20230131,0.0,0.0
60053193,20230131,0.0,0.0
60053203,20230131,0.0,0.0
60053271,20230131,0.0,0.0
60053274,20230131,0.0,0.0
60053283,20230131,0.0,0.0
60053308,20230131,0.0,0.0
60053352,20230131,0.0,15030000.0
60053378,20230131,0.0,0.0
60053394,20230131,0.0,0.0
60053449,20230131,0.0,0.0
60053461,20230131,0.0,0.0
60053465,20230131,0.0,0.0
60053528,20230131,0.0,0.0
60053611,20230131,0.0,0.0
60053613,20230131,0.0,0.0
60053731,20230131,0.0,0.0
60053789,20230131,0.0,0.0
60053860,20230131,0.0,0.0
60053893,20230131,0.0,0.0
60053940,20230131,0.0,0.0
60053967,20230131,0.0,0.0
60053972,20230131,0.0,31255000.0
60053993,20230131,0.0,4500000.0
60054015,20230131,0.0,0.0
60054016,20230131,0.0,0.0
60054022,20230131,0.0,0.0
60054078,20230131,0.0,0.0
60054091,20230131,0.0,0.0
60054103,20230131,0.0,0.0
60054127,20230131,0.0,45014000.0
60054133,20230131,0.0,223700.0
60054177,20230131,0.0,0.0
60054187,20230131,0.0,21264000.0
60054191,20230131,0.0,0.0
60054229,20230131,0.0,0.0
60054245,20230131,0.0,0.0
60054266,20230131,0.0,15500000.0
60054276,20230131,0.0,162000.0
60054281,20230131,0.0,0.0
60054295,20230131,0.0,0.0
60054336,20230131,0.0,0.0
60054338,20230131,0.0,0.0
60054359,20230131,-5972400.0,0.0
60054472,20230131,0.0,26539000.0
60054473,20230131,0.0,4593000.0
60054476,20230131,0.0,8358000.0
60054478,20230131,0.0,27560000.0
60054480,20230131,0.0,0.0
60054510,20230131,0.0,0.0
60054549,20230131,0.0,0.0
60054572,20230131,0.0,0.0
60054579,20230131,0.0,0.0
60054587,20230131,0.0,0.0
60054604,20230131,0.0,0.0
60054609,20230131,0.0,0.0
60054635,20230131,0.0,0.0
60054688,20230131,0.0,0.0
60054695,20230131,0.0,0.0
60054696,20230131,0.0,0.0
60054702,20230131,0.0,0.0
60054734,20230131,0.0,0.0
60054813,20230131,0.0,0.0
60054825,20230131,0.0,0.0
60054883,20230131,0.0,0.0
60054895,20230131,0.0,0.0
60054960,20230131,0.0,0.0
60054979,20230131,0.0,0.0
60055010,20230131,0.0,16004000.0
60055017,20230131,0.0,0.0
60055035,20230131,0.0,0.0
60055041,20230131,0.0,0.0
60055095,20230131,0.0,17326000.0
60055101,20230131,0.0,4505000.0
60055110,20230131,0.0,0.0
60055134,20230131,0.0,0.0
60055137,20230131,0.0,25009000.0
60055194,20230131,-110070000.0,0.0
60055261,20230131,0.0,12030000.0
60055273,20230131,0.0,895000.0
60055323,20230131,0.0,18143000.0
60055325,20230131,0.0,0.0
60055371,20230131,0.0,0.0
60055379,20230131,0.0,32017000.0
60055419,20230131,0.0,0.0
60055421,20230131,0.0,0.0
60055451,20230131,0.0,0.0
60055465,20230131,0.0,0.0
60055466,20230131,0.0,0.0
60055533,20230131,0.0,0.0
60055536,20230131,0.0,0.0
60055569,20230131,0.0,0.0
60055614,20230131,0.0,4688000.0
60055623,20230131,0.0,4564000.0
60055648,20230131,0.0,15935000.0
60055663,20230131,0.0,0.0
60055711,20230131,0.0,0.0
60055712,20230131,0.0,0.0
60055714,20230131,0.0,0.0
60055798,20230131,0.0,0.0
60055816,20230131,0.0,12041000.0
60055853,20230131,0.0,0.0
60055891,20230131,0.0,4507000.0
60055919,20230131,0.0,39969000.0
60055929,20230131,0.0,196786000.0
60055930,20230131,0.0,8066000.0
60055932,20230131,0.0,22018000.0
60055933,20230131,0.0,151294000.0
60055934,20230131,0.0,58078000.0
60055935,20230131,0.0,20007000.0
60055936,20230131,0.0,20830000.0
60055939,20230131,0.0,20091000.0
60055940,20230131,0.0,30046000.0
60055955,20230131,0.0,6636000.0
60055972,20230131,-20130000.0,40284000.0
60055973,20230131,0.0,0.0
60056019,20230131,0.0,0.0
60056020,20230131,0.0,15000000.0
60056087,20230131,0.0,0.0
60056091,20230131,0.0,60115000.0
60056108,20230131,0.0,6599000.0
60056176,20230131,0.0,16000000.0
60056187,20230131,0.0,38185000.0
60056210,20230131,0.0,16735000.0
60056221,20230131,0.0,4564000.0
60056240,20230131,0.0,30896000.0
60056249,20230131,-33338000.0,27142000.0
60056252,20230131,0.0,0.0
60056267,20230131,0.0,16317000.0
60056287,20230131,0.0,-1000.0
60056290,20230131,0.0,14966000.0
60056393,20230131,0.0,4532000.0
60056562,20230131,-50000000.0,0.0
60056582,20230131,0.0,15048000.0
60056693,20230131,0.0,16008000.0
60056695,20230131,0.0,4792000.0
60056698,20230131,0.0,4907000.0
60056750,20230131,-8003000.0,0.0
60056857,20230131,0.0,12058000.0
60056908,20230131,0.0,20326000.0
60056934,20230131,0.0,5002000.0
60056936,20230131,0.0,16043000.0
60056955,20230131,0.0,58800.0
60056959,20230131,0.0,16780000.0
60056965,20230131,0.0,7382000.0
60056974,20230131,0.0,8037000.0
60056984,20230131,0.0,0.0
60056991,20230131,0.0,8038000.0
60056992,20230131,0.0,8089000.0
60056997,20230131,0.0,15312000.0
60056998,20230131,0.0,8496000.0
60056999,20230131,0.0,8075000.0
60057000,20230131,0.0,8267000.0
60057048,20230131,0.0,8125000.0
60057050,20230131,0.0,8264000.0
60057063,20230131,0.0,15000000.0
60057169,20230131,0.0,50162000.0
60057170,20230131,0.0,4545000.0
60057214,20230131,0.0,5898000.0
60057279,20230131,0.0,4561000.0
60057288,20230131,0.0,8268000.0
60057289,20230131,0.0,8064000.0
60057290,20230131,0.0,125167000.0
60057331,20230131,0.0,61747900.0
60057335,20230131,0.0,50006000.0
60057336,20230131,0.0,4501000.0
60057342,20230131,0.0,4500000.0
60057385,20230131,0.0,4504000.0
60057388,20230131,0.0,68007000.0
60057389,20230131,0.0,4505000.0
60057391,20230131,0.0,4500000.0
60057405,20230131,0.0,76477000.0
60057466,20230131,0.0,4580000.0
60057593,20230131,0.0,15284100.0
60057700,20230131,0.0,15468000.0
60057705,20230131,0.0,9524000.0
60057747,20230131,0.0,12291000.0
60057762,20230131,0.0,4561000.0
60057764,20230131,0.0,61286000.0
60057769,20230131,0.0,15041000.0
60057789,20230131,0.0,63444000.0
60057794,20230131,0.0,16786000.0
60057857,20230131,-8815000.0,0.0
60057864,20230131,0.0,48416000.0
60057865,20230131,0.0,4516000.0
60057866,20230131,0.0,4500000.0
60057869,20230131,-15162000.0,0.0
60057930,20230131,0.0,20128000.0
60057963,20230131,0.0,4500000.0
60057975,20230131,0.0,16007000.0
60057976,20230131,-16390000.0,0.0
60058013,20230131,0.0,30015000.0
60058033,20230131,0.0,17307000.0
60058060,20230131,0.0,22109000.0
60058064,20230131,0.0,399200.0
60058069,20230131,0.0,0.0
60058126,20230131,0.0,15044000.0
60058129,20230131,0.0,40394000.0
60058135,20230131,0.0,4606000.0
60058138,20230131,0.0,8022000.0
60058139,20230131,0.0,8179000.0
60058140,20230131,0.0,9000000.0
60058142,20230131,0.0,13000000.0
60058239,20230131,-15091000.0,0.0
60058240,20230131,0.0,19000000.0
60058262,20230131,0.0,28410000.0
60058263,20230131,0.0,26459000.0
60058264,20230131,0.0,5245000.0
60058295,20230131,0.0,25854000.0
60058311,20230131,0.0,14460000.0
60058322,20230131,0.0,8511000.0
60058404,20230131,0.0,8478000.0
60058447,20230131,0.0,12141000.0
60058469,20230131,0.0,4530000.0
60058495,20230131,0.0,28878000.0
60058541,20230131,0.0,8083000.0
60058551,20230131,0.0,8064000.0
60058687,20230131,0.0,140000.0
60058709,20230131,0.0,0.0
60058726,20230131,0.0,8266000.0
60058727,20230131,0.0,8010000.0
60058739,20230131,0.0,4583000.0
60058744,20230131,0.0,4610000.0
60058748,20230131,0.0,49555000.0
60058844,20230131,0.0,15000000.0
60058929,20230131,0.0,26950000.0
60058969,20230131,-79274000.0,0.0
60058973,20230131,0.0,108383000.0
60058990,20230131,0.0,51791000.0
60059033,20230131,0.0,78631800.0
60059132,20230131,0.0,12558000.0
60059144,20230131,0.0,40041000.0
60059145,20230131,0.0,106266000.0
60059146,20230131,0.0,70056000.0
60059147,20230131,0.0,30103000.0
60059148,20230131,0.0,20023000.0
60059149,20230131,0.0,40144000.0
60059153,20230131,0.0,15000000.0
60059228,20230131,0.0,12238000.0
60059259,20230131,-15456000.0,0.0
60059283,20230131,0.0,66084000.0
60059297,20230131,0.0,16066000.0
60059310,20230131,0.0,15015000.0
60059311,20230131,0.0,15099000.0
60059352,20230131,-33953000.0,0.0
60059355,20230131,0.0,109031800.0
60059361,20230131,0.0,4500000.0
60059363,20230131,0.0,288000.0
60059396,20230131,0.0,15308000.0
60059409,20230131,0.0,17271000.0
60059511,20230131,0.0,16511000.0
60059617,20230131,-73298000.0,47856000.0
60059660,20230131,0.0,12000000.0
60059661,20230131,0.0,16951000.0
60059672,20230131,0.0,150327000.0
60059816,20230131,0.0,8107000.0
60059869,20230131,0.0,22702000.0
60059981,20230131,-39502000.0,0.0
60059982,20230131,-33692000.0,0.0
60060053,20230131,0.0,0.0
60060431,20230131,0.0,165400.0
60060464,20230131,0.0,10214000.0
60060470,20230131,0.0,17700.0
60060633,20230131,0.0,24100000.0
60060637,20230131,0.0,4655000.0
60060664,20230131,0.0,16138000.0
60060671,20230131,0.0,40342000.0
60060797,20230131,0.0,8197000.0
60060841,20230131,0.0,4525000.0
60061035,20230131,-8284000.0,0.0
60061075,20230131,0.0,17992000.0
60061132,20230131,0.0,18061000.0
60061343,20230131,0.0,31204000.0
60061591,20230131,0.0,-1960000.0
60061600,20230131,-30235000.0,0.0
60061683,20230131,0.0,15645000.0
60061917,20230131,0.0,24426000.0
60061923,20230131,0.0,16274000.0
60061977,20230131,0.0,4530000.0
60062229,20230131,0.0,8171000.0
60062237,20230131,0.0,30000000.0
60062313,20230131,0.0,14629000.0
60062317,20230131,0.0,4809000.0
60062355,20230131,0.0,5022000.0
60062463,20230131,0.0,16674000.0
60062474,20230131,0.0,108147000.0
60062475,20230131,0.0,66223100.0
60062477,20230131,0.0,61247000.0
60063054,20230131,0.0,5039000.0
60063082,20230131,0.0,5024000.0
60063206,20230131,0.0,23025000.0
60063260,20230131,0.0,12460000.0
60063522,20230131,-18790000.0,0.0
60063850,20230131,0.0,18434000.0
60063854,20230131,0.0,16462000.0
60063857,20230131,0.0,12124000.0
60063973,20230131,0.0,19172000.0
60064674,20230131,-18838000.0,155710000.0
60064945,20230131,0.0,29086000.0
60064968,20230131,-29092000.0,-558000.0
60064987,20230131,0.0,11348000.0
60065153,20230131,0.0,248100.0
60065271,20230131,0.0,32657000.0
60065312,20230131,0.0,4562000.0
60065651,20230131,0.0,12000000.0
60066095,20230131,0.0,14121000.0
60066517,20230131,0.0,35192000.0
60066547,20230131,0.0,12127000.0
60066756,20230131,0.0,845000.0
60066766,20230131,0.0,31713000.0
60066784,20230131,0.0,30070000.0
60066792,20230131,0.0,21128000.0
60066796,20230131,0.0,50620000.0
60066803,20230131,0.0,15581000.0
60066840,20230131,0.0,23000.0
60066864,20230131,0.0,15588000.0
60066901,20230131,0.0,50001000.0
60066908,20230131,-15212000.0,0.0
60067077,20230131,-25238000.0,25238000.0
60067090,20230131,-11308000.0,0.0
60067092,20230131,0.0,12651000.0
60067108,20230131,-5596000.0,0.0
60067127,20230131,0.0,26166400.0
60067140,20230131,0.0,8254000.0
60067142,20230131,0.0,8242000.0
60067159,20230131,0.0,16622000.0
60067208,20230131,0.0,8140000.0
60067221,20230131,-37299000.0,0.0
60067224,20230131,-38895000.0,0.0
60067229,20230131,0.0,12286000.0
60067311,20230131,0.0,18990000.0
60067312,20230131,0.0,28803000.0
60067383,20230131,0.0,16356000.0
60067412,20230131,0.0,12001000.0
60067413,20230131,0.0,5245000.0
60067414,20230131,-48806000.0,92265000.0
60067416,20230131,0.0,15008000.0
60067417,20230131,0.0,15037000.0
60067425,20230131,0.0,13448600.0
60067428,20230131,0.0,15173300.0
60067436,20230131,0.0,12000000.0
60067453,20230131,0.0,20154000.0
60067482,20230131,0.0,62700.0
60067517,20230131,-15242000.0,0.0
60067540,20230131,0.0,5086000.0
60067554,20230131,0.0,74300000.0
60067560,20230131,0.0,175650000.0
60067561,20230131,0.0,4593000.0
60067572,20230131,0.0,41660000.0
60067591,20230131,0.0,15096000.0
60067624,20230131,0.0,20909000.0
60067627,20230131,0.0,22666000.0
60067632,20230131,0.0,-8123000.0
60067636,20230131,-39999000.0,36003000.0
60067640,20230131,0.0,25000000.0
60067648,20230131,0.0,50070000.0
60067700,20230131,0.0,4500000.0
60067718,20230131,0.0,100168000.0
60068089,20230131,0.0,40047000.0
60068090,20230131,0.0,40097000.0
60068104,20230131,0.0,65104000.0
60068108,20230131,0.0,26112000.0
60068158,20230131,0.0,10514000.0
60068160,20230131,0.0,30368000.0
60068263,20230131,0.0,18628000.0
60068274,20230131,0.0,14978000.0
60068278,20230131,0.0,15000000.0
60068309,20230131,0.0,16951000.0
60068331,20230131,0.0,153003000.0
60068333,20230131,0.0,10700.0
60068400,20230131,0.0,23300000.0
60068474,20230131,0.0,50013000.0
60068597,20230131,0.0,26877000.0
60068629,20230131,0.0,12392000.0
60068634,20230131,0.0,16082000.0
60068733,20230131,0.0,12331000.0
60068745,20230131,0.0,64599100.0
60068780,20230131,0.0,16357000.0
60068820,20230131,0.0,4514000.0
60068834,20230131,0.0,4519000.0
60068835,20230131,0.0,4615000.0
60068904,20230131,0.0,31469000.0
60068924,20230131,0.0,16952000.0
60069020,20230131,0.0,8034000.0
60069029,20230131,0.0,38188000.0
60069061,20230131,-11595000.0,0.0
60069067,20230131,0.0,50467000.0
60069082,20230131,0.0,15260000.0
60069085,20230131,0.0,14352000.0
60069092,20230131,0.0,16664000.0
60069094,20230131,0.0,12001000.0
60069095,20230131,0.0,4500000.0
60069096,20230131,0.0,4559000.0
60069097,20230131,0.0,4501000.0
60069099,20230131,0.0,9592000.0
60069100,20230131,0.0,18974700.0
60069111,20230131,0.0,4560000.0
60069114,20230131,0.0,30076000.0
60069129,20230131,0.0,16002000.0
60069130,20230131,0.0,4501000.0
60069131,20230131,0.0,4501000.0
60069133,20230131,0.0,22000000.0
60069134,20230131,0.0,23750000.0
60069207,20230131,0.0,41000000.0
60069208,20230131,0.0,25005000.0
60069209,20230131,0.0,25000000.0
60069215,20230131,0.0,8000000.0
60069245,20230131,0.0,31191000.0
60069290,20230131,0.0,20010000.0
60069297,20230131,0.0,16036000.0
60069309,20230131,0.0,20000000.0
60069316,20230131,0.0,4504000.0
60069360,20230131,0.0,13593000.0
60069367,20230131,0.0,72668000.0
60069381,20230131,-22704000.0,0.0
60069385,20230131,0.0,0.0
60069421,20230131,0.0,37500.0
60069488,20230131,0.0,16006000.0
60069537,20230131,0.0,16212000.0
60069543,20230131,0.0,22038000.0
60069547,20230131,0.0,8040000.0
60069645,20230131,0.0,4517000.0
60069713,20230131,0.0,5651000.0
60069725,20230131,0.0,15838000.0
60069757,20230131,0.0,40519000.0
60069820,20230131,0.0,20027000.0
60069832,20230131,0.0,7145000.0
60069836,20230131,0.0,8174000.0
60069876,20230131,-14946000.0,0.0
60069884,20230131,0.0,8367000.0
60069896,20230131,0.0,4546000.0
60070013,20230131,0.0,66004000.0
60070023,20230131,0.0,8086600.0
60070061,20230131,0.0,40010000.0
60070112,20230131,0.0,10282000.0
60070128,20230131,0.0,6008000.0
60070144,20230131,0.0,4514000.0
60070154,20230131,-33033000.0,0.0
60070182,20230131,0.0,4550000.0
60070197,20230131,0.0,4527000.0
60070486,20230131,0.0,16636000.0
60070487,20230131,0.0,4506000.0
60070507,20230131,0.0,4607000.0
60070508,20230131,0.0,4501000.0
60070543,20230131,-45761000.0,0.0
60070645,20230131,0.0,46471000.0
60070704,20230131,0.0,27463000.0
60070705,20230131,0.0,15838000.0
60070706,20230131,0.0,144303000.0
60070717,20230131,0.0,12296000.0
60070720,20230131,0.0,41415000.0
60070740,20230131,0.0,4501000.0
60070747,20230131,0.0,96935000.0
60070767,20230131,-15091000.0,0.0
60070772,20230131,0.0,30469000.0
60070777,20230131,0.0,22590000.0
60070790,20230131,0.0,46150000.0
60070793,20230131,0.0,25859000.0
60070796,20230131,0.0,20684000.0
60070807,20230131,0.0,8201000.0
60070826,20230131,-4500000.0,0.0
60070835,20230131,0.0,44033000.0
60070872,20230131,0.0,40893000.0
60070882,20230131,0.0,40063000.0
60070883,20230131,0.0,16072000.0
60070884,20230131,0.0,8070000.0
60070885,20230131,0.0,23514000.0
60070892,20230131,0.0,24394000.0
60070913,20230131,0.0,20000000.0
60070970,20230131,0.0,41392000.0
60070984,20230131,0.0,34678000.0
60070988,20230131,0.0,350000.0
60071008,20230131,0.0,34584000.0
60071009,20230131,0.0,35089000.0
60071012,20230131,0.0,24371000.0
60071023,20230131,-12000000.0,0.0
60071054,20230131,0.0,8093000.0
60071062,20230131,0.0,27552000.0
60071066,20230131,-20000000.0,0.0
60071080,20230131,0.0,38470000.0
60071103,20230131,0.0,21029000.0
60071142,20230131,0.0,24000000.0
60071168,20230131,0.0,15251000.0
60071194,20230131,0.0,64700.0
60071204,20230131,0.0,50005000.0
60071278,20230131,0.0,22386000.0
60071284,20230131,0.0,16472000.0
60071286,20230131,0.0,15000000.0
60071312,20230131,0.0,10277000.0
60071314,20230131,0.0,0.0
60071316,20230131,-37459000.0,0.0
60071321,20230131,0.0,61423000.0
60071329,20230131,0.0,40383000.0
60071330,20230131,0.0,19913000.0
60071341,20230131,0.0,168025200.0
60071342,20230131,0.0,1066000.0
60071346,20230131,0.0,5056000.0
60071359,20230131,0.0,24676000.0
60071366,20230131,0.0,10910700.0
60071378,20230131,0.0,5006000.0
60071381,20230131,0.0,17927000.0
60071391,20230131,0.0,45557800.0
60071393,20230131,0.0,8095000.0
60071395,20230131,0.0,20819000.0
60071396,20230131,0.0,24092000.0
60071401,20230131,0.0,30884000.0
60071404,20230131,0.0,4829000.0
60071425,20230131,0.0,26079000.0
60071431,20230131,0.0,45572000.0
60071439,20230131,0.0,96316000.0
60071458,20230131,0.0,22722000.0
60071466,20230131,0.0,15033000.0
60071476,20230131,0.0,4581000.0
60071477,20230131,0.0,30374000.0
60071490,20230131,0.0,4500000.0
60071492,20230131,0.0,25500000.0
60071501,20230131,0.0,20046000.0
60071516,20230131,0.0,16002000.0
60071520,20230131,0.0,12012000.0
60071529,20230131,-12004000.0,0.0
60071565,20230131,0.0,67552000.0
60071572,20230131,0.0,15868000.0
60071603,20230131,0.0,17632000.0
60071674,20230131,0.0,20100.0
60071675,20230131,-12015000.0,8210000.0
60071708,20230131,0.0,24174000.0
60071711,20230131,0.0,17148000.0
60071721,20230131,0.0,929900.0
60071722,20230131,0.0,12021000.0
60071731,20230131,0.0,49616000.0
60071760,20230131,0.0,4500000.0
60071761,20230131,0.0,4500000.0
60071801,20230131,0.0,8498000.0
60071835,20230131,0.0,8600000.0
60071836,20230131,0.0,30444000.0
60071855,20230131,0.0,26893000.0
60071856,20230131,0.0,60036000.0
60071859,20230131,-4591000.0,0.0
60071860,20230131,0.0,11101000.0
60071863,20230131,0.0,15179000.0
60071866,20230131,0.0,12001000.0
60071868,20230131,0.0,5000000.0
60071869,20230131,0.0,33006000.0
60071870,20230131,0.0,5003000.0
60071871,20230131,0.0,5003000.0
60071876,20230131,0.0,20113000.0
60071908,20230131,0.0,32058000.0
60071939,20230131,0.0,8018000.0
60071964,20230131,0.0,5061000.0
60071971,20230131,0.0,30000000.0
60071972,20230131,0.0,8113000.0
60071977,20230131,0.0,24048000.0
60071979,20230131,0.0,5032000.0
60071991,20230131,0.0,26737000.0
60071992,20230131,0.0,12750000.0
60071995,20230131,0.0,20040000.0
60072003,20230131,0.0,51535000.0
60072004,20230131,0.0,130795000.0
60072007,20230131,0.0,16206000.0
60072008,20230131,0.0,12806000.0
60072020,20230131,0.0,6186000.0
60072025,20230131,0.0,12886000.0
60072038,20230131,0.0,15025000.0
60072042,20230131,0.0,40064000.0
60072044,20230131,0.0,15022000.0
60072049,20230131,0.0,4525000.0
60072056,20230131,-24000000.0,0.0
60072070,20230131,0.0,20000000.0
60072144,20230131,0.0,20074000.0
60072146,20230131,0.0,8028000.0
60072152,20230131,0.0,20168000.0
60072216,20230131,0.0,37675000.0
60072319,20230131,0.0,20010000.0
60072329,20230131,0.0,12028000.0
60072359,20230131,0.0,20357000.0
60072373,20230131,0.0,24002000.0
60072379,20230131,0.0,25500000.0
60072385,20230131,0.0,12054000.0
60072386,20230131,0.0,24000000.0
60072387,20230131,0.0,24018000.0
60072388,20230131,0.0,24000000.0
60072421,20230131,0.0,35321000.0
60072426,20230131,0.0,22457000.0
60072427,20230131,0.0,12058000.0
60072429,20230131,0.0,4543000.0
60072435,20230131,0.0,42556000.0
60072459,20230131,0.0,16036000.0
60072464,20230131,0.0,24840000.0
60072474,20230131,0.0,17125000.0
60072483,20230131,-12034000.0,0.0
60072484,20230131,0.0,16816000.0
60072494,20230131,0.0,24001000.0
60072507,20230131,0.0,25324000.0
60072514,20230131,0.0,0.0
60072524,20230131,0.0,4549000.0
60072526,20230131,0.0,16000000.0
60072528,20230131,-15000000.0,0.0
60072553,20230131,0.0,12000000.0
60072561,20230131,0.0,30002000.0
60072567,20230131,0.0,50131000.0
60072602,20230131,0.0,24001000.0
60072647,20230131,0.0,29030000.0
60072701,20230131,0.0,41133000.0
60072703,20230131,-5573000.0,5122000.0
60072713,20230131,-8081000.0,0.0
60072718,20230131,0.0,31312000.0
60072767,20230131,0.0,4500000.0
60072780,20230131,0.0,12002000.0
60072782,20230131,0.0,8000000.0
60072787,20230131,0.0,30091000.0
60072795,20230131,0.0,5001000.0
60072796,20230131,0.0,4998000.0
60072798,20230131,0.0,5000000.0
60072973,20230131,0.0,25501000.0
60072989,20230131,0.0,24001000.0
60072990,20230131,0.0,24000000.0
60072991,20230131,0.0,24000000.0
60072993,20230131,0.0,24000000.0
60072996,20230131,0.0,8022000.0
60073026,20230131,0.0,8016000.0
60073042,20230131,0.0,14138000.0
60073049,20230131,0.0,4511000.0
60073055,20230131,-12000000.0,15000000.0
60073058,20230131,0.0,12001000.0
60073059,20230131,0.0,24002000.0
60073060,20230131,0.0,24007000.0
60073061,20230131,0.0,12000000.0
60073062,20230131,0.0,24006000.0
60073064,20230131,0.0,30169000.0
60073065,20230131,0.0,30023000.0
60073066,20230131,0.0,11910000.0
60073069,20230131,0.0,36100000.0
60073079,20230131,0.0,20000000.0
60073084,20230131,-20396000.0,0.0
60073085,20230131,0.0,24006000.0
60073086,20230131,0.0,24002000.0
60073093,20230131,-12573000.0,12225600.0
60073110,20230131,0.0,4500000.0
60073113,20230131,0.0,16230000.0
60073114,20230131,0.0,15024000.0
60073118,20230131,0.0,16023800.0
60073120,20230131,0.0,28367000.0
60073131,20230131,0.0,24010000.0
60073138,20230131,0.0,22275000.0
60073161,20230131,0.0,17139000.0
60073163,20230131,-12000000.0,15662200.0
60073168,20230131,0.0,8000000.0
60073177,20230131,0.0,25253000.0
60073182,20230131,0.0,24427000.0
60073190,20230131,0.0,50020000.0
60073191,20230131,0.0,33205000.0
60073213,20230131,-23918000.0,0.0
60073214,20230131,0.0,23215600.0
60073216,20230131,0.0,31617000.0
60073218,20230131,0.0,16447200.0
60073244,20230131,-41013000.0,5232000.0
60073255,20230131,0.0,80849000.0
60073257,20230131,0.0,40503000.0
60073266,20230131,0.0,8038000.0
60073274,20230131,0.0,4800000.0
60073275,20230131,0.0,30296000.0
60073287,20230131,0.0,15464000.0
60073308,20230131,0.0,27724000.0
60073313,20230131,0.0,15000000.0
60073323,20230131,0.0,11120000.0
60073330,20230131,0.0,8066000.0
60073334,20230131,-24704000.0,0.0
60073340,20230131,-16237000.0,0.0
60073343,20230131,0.0,14128000.0
60073372,20230131,0.0,4502000.0
60073399,20230131,0.0,153800000.0
60073401,20230131,0.0,25218000.0
60073408,20230131,0.0,6000000.0
60073411,20230131,0.0,24007000.0
60073418,20230131,-13254000.0,0.0
60073437,20230131,0.0,24041000.0
60073443,20230131,0.0,33445000.0
60073448,20230131,0.0,24000000.0
60073698,20230131,-15000000.0,0.0
60073726,20230131,0.0,24000000.0
60073734,20230131,0.0,120012000.0
60073749,20230131,0.0,25320000.0
60073751,20230131,0.0,30600000.0
60073752,20230131,0.0,4502000.0
60073769,20230131,0.0,18581000.0
60073781,20230131,0.0,14720000.0
60073786,20230131,0.0,20040000.0
60073794,20230131,0.0,10161000.0
60073797,20230131,0.0,20835000.0
60073810,20230131,-51319000.0,0.0
60073819,20230131,0.0,8197000.0
60073832,20230131,0.0,6337000.0
60073849,20230131,0.0,15100.0
60073859,20230131,0.0,26449000.0
60073864,20230131,0.0,20027000.0
60073866,20230131,0.0,15007000.0
60073921,20230131,0.0,32000000.0
60074031,20230131,0.0,24087000.0
60074035,20230131,0.0,15004000.0
60074052,20230131,-24114000.0,0.0
60074070,20230131,0.0,15024000.0
60074087,20230131,0.0,23483000.0
60074090,20230131,0.0,4555000.0
60074092,20230131,0.0,15028000.0
60074094,20230131,0.0,16202000.0
60074111,20230131,0.0,11000000.0
60074116,20230131,0.0,24782000.0
60074117,20230131,0.0,73333000.0
60074118,20230131,0.0,30018000.0
60074119,20230131,0.0,18716000.0
60074123,20230131,0.0,16092000.0
60074125,20230131,0.0,16000000.0
60074130,20230131,0.0,12228000.0
60074131,20230131,-8750000.0,0.0
60074132,20230131,-8183000.0,0.0
60074141,20230131,0.0,36309000.0
60074142,20230131,0.0,25166000.0
60074144,20230131,0.0,24257000.0
60074147,20230131,0.0,20000000.0
60074148,20230131,0.0,30022000.0
60074152,20230131,0.0,0.0
60074153,20230131,0.0,0.0
60074154,20230131,0.0,10573000.0
60074155,20230131,0.0,12138000.0
60074208,20230131,0.0,23094000.0
60074212,20230131,0.0,28559000.0
60074214,20230131,0.0,24103000.0
60074228,20230131,-8086000.0,0.0
60074266,20230131,0.0,12715000.0
60074396,20230131,0.0,32081000.0
60074407,20230131,0.0,72090000.0
60074412,20230131,0.0,24013000.0
60074450,20230131,0.0,20263000.0
60074455,20230131,0.0,15022000.0
60074478,20230131,-32359000.0,0.0
60074479,20230131,0.0,22052000.0
60074483,20230131,0.0,4556000.0
60074485,20230131,0.0,5347000.0
60074486,20230131,0.0,5386000.0
60074488,20230131,0.0,61202000.0
60074489,20230131,0.0,45078000.0
60074490,20230131,0.0,4673000.0
60074495,20230131,0.0,6002000.0
60074496,20230131,0.0,33375000.0
60074498,20230131,0.0,5180000.0
60074502,20230131,0.0,31825000.0
60074503,20230131,0.0,45129000.0
60074509,20230131,0.0,45323000.0
60074512,20230131,0.0,8540000.0
60074534,20230131,0.0,72021000.0
60074542,20230131,0.0,22426000.0
60074543,20230131,0.0,100300000.0
60074546,20230131,0.0,52450000.0
60074548,20230131,0.0,40027000.0
60074550,20230131,0.0,30490000.0
60074551,20230131,0.0,50760000.0
60074568,20230131,0.0,15120000.0
60074570,20230131,0.0,4532000.0
60074577,20230131,0.0,50560000.0
60074583,20230131,0.0,12326000.0
60074590,20230131,0.0,4511000.0
60074595,20230131,0.0,10684000.0
60074597,20230131,0.0,12000000.0
60074599,20230131,0.0,42345000.0
60074600,20230131,0.0,16732000.0
60074636,20230131,0.0,8369000.0
60074645,20230131,0.0,9070000.0
60074656,20230131,0.0,11972000.0
60074666,20230131,0.0,68522000.0
60074667,20230131,0.0,12157000.0
60074674,20230131,0.0,24149000.0
60074676,20230131,0.0,17358000.0
60074679,20230131,0.0,70093000.0
60074683,20230131,0.0,24002000.0
60074684,20230131,0.0,24000000.0
60074686,20230131,0.0,25965000.0
60074688,20230131,0.0,30447000.0
60074691,20230131,0.0,8037000.0
60074703,20230131,0.0,16713000.0
60074710,20230131,0.0,26876000.0
60074713,20230131,0.0,24250000.0
60074719,20230131,0.0,35000000.0
60074722,20230131,0.0,26449000.0
60074734,20230131,0.0,13019000.0
60074741,20230131,0.0,41036000.0
60074745,20230131,0.0,12006000.0
60074756,20230131,0.0,61905000.0
60074757,20230131,0.0,12079000.0
60074758,20230131,0.0,24126000.0
60074761,20230131,0.0,5007000.0
60074762,20230131,0.0,18261000.0
60074765,20230131,0.0,24152000.0
60074792,20230131,0.0,35301000.0
60074808,20230131,0.0,30107000.0
60074809,20230131,0.0,4615000.0
60074813,20230131,0.0,12322000.0
60074826,20230131,0.0,5001000.0
60074831,20230131,0.0,5003000.0
60074835,20230131,0.0,12010000.0
60074837,20230131,0.0,24239000.0
60074918,20230131,-4507000.0,4500000.0
60074919,20230131,0.0,8411000.0
60074932,20230131,0.0,27949000.0
60074945,20230131,0.0,16331000.0
60074961,20230131,0.0,15357000.0
60074977,20230131,0.0,11010000.0
60074983,20230131,0.0,0.0
60074988,20230131,-19169000.0,9638000.0
60075000,20230131,0.0,25163000.0
60075012,20230131,0.0,12003000.0
60075046,20230131,0.0,22385000.0
60075054,20230131,0.0,12095000.0
60075061,20230131,0.0,40320000.0
60075067,20230131,0.0,15056000.0
60075070,20230131,0.0,20703800.0
60075074,20230131,0.0,20772000.0
60075078,20230131,0.0,20256000.0
60075080,20230131,0.0,17755000.0
60075085,20230131,0.0,8000000.0
60075092,20230131,0.0,15439000.0
60075095,20230131,0.0,20000000.0
60075098,20230131,0.0,0.0
60075099,20230131,0.0,15000000.0
60075100,20230131,0.0,22136000.0
60075116,20230131,0.0,14814000.0
60075122,20230131,0.0,15000000.0
60075139,20230131,0.0,12036000.0
60075147,20230131,0.0,15134000.0
60075149,20230131,0.0,18004000.0
60075163,20230131,0.0,48971000.0
60075166,20230131,0.0,35215000.0
60075172,20230131,0.0,24177000.0
60075174,20230131,0.0,5523000.0
60075179,20230131,0.0,12055000.0
60075180,20230131,0.0,35203000.0
60075183,20230131,0.0,71859000.0
60075195,20230131,0.0,24089000.0
60075196,20230131,0.0,44770000.0
60075197,20230131,0.0,4546000.0
60075198,20230131,0.0,72013000.0
60075204,20230131,0.0,8406000.0
60075206,20230131,-19471000.0,15094000.0
60075213,20230131,0.0,12899000.0
60075216,20230131,0.0,13075000.0
60075221,20230131,0.0,22233000.0
60075231,20230131,0.0,17119000.0
60075234,20230131,0.0,12097000.0
60075236,20230131,0.0,15032000.0
60075239,20230131,0.0,4555000.0
60075244,20230131,0.0,8012000.0
60075247,20230131,0.0,46356000.0
60075252,20230131,0.0,22899000.0
60075262,20230131,0.0,36485000.0
60075263,20230131,0.0,36254000.0
60075268,20230131,0.0,89005000.0
60075269,20230131,0.0,35007000.0
60075275,20230131,0.0,24436000.0
60075277,20230131,0.0,20037000.0
60075279,20230131,0.0,104507000.0
60075283,20230131,0.0,13235000.0
60075286,20230131,-15000000.0,16400000.0
60075288,20230131,0.0,20013000.0
60075293,20230131,0.0,15087000.0
60075294,20230131,0.0,15026000.0
60075295,20230131,0.0,19842000.0
60075305,20230131,0.0,18022000.0
60075308,20230131,0.0,22158000.0
60075311,20230131,0.0,15000000.0
60075317,20230131,0.0,24558000.0
60075319,20230131,0.0,55105000.0
60075322,20230131,0.0,4964000.0
60075326,20230131,0.0,4560000.0
60075332,20230131,0.0,72510000.0
60075336,20230131,0.0,0.0
60075339,20230131,-24152000.0,0.0
60075343,20230131,0.0,0.0
60075344,20230131,0.0,13826000.0
60075345,20230131,0.0,12016000.0
60075347,20230131,0.0,5025000.0
60075351,20230131,0.0,34133000.0
60075353,20230131,0.0,15308000.0
60075357,20230131,0.0,72042000.0
60075358,20230131,0.0,8358000.0
60075374,20230131,0.0,8038000.0
60075379,20230131,-8337000.0,0.0
60075390,20230131,0.0,26620000.0
60075400,20230131,0.0,32112000.0
60075406,20230131,0.0,4549000.0
60075407,20230131,0.0,4513000.0
60075410,20230131,0.0,46391000.0
60075419,20230131,0.0,5405000.0
60075421,20230131,0.0,27068000.0
60075422,20230131,0.0,27905000.0
60075423,20230131,0.0,19717000.0
60075425,20230131,0.0,28682000.0
60075426,20230131,-16732000.0,0.0
60075427,20230131,0.0,28217000.0
60075434,20230131,0.0,24242000.0
60075441,20230131,0.0,12086000.0
60075444,20230131,-47500000.0,0.0
60075447,20230131,-87194000.0,21615000.0
60075451,20230131,0.0,12061000.0
60075459,20230131,0.0,12382000.0
60075460,20230131,0.0,18331000.0
60075463,20230131,0.0,20001000.0
60075465,20230131,0.0,4572000.0
60075492,20230131,0.0,46820000.0
60075494,20230131,0.0,4652000.0
60075497,20230131,0.0,12174000.0
60075501,20230131,0.0,22112000.0
60075502,20230131,0.0,8332000.0
60075505,20230131,0.0,4500000.0
60075510,20230131,0.0,72003000.0
60075513,20230131,0.0,16088000.0
60075517,20230131,0.0,16088000.0
60075520,20230131,0.0,16091000.0
60075521,20230131,0.0,15681000.0
60075523,20230131,0.0,16171000.0
60075527,20230131,0.0,29330000.0
60075535,20230131,0.0,8203000.0
60075543,20230131,0.0,17432000.0
60075545,20230131,0.0,105000000.0
60075549,20230131,0.0,200439000.0
60075558,20230131,0.0,4500000.0
60075568,20230131,0.0,12198000.0
60075573,20230131,0.0,22222000.0
60075578,20230131,0.0,10400.0
60075579,20230131,0.0,28181000.0
60075582,20230131,0.0,29876000.0
60075583,20230131,0.0,20042000.0
60075587,20230131,0.0,28250000.0
60075593,20230131,0.0,12110000.0
60075597,20230131,0.0,12285000.0
60075602,20230131,0.0,24044000.0
60075604,20230131,0.0,24012000.0
60075605,20230131,-24080000.0,0.0
60075620,20230131,0.0,15688000.0
60075621,20230131,0.0,31092000.0
60075625,20230131,0.0,15218000.0
60075629,20230131,0.0,72025000.0
60075631,20230131,0.0,26964000.0
60075632,20230131,0.0,12827000.0
60075634,20230131,0.0,40137000.0
60075636,20230131,0.0,20329000.0
60075642,20230131,0.0,73192000.0
60075653,20230131,0.0,16821000.0
60075657,20230131,0.0,16059000.0
60075658,20230131,0.0,48639000.0
60075659,20230131,0.0,24068000.0
60075667,20230131,0.0,91819000.0
60075669,20230131,0.0,46137000.0
60075684,20230131,0.0,16036000.0
60075686,20230131,0.0,17593000.0
60075687,20230131,0.0,62669000.0
60075688,20230131,0.0,30015000.0
60075689,20230131,0.0,42124000.0
60075692,20230131,0.0,36042000.0
60075699,20230131,0.0,23116000.0
60075704,20230131,0.0,30626000.0
60075706,20230131,0.0,110540000.0
60075715,20230131,0.0,25226000.0
60075725,20230131,0.0,12347000.0
60075730,20230131,0.0,104945000.0
60075734,20230131,0.0,45659000.0
60075741,20230131,0.0,12035000.0
60075743,20230131,0.0,14851000.0
60075744,20230131,0.0,10034000.0
60075745,20230131,0.0,50519000.0
60075747,20230131,0.0,32149000.0
60075753,20230131,0.0,20231000.0
60075755,20230131,-15006000.0,0.0
60075764,20230131,0.0,4571000.0
60075766,20230131,0.0,60668000.0
60075778,20230131,0.0,50571000.0
60075780,20230131,0.0,5003000.0
60075782,20230131,0.0,5015000.0
60075783,20230131,0.0,5011000.0
60075787,20230131,0.0,5013000.0
60075788,20230131,0.0,5029000.0
60075791,20230131,0.0,4565000.0
60075792,20230131,0.0,4524000.0
60075793,20230131,0.0,23836000.0
60075797,20230131,0.0,4521000.0
60075798,20230131,0.0,4521000.0
60075799,20230131,0.0,30332000.0
60075800,20230131,0.0,22804000.0
60075802,20230131,0.0,30542000.0
60075804,20230131,0.0,16032000.0
60075805,20230131,0.0,30458000.0
60075806,20230131,0.0,30493000.0
60075807,20230131,0.0,30079000.0
60075808,20230131,0.0,16023000.0
60075809,20230131,0.0,5012000.0
60075810,20230131,0.0,30534000.0
60075811,20230131,0.0,16034000.0
60075815,20230131,0.0,18679000.0
60075816,20230131,0.0,30076000.0
60075817,20230131,0.0,30046000.0
60075818,20230131,0.0,30095000.0
60075821,20230131,0.0,5016000.0
60075825,20230131,0.0,5008000.0
60075827,20230131,0.0,5008000.0
60075830,20230131,0.0,12330000.0
60075834,20230131,0.0,30078000.0
60075835,20230131,0.0,30022000.0
60075836,20230131,0.0,16029000.0
60075838,20230131,0.0,49120000.0
60075839,20230131,0.0,15006000.0
60075844,20230131,0.0,10022000.0
60075852,20230131,0.0,18019000.0
60075853,20230131,0.0,16237000.0
60075854,20230131,0.0,30015000.0
60075855,20230131,0.0,15797000.0
60075857,20230131,0.0,12274000.0
60075863,20230131,0.0,152504000.0
60075864,20230131,0.0,90193000.0
60075870,20230131,0.0,9092000.0
60075872,20230131,0.0,41670000.0
60075874,20230131,0.0,17299000.0
60075876,20230131,0.0,30086000.0
60075877,20230131,0.0,30017000.0
60075878,20230131,0.0,16235000.0
60075879,20230131,0.0,15000000.0
60075880,20230131,0.0,22029000.0
60075881,20230131,0.0,8000000.0
60075882,20230131,0.0,8000000.0
60075884,20230131,0.0,91689000.0
60075885,20230131,0.0,128097000.0
60075886,20230131,0.0,18077000.0
60075887,20230131,0.0,15006000.0
60075888,20230131,0.0,27023000.0
60075898,20230131,0.0,20000000.0
60075908,20230131,0.0,39699000.0
60075909,20230131,0.0,31090000.0
60075910,20230131,0.0,4511000.0
60075911,20230131,0.0,52926000.0
60075912,20230131,0.0,16015000.0
60075918,20230131,0.0,18039000.0
60075920,20230131,0.0,19805000.0
60075921,20230131,0.0,12258000.0
60075923,20230131,0.0,4507000.0
60075925,20230131,0.0,22051000.0
60075926,20230131,0.0,98500000.0
60075928,20230131,0.0,16010000.0
60075935,20230131,0.0,25547000.0
60075949,20230131,0.0,27022000.0
60075951,20230131,0.0,4575000.0
60075954,20230131,0.0,12182000.0
60075955,20230131,0.0,17089000.0
60075956,20230131,0.0,16194000.0
60075958,20230131,0.0,8133000.0
60075961,20230131,0.0,25718000.0
60075971,20230131,0.0,15413000.0
60075973,20230131,0.0,36035000.0
60075974,20230131,0.0,4500000.0
60075975,20230131,0.0,4500000.0
60075976,20230131,0.0,18175000.0
60075979,20230131,0.0,19065000.0
60075980,20230131,0.0,20417000.0
60075982,20230131,0.0,10800000.0
60075988,20230131,0.0,4545000.0
60075989,20230131,0.0,4507000.0
60075993,20230131,0.0,8652000.0
60075995,20230131,0.0,16729000.0
60076006,20230131,0.0,130000000.0
60076008,20230131,0.0,22933000.0
60076010,20230131,0.0,17960000.0
60076011,20230131,0.0,150658000.0
60076012,20230131,0.0,24537000.0
60076014,20230131,0.0,10412000.0
60076015,20230131,0.0,8117000.0
60076030,20230131,0.0,70214000.0
60076031,20230131,0.0,11357000.0
60076033,20230131,0.0,21875000.0
60076035,20230131,0.0,50040000.0
60076037,20230131,0.0,20000000.0
60076039,20230131,0.0,4501000.0
60076043,20230131,0.0,8107000.0
60076045,20230131,0.0,30508000.0
60076049,20230131,0.0,30279300.0
60076050,20230131,0.0,8000000.0
60076051,20230131,0.0,11738000.0
60076056,20230131,0.0,25903000.0
60076057,20230131,0.0,22027000.0
60076058,20230131,0.0,22012000.0
60076059,20230131,0.0,23892000.0
60076066,20230131,0.0,4514000.0
60076071,20230131,0.0,28073000.0
60076076,20230131,0.0,50038000.0
60076077,20230131,0.0,50002000.0
60076082,20230131,0.0,28337000.0
60076088,20230131,0.0,209377000.0
60076091,20230131,0.0,36008000.0
60076092,20230131,0.0,36071000.0
60076099,20230131,0.0,35382000.0
60076100,20230131,0.0,22927000.0
60076102,20230131,0.0,143100000.0
60076106,20230131,0.0,8289000.0
60076108,20230131,0.0,28320000.0
60076113,20230131,0.0,14428000.0
60076114,20230131,0.0,8075000.0
60076117,20230131,0.0,60056000.0
60076119,20230131,0.0,4501000.0
60076123,20230131,0.0,5639000.0
60076124,20230131,0.0,16117000.0
60076125,20230131,0.0,60033000.0
60076126,20230131,0.0,4503000.0
60076127,20230131,0.0,4500000.0
60076129,20230131,0.0,4500000.0
60076135,20230131,0.0,10002000.0
60076136,20230131,0.0,16114000.0
60076137,20230131,0.0,23346000.0
60076139,20230131,0.0,5033000.0
60076140,20230131,0.0,10003000.0
60076141,20230131,0.0,30256000.0
60076148,20230131,0.0,32048000.0
69999997,20230131,0.0,20622000.0
69999998,20230131,0.0,2075500.0
