,Issuing Agent,CUTOFF,CC(-),CC(+)
0,60000073,20230131,0.0,0.0
1,60000156,20230131,0.0,0.0
2,60000204,20230131,0.0,0.0
3,60000482,20230131,0.0,1.0
4,60000717,20230131,0.0,1.0
5,60000727,20230131,0.0,3.0
6,60000908,20230131,0.0,0.0
7,60000985,20230131,0.0,0.0
8,60000990,20230131,0.0,0.0
9,60001015,20230131,0.0,0.0
10,60001069,20230131,0.0,0.0
11,60001094,20230131,0.0,0.0
12,60001181,20230131,0.0,0.0
13,60001375,20230131,0.0,0.0
14,60001470,20230131,0.0,0.0
15,60001475,20230131,0.0,0.0
16,60001780,20230131,0.0,0.0
17,60001781,20230131,0.0,0.0
18,60001894,20230131,0.0,0.0
19,60001921,20230131,0.0,0.0
20,60002008,20230131,0.0,0.0
21,60002065,20230131,0.0,0.0
22,60002077,20230131,0.0,0.0
23,60002084,20230131,0.0,0.0
24,60002113,20230131,0.0,0.0
25,60002123,20230131,0.0,0.0
26,60002504,20230131,0.0,0.0
27,60002642,20230131,0.0,0.0
28,60002860,20230131,0.0,0.0
29,60002954,20230131,0.0,0.0
30,60003114,20230131,0.0,0.0
31,60003198,20230131,0.0,0.0
32,60003427,20230131,0.0,0.0
33,60003445,20230131,0.0,0.0
34,60003454,20230131,0.0,0.0
35,60003542,20230131,0.0,0.0
36,60003839,20230131,0.0,0.0
37,60003871,20230131,0.0,0.0
38,60003877,20230131,0.0,0.0
39,60004019,20230131,0.0,0.0
40,60004146,20230131,0.0,0.0
41,60004155,20230131,0.0,0.0
42,60004265,20230131,0.0,0.0
43,60004272,20230131,0.0,0.0
44,60004288,20230131,0.0,0.0
45,60004486,20230131,0.0,0.0
46,60004651,20230131,0.0,0.0
47,60004663,20230131,0.0,0.0
48,60004680,20230131,0.0,0.0
49,60004849,20230131,0.0,0.0
50,60004877,20230131,0.0,0.0
51,60004928,20230131,0.0,0.0
52,60004948,20230131,0.0,0.0
53,60004979,20230131,0.0,0.0
54,60005141,20230131,0.0,0.0
55,60005142,20230131,0.0,0.0
56,60005229,20230131,0.0,0.0
57,60005230,20230131,0.0,0.0
58,60005272,20230131,0.0,0.0
59,60005403,20230131,0.0,0.0
60,60005526,20230131,0.0,0.0
61,60005648,20230131,0.0,0.0
62,60005660,20230131,0.0,1.0
63,60005670,20230131,0.0,0.0
64,60005674,20230131,0.0,0.0
65,60005682,20230131,0.0,0.0
66,60005831,20230131,0.0,0.0
67,60005897,20230131,0.0,1.0
68,60005903,20230131,0.0,0.0
69,60005938,20230131,0.0,0.0
70,60005985,20230131,0.0,0.0
71,60005987,20230131,0.0,0.0
72,60006003,20230131,0.0,0.0
73,60006168,20230131,0.0,0.0
74,60006184,20230131,0.0,0.0
75,60006188,20230131,0.0,0.0
76,60006250,20230131,0.0,0.0
77,60006251,20230131,0.0,0.0
78,60006255,20230131,0.0,0.0
79,60006312,20230131,0.0,0.0
80,60006377,20230131,0.0,0.0
81,60006422,20230131,0.0,0.0
82,60006440,20230131,0.0,1.0
83,60006447,20230131,0.0,0.0
84,60006509,20230131,0.0,0.0
85,60006516,20230131,0.0,0.0
86,60006561,20230131,0.0,0.0
87,60006569,20230131,0.0,0.0
88,60006589,20230131,0.0,0.0
89,60006619,20230131,0.0,0.0
90,60006620,20230131,0.0,0.0
91,60006625,20230131,0.0,0.0
92,60006660,20230131,0.0,0.0
93,60006677,20230131,0.0,2.0
94,60006707,20230131,0.0,0.0
95,60006743,20230131,0.0,0.0
96,60006754,20230131,0.0,1.0
97,60006786,20230131,0.0,1.0
98,60006885,20230131,0.0,0.0
99,60006894,20230131,0.0,3.0
100,60006914,20230131,0.0,0.0
101,60006916,20230131,0.0,0.0
102,60006926,20230131,0.0,0.0
103,60006949,20230131,0.0,0.0
104,60006993,20230131,0.0,0.0
105,60007005,20230131,0.0,0.0
106,60007054,20230131,0.0,0.0
107,60007055,20230131,0.0,0.0
108,60007078,20230131,0.0,0.0
109,60007104,20230131,0.0,0.0
110,60007113,20230131,0.0,0.0
111,60007165,20230131,0.0,0.0
112,60007170,20230131,0.0,0.0
113,60007213,20230131,0.0,0.0
114,60007344,20230131,0.0,0.0
115,60007351,20230131,0.0,0.0
116,60007359,20230131,0.0,0.0
117,60007365,20230131,0.0,0.0
118,60007497,20230131,0.0,0.0
119,60007528,20230131,0.0,0.0
120,60007554,20230131,0.0,0.0
121,60007594,20230131,0.0,0.0
122,60007595,20230131,0.0,0.0
123,60007619,20230131,0.0,0.0
124,60007655,20230131,0.0,0.0
125,60007696,20230131,0.0,0.0
126,60007702,20230131,0.0,0.0
127,60007708,20230131,0.0,2.0
128,60007711,20230131,0.0,0.0
129,60007717,20230131,0.0,0.0
130,60007719,20230131,0.0,0.0
131,60007794,20230131,0.0,0.0
132,60007809,20230131,0.0,0.0
133,60007834,20230131,0.0,0.0
134,60007842,20230131,0.0,0.0
135,60007847,20230131,0.0,0.0
136,60007886,20230131,0.0,0.0
137,60007953,20230131,0.0,0.0
138,60008153,20230131,0.0,0.0
139,60008154,20230131,0.0,0.0
140,60008155,20230131,0.0,0.0
141,60008248,20230131,0.0,0.0
142,60008279,20230131,0.0,0.0
143,60008296,20230131,0.0,1.0
144,60008308,20230131,0.0,0.0
145,60008316,20230131,0.0,0.0
146,60008350,20230131,0.0,0.0
147,60008398,20230131,0.0,0.0
148,60008405,20230131,0.0,0.0
149,60008436,20230131,0.0,0.0
150,60008440,20230131,0.0,0.0
151,60008447,20230131,0.0,0.0
152,60008469,20230131,0.0,1.0
153,60008513,20230131,0.0,0.0
154,60008543,20230131,0.0,1.0
155,60008571,20230131,0.0,0.0
156,60008572,20230131,0.0,0.0
157,60008585,20230131,0.0,0.0
158,60008609,20230131,0.0,0.0
159,60008637,20230131,0.0,0.0
160,60008661,20230131,0.0,0.0
161,60008667,20230131,0.0,0.0
162,60008691,20230131,0.0,0.0
163,60008708,20230131,0.0,0.0
164,60008718,20230131,0.0,0.0
165,60008725,20230131,0.0,0.0
166,60008776,20230131,0.0,1.0
167,60008778,20230131,0.0,0.0
168,60008788,20230131,0.0,0.0
169,60008809,20230131,0.0,0.0
170,60008812,20230131,0.0,0.0
171,60008836,20230131,0.0,0.0
172,60008849,20230131,0.0,0.0
173,60008854,20230131,0.0,0.0
174,60008865,20230131,0.0,0.0
175,60008927,20230131,0.0,2.0
176,60008928,20230131,0.0,1.0
177,60008930,20230131,0.0,2.0
178,60008936,20230131,0.0,1.0
179,60008938,20230131,0.0,0.0
180,60008953,20230131,0.0,0.0
181,60008972,20230131,0.0,0.0
182,60009008,20230131,0.0,0.0
183,60009025,20230131,0.0,0.0
184,60009026,20230131,0.0,0.0
185,60009082,20230131,0.0,0.0
186,60009098,20230131,0.0,0.0
187,60009100,20230131,0.0,0.0
188,60009114,20230131,0.0,0.0
189,60009139,20230131,0.0,0.0
190,60009169,20230131,0.0,0.0
191,60009208,20230131,0.0,0.0
192,60009213,20230131,0.0,0.0
193,60009216,20230131,0.0,0.0
194,60009248,20230131,0.0,0.0
195,60009293,20230131,0.0,0.0
196,60009303,20230131,0.0,0.0
197,60009335,20230131,0.0,0.0
198,60009367,20230131,0.0,0.0
199,60009402,20230131,0.0,0.0
200,60009409,20230131,0.0,0.0
201,60009466,20230131,0.0,0.0
202,60009467,20230131,0.0,0.0
203,60009481,20230131,0.0,0.0
204,60009490,20230131,0.0,1.0
205,60009496,20230131,0.0,0.0
206,60009501,20230131,0.0,0.0
207,60009566,20230131,0.0,0.0
208,60009601,20230131,0.0,0.0
209,60009602,20230131,0.0,0.0
210,60009632,20230131,0.0,0.0
211,60009655,20230131,0.0,0.0
212,60009695,20230131,0.0,0.0
213,60009698,20230131,0.0,0.0
214,60009733,20230131,0.0,0.0
215,60009754,20230131,0.0,0.0
216,60009762,20230131,0.0,0.0
217,60009800,20230131,0.0,0.0
218,60009815,20230131,0.0,0.0
219,60009817,20230131,0.0,0.0
220,60009868,20230131,0.0,0.0
221,60009873,20230131,0.0,0.0
222,60009874,20230131,0.0,0.0
223,60009876,20230131,0.0,0.0
224,60009895,20230131,0.0,0.0
225,60009920,20230131,0.0,0.0
226,60009925,20230131,0.0,0.0
227,60009928,20230131,0.0,0.0
228,60009931,20230131,0.0,0.0
229,60009998,20230131,0.0,0.0
230,60010007,20230131,0.0,0.0
231,60010009,20230131,0.0,0.0
232,60010064,20230131,0.0,0.0
233,60010072,20230131,0.0,0.0
234,60010098,20230131,0.0,0.0
235,60010102,20230131,0.0,0.0
236,60010109,20230131,0.0,0.0
237,60010112,20230131,0.0,0.0
238,60010137,20230131,0.0,0.0
239,60010138,20230131,0.0,0.0
240,60010237,20230131,0.0,0.0
241,60010284,20230131,0.0,0.0
242,60010297,20230131,0.0,1.0
243,60010307,20230131,0.0,0.0
244,60010314,20230131,0.0,0.0
245,60010418,20230131,0.0,0.0
246,60010424,20230131,0.0,0.0
247,60010522,20230131,0.0,0.0
248,60010558,20230131,0.0,0.0
249,60010589,20230131,0.0,0.0
250,60010691,20230131,0.0,0.0
251,60010819,20230131,0.0,0.0
252,60010828,20230131,0.0,0.0
253,60010893,20230131,0.0,0.0
254,60010894,20230131,0.0,0.0
255,60010896,20230131,0.0,0.0
256,60010910,20230131,0.0,0.0
257,60010920,20230131,0.0,0.0
258,60010923,20230131,0.0,0.0
259,60010925,20230131,0.0,0.0
260,60010948,20230131,0.0,0.0
261,60010957,20230131,0.0,1.0
262,60010966,20230131,0.0,0.0
263,60011006,20230131,0.0,0.0
264,60011077,20230131,0.0,0.0
265,60011083,20230131,0.0,0.0
266,60011112,20230131,0.0,0.0
267,60011127,20230131,0.0,0.0
268,60011128,20230131,0.0,0.0
269,60011147,20230131,0.0,0.0
270,60011220,20230131,0.0,0.0
271,60011225,20230131,0.0,0.0
272,60011253,20230131,0.0,0.0
273,60011277,20230131,0.0,0.0
274,60011292,20230131,0.0,0.0
275,60011294,20230131,0.0,1.0
276,60011299,20230131,0.0,0.0
277,60011307,20230131,0.0,0.0
278,60011331,20230131,0.0,0.0
279,60011372,20230131,0.0,0.0
280,60011375,20230131,0.0,0.0
281,60011382,20230131,0.0,0.0
282,60011383,20230131,0.0,0.0
283,60011394,20230131,0.0,0.0
284,60011395,20230131,0.0,0.0
285,60011479,20230131,0.0,0.0
286,60011519,20230131,0.0,0.0
287,60011520,20230131,0.0,0.0
288,60011529,20230131,0.0,0.0
289,60011561,20230131,0.0,0.0
290,60011562,20230131,0.0,0.0
291,60011576,20230131,0.0,0.0
292,60011582,20230131,0.0,0.0
293,60011631,20230131,0.0,0.0
294,60011633,20230131,0.0,0.0
295,60011683,20230131,0.0,0.0
296,60011691,20230131,0.0,0.0
297,60011716,20230131,0.0,0.0
298,60011752,20230131,0.0,0.0
299,60011775,20230131,0.0,0.0
300,60011794,20230131,0.0,0.0
301,60011799,20230131,0.0,0.0
302,60011813,20230131,0.0,0.0
303,60011835,20230131,0.0,0.0
304,60011862,20230131,0.0,0.0
305,60011863,20230131,0.0,0.0
306,60011871,20230131,0.0,0.0
307,60011880,20230131,0.0,0.0
308,60011908,20230131,0.0,0.0
309,60011915,20230131,0.0,0.0
310,60011925,20230131,0.0,0.0
311,60011927,20230131,0.0,0.0
312,60011939,20230131,0.0,0.0
313,60011945,20230131,0.0,0.0
314,60011946,20230131,0.0,0.0
315,60011951,20230131,0.0,0.0
316,60011952,20230131,0.0,0.0
317,60011958,20230131,0.0,0.0
318,60011971,20230131,0.0,0.0
319,60011973,20230131,0.0,0.0
320,60011975,20230131,0.0,0.0
321,60012003,20230131,0.0,0.0
322,60012011,20230131,0.0,0.0
323,60012017,20230131,0.0,0.0
324,60012018,20230131,0.0,0.0
325,60012035,20230131,0.0,0.0
326,60012036,20230131,0.0,0.0
327,60012043,20230131,0.0,0.0
328,60012048,20230131,0.0,0.0
329,60012054,20230131,0.0,0.0
330,60012081,20230131,0.0,1.0
331,60012092,20230131,0.0,0.0
332,60012128,20230131,0.0,0.0
333,60012134,20230131,0.0,0.0
334,60012150,20230131,0.0,0.0
335,60012163,20230131,0.0,0.0
336,60012169,20230131,0.0,0.0
337,60012180,20230131,0.0,0.0
338,60012225,20230131,0.0,0.0
339,60012230,20230131,0.0,0.0
340,60012232,20230131,0.0,0.0
341,60012247,20230131,0.0,0.0
342,60012256,20230131,0.0,2.0
343,60012269,20230131,0.0,0.0
344,60012281,20230131,0.0,0.0
345,60012287,20230131,0.0,0.0
346,60012312,20230131,0.0,0.0
347,60012338,20230131,0.0,0.0
348,60012388,20230131,0.0,0.0
349,60012389,20230131,0.0,0.0
350,60012392,20230131,0.0,0.0
351,60012402,20230131,0.0,0.0
352,60012418,20230131,0.0,0.0
353,60012429,20230131,0.0,0.0
354,60012433,20230131,0.0,0.0
355,60012479,20230131,0.0,0.0
356,60012485,20230131,0.0,0.0
357,60012533,20230131,0.0,0.0
358,60012534,20230131,0.0,0.0
359,60012540,20230131,0.0,0.0
360,60012545,20230131,0.0,0.0
361,60012548,20230131,0.0,0.0
362,60012551,20230131,0.0,0.0
363,60012563,20230131,0.0,0.0
364,60012573,20230131,0.0,0.0
365,60012619,20230131,0.0,1.0
366,60012624,20230131,0.0,0.0
367,60012686,20230131,0.0,0.0
368,60012689,20230131,0.0,0.0
369,60012700,20230131,0.0,0.0
370,60012703,20230131,0.0,0.0
371,60012709,20230131,0.0,0.0
372,60012735,20230131,0.0,0.0
373,60012749,20230131,0.0,0.0
374,60012789,20230131,0.0,0.0
375,60012920,20230131,0.0,0.0
376,60012932,20230131,0.0,0.0
377,60012970,20230131,0.0,0.0
378,60013013,20230131,0.0,0.0
379,60013028,20230131,0.0,1.0
380,60013036,20230131,0.0,0.0
381,60013104,20230131,0.0,0.0
382,60013141,20230131,0.0,0.0
383,60013144,20230131,0.0,0.0
384,60013206,20230131,0.0,0.0
385,60013222,20230131,0.0,0.0
386,60013337,20230131,0.0,0.0
387,60013398,20230131,0.0,1.0
388,60013430,20230131,0.0,0.0
389,60013438,20230131,0.0,0.0
390,60013462,20230131,0.0,0.0
391,60013502,20230131,0.0,0.0
392,60013628,20230131,0.0,0.0
393,60013689,20230131,0.0,0.0
394,60013725,20230131,0.0,0.0
395,60013734,20230131,0.0,0.0
396,60013890,20230131,0.0,0.0
397,60013928,20230131,0.0,0.0
398,60014000,20230131,0.0,0.0
399,60014005,20230131,0.0,0.0
400,60014027,20230131,0.0,0.0
401,60014118,20230131,0.0,0.0
402,60014226,20230131,0.0,0.0
403,60014232,20230131,0.0,0.0
404,60014270,20230131,0.0,0.0
405,60014332,20230131,0.0,0.0
406,60014424,20230131,0.0,1.0
407,60014462,20230131,-1.0,1.0
408,60014465,20230131,0.0,1.0
409,60014467,20230131,0.0,0.0
410,60014474,20230131,0.0,0.0
411,60014511,20230131,0.0,0.0
412,60014534,20230131,0.0,0.0
413,60014554,20230131,0.0,0.0
414,60014569,20230131,0.0,0.0
415,60014571,20230131,0.0,0.0
416,60014573,20230131,0.0,0.0
417,60014652,20230131,0.0,0.0
418,60014668,20230131,0.0,0.0
419,60014700,20230131,0.0,0.0
420,60014728,20230131,0.0,0.0
421,60014731,20230131,0.0,0.0
422,60014768,20230131,0.0,0.0
423,60014786,20230131,0.0,0.0
424,60014817,20230131,0.0,0.0
425,60014824,20230131,0.0,0.0
426,60014843,20230131,0.0,0.0
427,60014857,20230131,0.0,0.0
428,60014887,20230131,0.0,0.0
429,60014905,20230131,0.0,0.0
430,60014908,20230131,0.0,0.0
431,60014951,20230131,0.0,0.0
432,60014977,20230131,0.0,0.0
433,60014982,20230131,0.0,0.0
434,60015089,20230131,0.0,0.0
435,60015153,20230131,0.0,0.0
436,60015191,20230131,0.0,0.0
437,60015208,20230131,0.0,0.0
438,60015246,20230131,0.0,0.0
439,60015249,20230131,0.0,0.0
440,60015277,20230131,0.0,0.0
441,60015378,20230131,0.0,0.0
442,60015379,20230131,0.0,0.0
443,60015381,20230131,0.0,0.0
444,60015399,20230131,0.0,0.0
445,60015407,20230131,-1.0,0.0
446,60015415,20230131,0.0,0.0
447,60015429,20230131,0.0,0.0
448,60015441,20230131,0.0,0.0
449,60015446,20230131,0.0,0.0
450,60015449,20230131,0.0,0.0
451,60015524,20230131,0.0,0.0
452,60015532,20230131,0.0,0.0
453,60015545,20230131,0.0,0.0
454,60015584,20230131,0.0,0.0
455,60015587,20230131,0.0,0.0
456,60015628,20230131,0.0,0.0
457,60015655,20230131,0.0,0.0
458,60015682,20230131,0.0,0.0
459,60015683,20230131,0.0,0.0
460,60015695,20230131,0.0,0.0
461,60015698,20230131,0.0,0.0
462,60015713,20230131,0.0,1.0
463,60015744,20230131,0.0,0.0
464,60015749,20230131,0.0,0.0
465,60015756,20230131,0.0,0.0
466,60015807,20230131,0.0,0.0
467,60015808,20230131,0.0,0.0
468,60015813,20230131,0.0,0.0
469,60015831,20230131,0.0,0.0
470,60015906,20230131,0.0,0.0
471,60015915,20230131,0.0,0.0
472,60016003,20230131,0.0,0.0
473,60016048,20230131,0.0,0.0
474,60016088,20230131,0.0,0.0
475,60016208,20230131,0.0,0.0
476,60016221,20230131,0.0,0.0
477,60016222,20230131,0.0,0.0
478,60016243,20230131,0.0,0.0
479,60016244,20230131,0.0,0.0
480,60016279,20230131,0.0,0.0
481,60016286,20230131,0.0,1.0
482,60016298,20230131,0.0,0.0
483,60016302,20230131,0.0,0.0
484,60016324,20230131,0.0,0.0
485,60016348,20230131,0.0,0.0
486,60016349,20230131,0.0,0.0
487,60016351,20230131,0.0,0.0
488,60016432,20230131,0.0,0.0
489,60016434,20230131,0.0,0.0
490,60016451,20230131,0.0,0.0
491,60016467,20230131,0.0,0.0
492,60016504,20230131,0.0,0.0
493,60016505,20230131,0.0,0.0
494,60016512,20230131,0.0,0.0
495,60016557,20230131,0.0,1.0
496,60016602,20230131,0.0,0.0
497,60016625,20230131,0.0,0.0
498,60016689,20230131,0.0,0.0
499,60016698,20230131,0.0,0.0
500,60016700,20230131,0.0,0.0
501,60016711,20230131,0.0,0.0
502,60016715,20230131,0.0,0.0
503,60016719,20230131,0.0,0.0
504,60016725,20230131,0.0,0.0
505,60016730,20230131,0.0,0.0
506,60016745,20230131,0.0,0.0
507,60016764,20230131,0.0,1.0
508,60016778,20230131,0.0,0.0
509,60016889,20230131,0.0,0.0
510,60016893,20230131,0.0,0.0
511,60016900,20230131,0.0,0.0
512,60016911,20230131,0.0,0.0
513,60016924,20230131,0.0,0.0
514,60016930,20230131,0.0,0.0
515,60016945,20230131,0.0,0.0
516,60016963,20230131,0.0,0.0
517,60016969,20230131,0.0,0.0
518,60016973,20230131,0.0,0.0
519,60016979,20230131,0.0,0.0
520,60016983,20230131,0.0,0.0
521,60016991,20230131,0.0,0.0
522,60016997,20230131,0.0,0.0
523,60017004,20230131,0.0,0.0
524,60017014,20230131,0.0,0.0
525,60017024,20230131,0.0,0.0
526,60017064,20230131,0.0,0.0
527,60017069,20230131,0.0,0.0
528,60017116,20230131,0.0,0.0
529,60017184,20230131,0.0,0.0
530,60017205,20230131,0.0,0.0
531,60017267,20230131,0.0,0.0
532,60017283,20230131,0.0,0.0
533,60017310,20230131,0.0,0.0
534,60017312,20230131,0.0,0.0
535,60017320,20230131,0.0,0.0
536,60017321,20230131,0.0,0.0
537,60017326,20230131,0.0,0.0
538,60017340,20230131,0.0,0.0
539,60017373,20230131,0.0,0.0
540,60017374,20230131,0.0,0.0
541,60017375,20230131,0.0,0.0
542,60017377,20230131,0.0,0.0
543,60017384,20230131,0.0,0.0
544,60017388,20230131,0.0,0.0
545,60017401,20230131,0.0,0.0
546,60017405,20230131,0.0,0.0
547,60017416,20230131,0.0,0.0
548,60017429,20230131,0.0,0.0
549,60017439,20230131,0.0,0.0
550,60017450,20230131,0.0,0.0
551,60017459,20230131,0.0,0.0
552,60017464,20230131,0.0,0.0
553,60017467,20230131,0.0,0.0
554,60017468,20230131,0.0,0.0
555,60017473,20230131,0.0,0.0
556,60017514,20230131,0.0,0.0
557,60017518,20230131,0.0,0.0
558,60017548,20230131,0.0,0.0
559,60017592,20230131,0.0,0.0
560,60017597,20230131,0.0,0.0
561,60017598,20230131,0.0,0.0
562,60017616,20230131,0.0,0.0
563,60017642,20230131,0.0,0.0
564,60017698,20230131,0.0,0.0
565,60017708,20230131,0.0,0.0
566,60017711,20230131,0.0,0.0
567,60017713,20230131,0.0,0.0
568,60017716,20230131,0.0,0.0
569,60017720,20230131,0.0,0.0
570,60017732,20230131,0.0,0.0
571,60017769,20230131,0.0,0.0
572,60017777,20230131,0.0,0.0
573,60017785,20230131,0.0,0.0
574,60017786,20230131,0.0,0.0
575,60017796,20230131,0.0,0.0
576,60017827,20230131,0.0,0.0
577,60017833,20230131,0.0,0.0
578,60017835,20230131,0.0,0.0
579,60017843,20230131,0.0,0.0
580,60017867,20230131,0.0,0.0
581,60017918,20230131,0.0,0.0
582,60017922,20230131,0.0,0.0
583,60017924,20230131,0.0,0.0
584,60017980,20230131,0.0,0.0
585,60017993,20230131,0.0,0.0
586,60018006,20230131,0.0,0.0
587,60018008,20230131,0.0,0.0
588,60018009,20230131,0.0,0.0
589,60018011,20230131,0.0,0.0
590,60018018,20230131,0.0,0.0
591,60018026,20230131,0.0,0.0
592,60018029,20230131,0.0,0.0
593,60018030,20230131,0.0,1.0
594,60018031,20230131,0.0,0.0
595,60018039,20230131,0.0,0.0
596,60018053,20230131,0.0,0.0
597,60018068,20230131,0.0,0.0
598,60018115,20230131,0.0,0.0
599,60018132,20230131,0.0,0.0
600,60018133,20230131,0.0,0.0
601,60018138,20230131,0.0,0.0
602,60018139,20230131,0.0,0.0
603,60018140,20230131,0.0,0.0
604,60018143,20230131,0.0,0.0
605,60018144,20230131,0.0,0.0
606,60018205,20230131,0.0,0.0
607,60018211,20230131,0.0,0.0
608,60018215,20230131,0.0,0.0
609,60018218,20230131,0.0,0.0
610,60018271,20230131,0.0,0.0
611,60018301,20230131,0.0,0.0
612,60018341,20230131,0.0,0.0
613,60018353,20230131,0.0,0.0
614,60018367,20230131,0.0,0.0
615,60018371,20230131,0.0,0.0
616,60018385,20230131,0.0,0.0
617,60018388,20230131,0.0,0.0
618,60018453,20230131,0.0,0.0
619,60018465,20230131,0.0,0.0
620,60018485,20230131,0.0,0.0
621,60018496,20230131,0.0,0.0
622,60018524,20230131,0.0,0.0
623,60018530,20230131,0.0,0.0
624,60018546,20230131,0.0,0.0
625,60018551,20230131,0.0,0.0
626,60018577,20230131,0.0,0.0
627,60018582,20230131,0.0,0.0
628,60018614,20230131,0.0,0.0
629,60018637,20230131,0.0,0.0
630,60018667,20230131,0.0,0.0
631,60018668,20230131,-1.0,1.0
632,60018761,20230131,0.0,0.0
633,60018764,20230131,0.0,0.0
634,60018770,20230131,0.0,0.0
635,60018788,20230131,0.0,0.0
636,60018792,20230131,0.0,0.0
637,60018794,20230131,0.0,0.0
638,60018797,20230131,0.0,0.0
639,60018798,20230131,0.0,0.0
640,60018824,20230131,0.0,0.0
641,60018832,20230131,0.0,0.0
642,60018838,20230131,0.0,0.0
643,60018865,20230131,0.0,0.0
644,60018872,20230131,0.0,0.0
645,60018873,20230131,0.0,0.0
646,60018883,20230131,0.0,0.0
647,60018887,20230131,0.0,0.0
648,60018907,20230131,0.0,1.0
649,60018975,20230131,0.0,0.0
650,60018981,20230131,0.0,0.0
651,60018994,20230131,0.0,0.0
652,60019004,20230131,0.0,0.0
653,60019010,20230131,0.0,0.0
654,60019044,20230131,0.0,0.0
655,60019060,20230131,0.0,0.0
656,60019065,20230131,0.0,0.0
657,60019075,20230131,0.0,0.0
658,60019090,20230131,0.0,0.0
659,60019093,20230131,0.0,0.0
660,60019099,20230131,0.0,0.0
661,60019100,20230131,-1.0,0.0
662,60019102,20230131,0.0,0.0
663,60019105,20230131,0.0,0.0
664,60019132,20230131,0.0,0.0
665,60019156,20230131,0.0,0.0
666,60019168,20230131,0.0,0.0
667,60019178,20230131,0.0,0.0
668,60019226,20230131,0.0,0.0
669,60019239,20230131,0.0,0.0
670,60019245,20230131,0.0,0.0
671,60019298,20230131,0.0,0.0
672,60019306,20230131,0.0,0.0
673,60019309,20230131,0.0,0.0
674,60019341,20230131,0.0,0.0
675,60019370,20230131,0.0,0.0
676,60019373,20230131,0.0,0.0
677,60019374,20230131,0.0,0.0
678,60019375,20230131,0.0,0.0
679,60019387,20230131,0.0,0.0
680,60019389,20230131,0.0,0.0
681,60019410,20230131,0.0,1.0
682,60019428,20230131,0.0,0.0
683,60019433,20230131,0.0,0.0
684,60019460,20230131,0.0,0.0
685,60019461,20230131,0.0,0.0
686,60019678,20230131,0.0,0.0
687,60019685,20230131,0.0,0.0
688,60019707,20230131,0.0,1.0
689,60019749,20230131,0.0,0.0
690,60019755,20230131,0.0,0.0
691,60019797,20230131,0.0,0.0
692,60019802,20230131,0.0,0.0
693,60019862,20230131,0.0,0.0
694,60019994,20230131,0.0,0.0
695,60020038,20230131,0.0,0.0
696,60020041,20230131,0.0,0.0
697,60020113,20230131,0.0,0.0
698,60020190,20230131,0.0,0.0
699,60020269,20230131,0.0,1.0
700,60020444,20230131,0.0,0.0
701,60020517,20230131,0.0,0.0
702,60020618,20230131,0.0,0.0
703,60020661,20230131,0.0,0.0
704,60020680,20230131,0.0,0.0
705,60020717,20230131,0.0,0.0
706,60020746,20230131,0.0,0.0
707,60020772,20230131,0.0,0.0
708,60020792,20230131,0.0,0.0
709,60020824,20230131,0.0,0.0
710,60020825,20230131,0.0,0.0
711,60020826,20230131,0.0,0.0
712,60020840,20230131,0.0,0.0
713,60020876,20230131,0.0,0.0
714,60020906,20230131,0.0,0.0
715,60020911,20230131,0.0,0.0
716,60020913,20230131,0.0,0.0
717,60020925,20230131,0.0,0.0
718,60020928,20230131,0.0,0.0
719,60020956,20230131,0.0,0.0
720,60020967,20230131,0.0,0.0
721,60020975,20230131,0.0,1.0
722,60021006,20230131,0.0,0.0
723,60021031,20230131,0.0,0.0
724,60021036,20230131,0.0,0.0
725,60021038,20230131,0.0,0.0
726,60021044,20230131,0.0,0.0
727,60021046,20230131,0.0,0.0
728,60021049,20230131,0.0,0.0
729,60021092,20230131,0.0,0.0
730,60021104,20230131,0.0,0.0
731,60021109,20230131,0.0,0.0
732,60021151,20230131,0.0,0.0
733,60021249,20230131,0.0,0.0
734,60021255,20230131,0.0,0.0
735,60021262,20230131,0.0,0.0
736,60021264,20230131,0.0,0.0
737,60021270,20230131,0.0,0.0
738,60021309,20230131,0.0,0.0
739,60021352,20230131,0.0,0.0
740,60021353,20230131,0.0,0.0
741,60021355,20230131,0.0,0.0
742,60021358,20230131,0.0,0.0
743,60021373,20230131,0.0,0.0
744,60021374,20230131,0.0,0.0
745,60021407,20230131,0.0,0.0
746,60021411,20230131,0.0,0.0
747,60021426,20230131,0.0,0.0
748,60021471,20230131,0.0,0.0
749,60021475,20230131,0.0,0.0
750,60021480,20230131,0.0,0.0
751,60021489,20230131,0.0,0.0
752,60021522,20230131,0.0,0.0
753,60021531,20230131,0.0,0.0
754,60021572,20230131,0.0,0.0
755,60021583,20230131,0.0,0.0
756,60021612,20230131,0.0,0.0
757,60021637,20230131,0.0,0.0
758,60021641,20230131,0.0,0.0
759,60021643,20230131,0.0,0.0
760,60021657,20230131,0.0,0.0
761,60021670,20230131,0.0,0.0
762,60021718,20230131,0.0,0.0
763,60021752,20230131,0.0,0.0
764,60021768,20230131,0.0,0.0
765,60021769,20230131,0.0,0.0
766,60021782,20230131,0.0,0.0
767,60021820,20230131,0.0,0.0
768,60021867,20230131,0.0,0.0
769,60021885,20230131,0.0,0.0
770,60021913,20230131,0.0,0.0
771,60021937,20230131,0.0,0.0
772,60021978,20230131,0.0,1.0
773,60022035,20230131,0.0,0.0
774,60022101,20230131,0.0,0.0
775,60022104,20230131,0.0,0.0
776,60022140,20230131,0.0,0.0
777,60022161,20230131,0.0,0.0
778,60022202,20230131,0.0,1.0
779,60022216,20230131,0.0,0.0
780,60022264,20230131,0.0,0.0
781,60022274,20230131,0.0,0.0
782,60022306,20230131,0.0,0.0
783,60022331,20230131,0.0,0.0
784,60022354,20230131,0.0,0.0
785,60022359,20230131,0.0,1.0
786,60022382,20230131,0.0,0.0
787,60022403,20230131,0.0,0.0
788,60022417,20230131,0.0,0.0
789,60022433,20230131,0.0,0.0
790,60022437,20230131,0.0,0.0
791,60022448,20230131,0.0,0.0
792,60022460,20230131,0.0,0.0
793,60022467,20230131,0.0,0.0
794,60022478,20230131,0.0,0.0
795,60022495,20230131,0.0,0.0
796,60022514,20230131,0.0,0.0
797,60022519,20230131,0.0,0.0
798,60022520,20230131,0.0,0.0
799,60022528,20230131,0.0,0.0
800,60022547,20230131,0.0,0.0
801,60022576,20230131,0.0,0.0
802,60022590,20230131,0.0,0.0
803,60022591,20230131,0.0,0.0
804,60022592,20230131,0.0,0.0
805,60022604,20230131,0.0,0.0
806,60022640,20230131,0.0,0.0
807,60022659,20230131,0.0,0.0
808,60022661,20230131,0.0,0.0
809,60022663,20230131,0.0,0.0
810,60022665,20230131,0.0,0.0
811,60022677,20230131,0.0,0.0
812,60022691,20230131,0.0,0.0
813,60022703,20230131,0.0,0.0
814,60022726,20230131,0.0,0.0
815,60022750,20230131,0.0,0.0
816,60022753,20230131,0.0,0.0
817,60022763,20230131,0.0,0.0
818,60022764,20230131,0.0,0.0
819,60022765,20230131,0.0,0.0
820,60022768,20230131,0.0,0.0
821,60022773,20230131,0.0,0.0
822,60022774,20230131,0.0,0.0
823,60022776,20230131,0.0,0.0
824,60022802,20230131,0.0,0.0
825,60022822,20230131,0.0,0.0
826,60022827,20230131,0.0,0.0
827,60022861,20230131,0.0,0.0
828,60022870,20230131,0.0,0.0
829,60022872,20230131,0.0,0.0
830,60022880,20230131,0.0,0.0
831,60022885,20230131,0.0,0.0
832,60022933,20230131,0.0,0.0
833,60022937,20230131,0.0,0.0
834,60022955,20230131,0.0,0.0
835,60022960,20230131,0.0,0.0
836,60022961,20230131,0.0,0.0
837,60022968,20230131,0.0,0.0
838,60022975,20230131,0.0,0.0
839,60022988,20230131,0.0,0.0
840,60023038,20230131,0.0,0.0
841,60023039,20230131,0.0,0.0
842,60023040,20230131,0.0,0.0
843,60023050,20230131,0.0,0.0
844,60023051,20230131,0.0,0.0
845,60023053,20230131,0.0,0.0
846,60023058,20230131,0.0,0.0
847,60023071,20230131,0.0,0.0
848,60023084,20230131,0.0,0.0
849,60023085,20230131,0.0,0.0
850,60023096,20230131,0.0,0.0
851,60023114,20230131,0.0,0.0
852,60023122,20230131,0.0,0.0
853,60023135,20230131,0.0,0.0
854,60023144,20230131,0.0,0.0
855,60023160,20230131,0.0,0.0
856,60023164,20230131,0.0,0.0
857,60023189,20230131,0.0,0.0
858,60023201,20230131,0.0,0.0
859,60023212,20230131,0.0,0.0
860,60023220,20230131,0.0,0.0
861,60023247,20230131,0.0,0.0
862,60023248,20230131,0.0,0.0
863,60023251,20230131,0.0,0.0
864,60023263,20230131,0.0,0.0
865,60023280,20230131,0.0,0.0
866,60023289,20230131,0.0,0.0
867,60023312,20230131,0.0,0.0
868,60023317,20230131,0.0,0.0
869,60023323,20230131,0.0,0.0
870,60023329,20230131,0.0,0.0
871,60023330,20230131,0.0,0.0
872,60023343,20230131,0.0,0.0
873,60023355,20230131,0.0,0.0
874,60023357,20230131,0.0,0.0
875,60023373,20230131,0.0,0.0
876,60023400,20230131,0.0,0.0
877,60023409,20230131,0.0,0.0
878,60023433,20230131,0.0,0.0
879,60023451,20230131,0.0,0.0
880,60023463,20230131,0.0,0.0
881,60023481,20230131,0.0,0.0
882,60023490,20230131,0.0,0.0
883,60023493,20230131,0.0,0.0
884,60023530,20230131,0.0,0.0
885,60023535,20230131,0.0,0.0
886,60023555,20230131,0.0,0.0
887,60023566,20230131,0.0,0.0
888,60023574,20230131,0.0,0.0
889,60023595,20230131,0.0,0.0
890,60023606,20230131,0.0,0.0
891,60023608,20230131,0.0,0.0
892,60023615,20230131,0.0,0.0
893,60023655,20230131,0.0,0.0
894,60023678,20230131,0.0,0.0
895,60023690,20230131,0.0,0.0
896,60023705,20230131,0.0,1.0
897,60023717,20230131,0.0,1.0
898,60023723,20230131,0.0,0.0
899,60023744,20230131,0.0,0.0
900,60023752,20230131,0.0,0.0
901,60023760,20230131,0.0,0.0
902,60023800,20230131,0.0,0.0
903,60023830,20230131,0.0,0.0
904,60023834,20230131,0.0,0.0
905,60023858,20230131,0.0,0.0
906,60023861,20230131,0.0,0.0
907,60023890,20230131,0.0,0.0
908,60023917,20230131,0.0,0.0
909,60023918,20230131,0.0,0.0
910,60023940,20230131,0.0,0.0
911,60023945,20230131,0.0,0.0
912,60023963,20230131,0.0,0.0
913,60024022,20230131,0.0,0.0
914,60024038,20230131,0.0,0.0
915,60024042,20230131,0.0,0.0
916,60024050,20230131,0.0,0.0
917,60024058,20230131,0.0,0.0
918,60024073,20230131,0.0,0.0
919,60024104,20230131,0.0,0.0
920,60024134,20230131,0.0,0.0
921,60024145,20230131,0.0,0.0
922,60024183,20230131,0.0,0.0
923,60024184,20230131,0.0,0.0
924,60024186,20230131,0.0,0.0
925,60024188,20230131,0.0,0.0
926,60024193,20230131,0.0,0.0
927,60024210,20230131,0.0,0.0
928,60024218,20230131,0.0,0.0
929,60024227,20230131,0.0,0.0
930,60024233,20230131,0.0,0.0
931,60024236,20230131,0.0,0.0
932,60024239,20230131,0.0,0.0
933,60024240,20230131,0.0,0.0
934,60024242,20230131,0.0,0.0
935,60024252,20230131,0.0,0.0
936,60024254,20230131,0.0,0.0
937,60024273,20230131,0.0,0.0
938,60024274,20230131,0.0,0.0
939,60024278,20230131,0.0,0.0
940,60024280,20230131,0.0,0.0
941,60024283,20230131,0.0,0.0
942,60024286,20230131,0.0,0.0
943,60024299,20230131,0.0,0.0
944,60024304,20230131,-1.0,2.0
945,60024318,20230131,0.0,0.0
946,60024320,20230131,0.0,0.0
947,60024325,20230131,0.0,3.0
948,60024365,20230131,0.0,0.0
949,60024367,20230131,0.0,0.0
950,60024394,20230131,0.0,0.0
951,60024540,20230131,0.0,0.0
952,60024550,20230131,0.0,0.0
953,60024609,20230131,0.0,0.0
954,60024617,20230131,0.0,0.0
955,60024649,20230131,0.0,0.0
956,60024663,20230131,0.0,0.0
957,60024666,20230131,0.0,0.0
958,60024677,20230131,0.0,0.0
959,60024733,20230131,0.0,0.0
960,60024808,20230131,0.0,0.0
961,60024816,20230131,0.0,0.0
962,60024833,20230131,0.0,0.0
963,60024843,20230131,0.0,0.0
964,60024844,20230131,0.0,0.0
965,60024845,20230131,0.0,0.0
966,60024904,20230131,0.0,0.0
967,60024921,20230131,0.0,0.0
968,60025007,20230131,0.0,0.0
969,60025011,20230131,0.0,0.0
970,60025145,20230131,0.0,0.0
971,60025196,20230131,0.0,0.0
972,60025217,20230131,0.0,0.0
973,60025234,20230131,0.0,1.0
974,60025243,20230131,0.0,0.0
975,60025244,20230131,0.0,0.0
976,60025248,20230131,0.0,0.0
977,60025280,20230131,0.0,0.0
978,60025374,20230131,0.0,0.0
979,60025381,20230131,0.0,1.0
980,60025432,20230131,0.0,0.0
981,60025485,20230131,0.0,0.0
982,60025509,20230131,0.0,0.0
983,60025543,20230131,0.0,0.0
984,60025548,20230131,0.0,0.0
985,60025570,20230131,0.0,0.0
986,60025571,20230131,0.0,0.0
987,60025572,20230131,0.0,0.0
988,60025592,20230131,0.0,0.0
989,60025685,20230131,0.0,0.0
990,60025734,20230131,0.0,0.0
991,60025739,20230131,0.0,0.0
992,60025740,20230131,0.0,0.0
993,60025741,20230131,0.0,0.0
994,60025902,20230131,0.0,0.0
995,60025997,20230131,0.0,0.0
996,60026018,20230131,0.0,0.0
997,60026021,20230131,0.0,0.0
998,60026067,20230131,0.0,0.0
999,60026092,20230131,0.0,0.0
1000,60026101,20230131,0.0,0.0
1001,60026111,20230131,0.0,2.0
1002,60026119,20230131,0.0,1.0
1003,60026140,20230131,0.0,0.0
1004,60026142,20230131,0.0,0.0
1005,60026168,20230131,0.0,0.0
1006,60026179,20230131,0.0,0.0
1007,60026181,20230131,0.0,0.0
1008,60026212,20230131,0.0,0.0
1009,60026216,20230131,0.0,0.0
1010,60026222,20230131,0.0,0.0
1011,60026224,20230131,0.0,0.0
1012,60026226,20230131,0.0,0.0
1013,60026283,20230131,0.0,0.0
1014,60026306,20230131,0.0,1.0
1015,60026332,20230131,0.0,0.0
1016,60026389,20230131,0.0,0.0
1017,60026398,20230131,0.0,0.0
1018,60026425,20230131,0.0,0.0
1019,60026469,20230131,0.0,0.0
1020,60026501,20230131,0.0,0.0
1021,60026525,20230131,0.0,0.0
1022,60026528,20230131,0.0,0.0
1023,60026561,20230131,0.0,1.0
1024,60026573,20230131,0.0,0.0
1025,60026599,20230131,0.0,0.0
1026,60026601,20230131,0.0,0.0
1027,60026640,20230131,0.0,0.0
1028,60026643,20230131,0.0,0.0
1029,60026644,20230131,0.0,0.0
1030,60026653,20230131,0.0,0.0
1031,60026700,20230131,0.0,0.0
1032,60026703,20230131,0.0,0.0
1033,60026712,20230131,0.0,0.0
1034,60026717,20230131,0.0,0.0
1035,60026841,20230131,0.0,0.0
1036,60026857,20230131,0.0,0.0
1037,60026861,20230131,0.0,0.0
1038,60026865,20230131,0.0,0.0
1039,60026880,20230131,0.0,0.0
1040,60026936,20230131,0.0,0.0
1041,60026954,20230131,0.0,0.0
1042,60027043,20230131,0.0,0.0
1043,60027069,20230131,0.0,0.0
1044,60027073,20230131,0.0,0.0
1045,60027086,20230131,0.0,0.0
1046,60027181,20230131,0.0,0.0
1047,60027203,20230131,0.0,0.0
1048,60027248,20230131,0.0,0.0
1049,60027268,20230131,0.0,0.0
1050,60027309,20230131,0.0,0.0
1051,60027377,20230131,0.0,1.0
1052,60027411,20230131,0.0,0.0
1053,60027443,20230131,0.0,1.0
1054,60027446,20230131,0.0,0.0
1055,60027452,20230131,0.0,0.0
1056,60027466,20230131,0.0,0.0
1057,60027473,20230131,0.0,0.0
1058,60027488,20230131,0.0,1.0
1059,60027495,20230131,0.0,0.0
1060,60027530,20230131,0.0,0.0
1061,60027534,20230131,0.0,0.0
1062,60027543,20230131,0.0,0.0
1063,60027552,20230131,0.0,0.0
1064,60027565,20230131,0.0,0.0
1065,60027580,20230131,0.0,0.0
1066,60027583,20230131,0.0,0.0
1067,60027589,20230131,0.0,0.0
1068,60027592,20230131,0.0,0.0
1069,60027596,20230131,0.0,0.0
1070,60027638,20230131,0.0,0.0
1071,60027704,20230131,0.0,0.0
1072,60027719,20230131,0.0,0.0
1073,60027724,20230131,0.0,0.0
1074,60027758,20230131,0.0,0.0
1075,60027761,20230131,0.0,0.0
1076,60027762,20230131,0.0,0.0
1077,60027776,20230131,0.0,0.0
1078,60027838,20230131,0.0,0.0
1079,60027839,20230131,0.0,0.0
1080,60027865,20230131,0.0,0.0
1081,60027897,20230131,0.0,0.0
1082,60027908,20230131,0.0,0.0
1083,60027918,20230131,0.0,0.0
1084,60027923,20230131,0.0,0.0
1085,60027943,20230131,0.0,0.0
1086,60027952,20230131,0.0,1.0
1087,60027974,20230131,0.0,0.0
1088,60027982,20230131,0.0,0.0
1089,60028068,20230131,0.0,0.0
1090,60028092,20230131,0.0,0.0
1091,60028093,20230131,0.0,0.0
1092,60028114,20230131,0.0,0.0
1093,60028115,20230131,0.0,0.0
1094,60028150,20230131,0.0,0.0
1095,60028154,20230131,0.0,0.0
1096,60028156,20230131,0.0,0.0
1097,60028184,20230131,0.0,0.0
1098,60028261,20230131,0.0,0.0
1099,60028266,20230131,0.0,0.0
1100,60028269,20230131,0.0,0.0
1101,60028292,20230131,0.0,1.0
1102,60028297,20230131,0.0,0.0
1103,60028393,20230131,0.0,0.0
1104,60028442,20230131,0.0,0.0
1105,60028464,20230131,0.0,0.0
1106,60028475,20230131,0.0,0.0
1107,60028484,20230131,0.0,0.0
1108,60028603,20230131,0.0,0.0
1109,60028642,20230131,0.0,0.0
1110,60028650,20230131,0.0,0.0
1111,60028659,20230131,0.0,0.0
1112,60028661,20230131,0.0,0.0
1113,60028662,20230131,0.0,0.0
1114,60028663,20230131,0.0,0.0
1115,60028666,20230131,0.0,0.0
1116,60028684,20230131,0.0,0.0
1117,60028746,20230131,0.0,0.0
1118,60028776,20230131,0.0,0.0
1119,60028779,20230131,0.0,0.0
1120,60028786,20230131,0.0,0.0
1121,60028794,20230131,0.0,0.0
1122,60028805,20230131,0.0,0.0
1123,60028812,20230131,0.0,0.0
1124,60028825,20230131,0.0,1.0
1125,60028959,20230131,0.0,0.0
1126,60029008,20230131,0.0,0.0
1127,60029056,20230131,0.0,0.0
1128,60029155,20230131,0.0,0.0
1129,60029166,20230131,0.0,1.0
1130,60029194,20230131,0.0,0.0
1131,60029221,20230131,0.0,0.0
1132,60029261,20230131,0.0,0.0
1133,60029281,20230131,0.0,0.0
1134,60029360,20230131,0.0,0.0
1135,60029384,20230131,0.0,0.0
1136,60029391,20230131,0.0,0.0
1137,60029412,20230131,0.0,0.0
1138,60029413,20230131,0.0,0.0
1139,60029422,20230131,0.0,0.0
1140,60029425,20230131,0.0,0.0
1141,60029476,20230131,0.0,0.0
1142,60029501,20230131,0.0,0.0
1143,60029548,20230131,0.0,0.0
1144,60029549,20230131,0.0,0.0
1145,60029554,20230131,0.0,0.0
1146,60029567,20230131,0.0,0.0
1147,60029573,20230131,0.0,0.0
1148,60029604,20230131,0.0,0.0
1149,60029659,20230131,0.0,1.0
1150,60029661,20230131,-1.0,0.0
1151,60029696,20230131,0.0,0.0
1152,60029719,20230131,0.0,0.0
1153,60029731,20230131,0.0,0.0
1154,60029803,20230131,0.0,0.0
1155,60029805,20230131,0.0,0.0
1156,60029811,20230131,0.0,0.0
1157,60029881,20230131,0.0,0.0
1158,60029901,20230131,0.0,0.0
1159,60029906,20230131,0.0,0.0
1160,60029938,20230131,0.0,0.0
1161,60029944,20230131,0.0,0.0
1162,60029951,20230131,0.0,0.0
1163,60029983,20230131,0.0,0.0
1164,60030013,20230131,0.0,0.0
1165,60030034,20230131,0.0,0.0
1166,60030066,20230131,0.0,0.0
1167,60030088,20230131,0.0,0.0
1168,60030097,20230131,0.0,0.0
1169,60030116,20230131,0.0,0.0
1170,60030142,20230131,0.0,0.0
1171,60030195,20230131,0.0,0.0
1172,60030196,20230131,0.0,0.0
1173,60030218,20230131,0.0,0.0
1174,60030230,20230131,0.0,0.0
1175,60030246,20230131,0.0,0.0
1176,60030293,20230131,0.0,0.0
1177,60030320,20230131,0.0,0.0
1178,60030372,20230131,0.0,0.0
1179,60030398,20230131,0.0,0.0
1180,60030420,20230131,0.0,0.0
1181,60030434,20230131,0.0,0.0
1182,60030459,20230131,0.0,0.0
1183,60030486,20230131,0.0,0.0
1184,60030537,20230131,0.0,0.0
1185,60030620,20230131,0.0,0.0
1186,60030626,20230131,0.0,0.0
1187,60030661,20230131,0.0,0.0
1188,60030677,20230131,0.0,0.0
1189,60030705,20230131,0.0,1.0
1190,60030721,20230131,0.0,0.0
1191,60030762,20230131,0.0,0.0
1192,60030784,20230131,0.0,0.0
1193,60030789,20230131,0.0,0.0
1194,60030817,20230131,0.0,0.0
1195,60030821,20230131,0.0,0.0
1196,60030890,20230131,0.0,0.0
1197,60030938,20230131,0.0,0.0
1198,60030974,20230131,0.0,0.0
1199,60031004,20230131,0.0,0.0
1200,60031018,20230131,0.0,0.0
1201,60031037,20230131,0.0,0.0
1202,60031070,20230131,0.0,0.0
1203,60031088,20230131,0.0,0.0
1204,60031090,20230131,0.0,0.0
1205,60031105,20230131,0.0,0.0
1206,60031109,20230131,0.0,0.0
1207,60031110,20230131,0.0,0.0
1208,60031155,20230131,0.0,0.0
1209,60031177,20230131,0.0,0.0
1210,60031179,20230131,0.0,0.0
1211,60031187,20230131,0.0,0.0
1212,60031202,20230131,0.0,0.0
1213,60031203,20230131,0.0,0.0
1214,60031207,20230131,0.0,0.0
1215,60031212,20230131,0.0,0.0
1216,60031222,20230131,0.0,0.0
1217,60031223,20230131,0.0,0.0
1218,60031229,20230131,0.0,0.0
1219,60031231,20230131,0.0,0.0
1220,60031245,20230131,0.0,0.0
1221,60031292,20230131,0.0,0.0
1222,60031296,20230131,0.0,0.0
1223,60031298,20230131,0.0,0.0
1224,60031345,20230131,0.0,0.0
1225,60031366,20230131,0.0,0.0
1226,60031376,20230131,0.0,0.0
1227,60031379,20230131,0.0,1.0
1228,60031386,20230131,0.0,0.0
1229,60031396,20230131,0.0,0.0
1230,60031398,20230131,0.0,0.0
1231,60031402,20230131,0.0,0.0
1232,60031408,20230131,0.0,0.0
1233,60031409,20230131,0.0,0.0
1234,60031413,20230131,0.0,2.0
1235,60031416,20230131,0.0,0.0
1236,60031419,20230131,0.0,0.0
1237,60031422,20230131,0.0,0.0
1238,60031440,20230131,0.0,0.0
1239,60031442,20230131,0.0,0.0
1240,60031443,20230131,0.0,0.0
1241,60031451,20230131,0.0,0.0
1242,60031457,20230131,0.0,0.0
1243,60031486,20230131,0.0,0.0
1244,60031502,20230131,0.0,0.0
1245,60031520,20230131,0.0,0.0
1246,60031524,20230131,0.0,0.0
1247,60031538,20230131,0.0,0.0
1248,60031544,20230131,0.0,0.0
1249,60031579,20230131,0.0,0.0
1250,60031596,20230131,0.0,0.0
1251,60031598,20230131,0.0,0.0
1252,60031600,20230131,0.0,0.0
1253,60031631,20230131,0.0,1.0
1254,60031635,20230131,0.0,1.0
1255,60031639,20230131,0.0,0.0
1256,60031676,20230131,0.0,0.0
1257,60031681,20230131,0.0,0.0
1258,60031691,20230131,0.0,0.0
1259,60031752,20230131,0.0,0.0
1260,60031755,20230131,0.0,0.0
1261,60031757,20230131,0.0,0.0
1262,60031767,20230131,0.0,0.0
1263,60031789,20230131,0.0,0.0
1264,60031799,20230131,0.0,1.0
1265,60031805,20230131,0.0,0.0
1266,60031817,20230131,0.0,0.0
1267,60031835,20230131,0.0,0.0
1268,60031840,20230131,0.0,0.0
1269,60031843,20230131,0.0,0.0
1270,60031847,20230131,0.0,0.0
1271,60031850,20230131,0.0,0.0
1272,60031895,20230131,0.0,0.0
1273,60031910,20230131,0.0,0.0
1274,60031915,20230131,0.0,0.0
1275,60031954,20230131,0.0,0.0
1276,60031969,20230131,0.0,1.0
1277,60031973,20230131,0.0,0.0
1278,60032008,20230131,0.0,1.0
1279,60032014,20230131,0.0,0.0
1280,60032074,20230131,0.0,0.0
1281,60032078,20230131,0.0,0.0
1282,60032080,20230131,0.0,0.0
1283,60032109,20230131,0.0,0.0
1284,60032123,20230131,0.0,0.0
1285,60032165,20230131,0.0,0.0
1286,60032182,20230131,0.0,0.0
1287,60032184,20230131,0.0,0.0
1288,60032194,20230131,0.0,0.0
1289,60032195,20230131,0.0,0.0
1290,60032197,20230131,0.0,0.0
1291,60032214,20230131,0.0,0.0
1292,60032225,20230131,0.0,2.0
1293,60032236,20230131,0.0,0.0
1294,60032248,20230131,0.0,0.0
1295,60032259,20230131,0.0,0.0
1296,60032261,20230131,0.0,0.0
1297,60032273,20230131,0.0,0.0
1298,60032280,20230131,0.0,1.0
1299,60032285,20230131,0.0,0.0
1300,60032287,20230131,0.0,0.0
1301,60032290,20230131,0.0,1.0
1302,60032295,20230131,0.0,0.0
1303,60032318,20230131,0.0,0.0
1304,60032350,20230131,0.0,0.0
1305,60032385,20230131,0.0,0.0
1306,60032388,20230131,0.0,0.0
1307,60032396,20230131,0.0,0.0
1308,60032411,20230131,0.0,0.0
1309,60032454,20230131,0.0,0.0
1310,60032466,20230131,0.0,0.0
1311,60032485,20230131,0.0,0.0
1312,60032503,20230131,0.0,0.0
1313,60032509,20230131,0.0,0.0
1314,60032522,20230131,0.0,0.0
1315,60032526,20230131,0.0,0.0
1316,60032527,20230131,0.0,0.0
1317,60032528,20230131,0.0,0.0
1318,60032592,20230131,0.0,0.0
1319,60032645,20230131,0.0,0.0
1320,60032651,20230131,0.0,0.0
1321,60032652,20230131,0.0,0.0
1322,60032677,20230131,0.0,0.0
1323,60032691,20230131,0.0,0.0
1324,60032697,20230131,0.0,0.0
1325,60032705,20230131,0.0,0.0
1326,60032715,20230131,0.0,0.0
1327,60032724,20230131,0.0,0.0
1328,60032737,20230131,0.0,0.0
1329,60032741,20230131,0.0,0.0
1330,60032759,20230131,0.0,1.0
1331,60032775,20230131,0.0,0.0
1332,60032803,20230131,0.0,0.0
1333,60032814,20230131,0.0,0.0
1334,60032816,20230131,0.0,1.0
1335,60032818,20230131,0.0,0.0
1336,60032824,20230131,0.0,0.0
1337,60032845,20230131,0.0,0.0
1338,60032847,20230131,0.0,0.0
1339,60032856,20230131,0.0,0.0
1340,60032867,20230131,0.0,0.0
1341,60032871,20230131,0.0,0.0
1342,60032887,20230131,0.0,0.0
1343,60032888,20230131,0.0,0.0
1344,60032889,20230131,0.0,0.0
1345,60032911,20230131,0.0,0.0
1346,60032916,20230131,0.0,3.0
1347,60032918,20230131,0.0,0.0
1348,60032937,20230131,0.0,0.0
1349,60032959,20230131,0.0,0.0
1350,60032974,20230131,0.0,0.0
1351,60032997,20230131,0.0,0.0
1352,60033016,20230131,0.0,0.0
1353,60033044,20230131,0.0,0.0
1354,60033046,20230131,0.0,0.0
1355,60033057,20230131,0.0,0.0
1356,60033072,20230131,0.0,0.0
1357,60033105,20230131,0.0,0.0
1358,60033109,20230131,0.0,0.0
1359,60033122,20230131,0.0,0.0
1360,60033123,20230131,0.0,0.0
1361,60033130,20230131,0.0,0.0
1362,60033133,20230131,0.0,0.0
1363,60033143,20230131,0.0,0.0
1364,60033157,20230131,0.0,0.0
1365,60033182,20230131,0.0,0.0
1366,60033194,20230131,0.0,0.0
1367,60033215,20230131,0.0,0.0
1368,60033223,20230131,0.0,0.0
1369,60033233,20230131,0.0,0.0
1370,60033235,20230131,0.0,0.0
1371,60033267,20230131,0.0,0.0
1372,60033270,20230131,0.0,0.0
1373,60033277,20230131,0.0,0.0
1374,60033292,20230131,0.0,0.0
1375,60033301,20230131,0.0,0.0
1376,60033308,20230131,0.0,0.0
1377,60033318,20230131,0.0,0.0
1378,60033353,20230131,0.0,0.0
1379,60033361,20230131,0.0,0.0
1380,60033376,20230131,0.0,0.0
1381,60033378,20230131,0.0,1.0
1382,60033394,20230131,0.0,0.0
1383,60033421,20230131,0.0,0.0
1384,60033424,20230131,0.0,0.0
1385,60033469,20230131,0.0,1.0
1386,60033471,20230131,0.0,0.0
1387,60033474,20230131,0.0,0.0
1388,60033498,20230131,0.0,0.0
1389,60033524,20230131,0.0,0.0
1390,60033545,20230131,0.0,1.0
1391,60033579,20230131,0.0,0.0
1392,60033580,20230131,0.0,0.0
1393,60033584,20230131,0.0,0.0
1394,60033585,20230131,0.0,0.0
1395,60033597,20230131,0.0,0.0
1396,60033602,20230131,0.0,0.0
1397,60033612,20230131,0.0,0.0
1398,60033636,20230131,0.0,0.0
1399,60033657,20230131,0.0,0.0
1400,60033658,20230131,0.0,0.0
1401,60033664,20230131,0.0,0.0
1402,60033680,20230131,0.0,0.0
1403,60033700,20230131,0.0,1.0
1404,60033716,20230131,0.0,1.0
1405,60033750,20230131,0.0,0.0
1406,60033791,20230131,0.0,0.0
1407,60033843,20230131,0.0,0.0
1408,60033881,20230131,0.0,1.0
1409,60033884,20230131,0.0,0.0
1410,60033888,20230131,0.0,1.0
1411,60033890,20230131,0.0,0.0
1412,60033910,20230131,0.0,0.0
1413,60033927,20230131,0.0,0.0
1414,60033961,20230131,0.0,0.0
1415,60033964,20230131,0.0,0.0
1416,60033967,20230131,0.0,0.0
1417,60033970,20230131,0.0,0.0
1418,60033979,20230131,0.0,0.0
1419,60033989,20230131,0.0,0.0
1420,60033991,20230131,0.0,0.0
1421,60034022,20230131,0.0,0.0
1422,60034031,20230131,0.0,0.0
1423,60034046,20230131,0.0,0.0
1424,60034060,20230131,0.0,0.0
1425,60034077,20230131,0.0,0.0
1426,60034164,20230131,0.0,0.0
1427,60034217,20230131,0.0,0.0
1428,60034313,20230131,0.0,0.0
1429,60034347,20230131,0.0,0.0
1430,60034359,20230131,0.0,0.0
1431,60034406,20230131,0.0,0.0
1432,60034415,20230131,0.0,0.0
1433,60034461,20230131,0.0,0.0
1434,60034488,20230131,0.0,0.0
1435,60034529,20230131,0.0,0.0
1436,60034572,20230131,0.0,0.0
1437,60034632,20230131,0.0,0.0
1438,60034684,20230131,0.0,0.0
1439,60034691,20230131,0.0,0.0
1440,60034709,20230131,0.0,0.0
1441,60034715,20230131,0.0,0.0
1442,60034781,20230131,0.0,0.0
1443,60034787,20230131,0.0,0.0
1444,60034800,20230131,0.0,0.0
1445,60034816,20230131,0.0,0.0
1446,60034828,20230131,0.0,0.0
1447,60034830,20230131,0.0,0.0
1448,60034834,20230131,0.0,1.0
1449,60034836,20230131,0.0,1.0
1450,60034841,20230131,0.0,0.0
1451,60034900,20230131,0.0,0.0
1452,60034901,20230131,0.0,0.0
1453,60034902,20230131,0.0,0.0
1454,60034969,20230131,0.0,0.0
1455,60035028,20230131,0.0,0.0
1456,60035029,20230131,0.0,0.0
1457,60035040,20230131,0.0,0.0
1458,60035116,20230131,0.0,0.0
1459,60035164,20230131,0.0,0.0
1460,60035166,20230131,0.0,0.0
1461,60035167,20230131,0.0,0.0
1462,60035169,20230131,0.0,0.0
1463,60035173,20230131,0.0,0.0
1464,60035181,20230131,0.0,2.0
1465,60035194,20230131,0.0,0.0
1466,60035206,20230131,0.0,0.0
1467,60035225,20230131,0.0,0.0
1468,60035254,20230131,0.0,0.0
1469,60035259,20230131,0.0,0.0
1470,60035287,20230131,0.0,0.0
1471,60035303,20230131,0.0,0.0
1472,60035323,20230131,0.0,0.0
1473,60035344,20230131,0.0,0.0
1474,60035345,20230131,0.0,0.0
1475,60035374,20230131,0.0,0.0
1476,60035411,20230131,0.0,0.0
1477,60035424,20230131,0.0,0.0
1478,60035441,20230131,0.0,0.0
1479,60035507,20230131,0.0,0.0
1480,60035553,20230131,0.0,0.0
1481,60035726,20230131,0.0,2.0
1482,60035743,20230131,0.0,0.0
1483,60035763,20230131,0.0,0.0
1484,60035791,20230131,-1.0,0.0
1485,60035792,20230131,0.0,0.0
1486,60035829,20230131,0.0,0.0
1487,60035878,20230131,0.0,0.0
1488,60035906,20230131,0.0,0.0
1489,60035926,20230131,0.0,0.0
1490,60035943,20230131,0.0,0.0
1491,60035988,20230131,0.0,0.0
1492,60035994,20230131,0.0,0.0
1493,60035997,20230131,0.0,0.0
1494,60036002,20230131,0.0,0.0
1495,60036020,20230131,0.0,0.0
1496,60036028,20230131,0.0,0.0
1497,60036032,20230131,0.0,0.0
1498,60036060,20230131,0.0,0.0
1499,60036079,20230131,0.0,0.0
1500,60036111,20230131,0.0,0.0
1501,60036128,20230131,0.0,0.0
1502,60036163,20230131,0.0,0.0
1503,60036167,20230131,0.0,0.0
1504,60036170,20230131,0.0,0.0
1505,60036217,20230131,0.0,0.0
1506,60036220,20230131,0.0,0.0
1507,60036280,20230131,0.0,0.0
1508,60036285,20230131,0.0,0.0
1509,60036344,20230131,0.0,0.0
1510,60036353,20230131,0.0,0.0
1511,60036378,20230131,0.0,0.0
1512,60036387,20230131,0.0,0.0
1513,60036498,20230131,0.0,0.0
1514,60036510,20230131,0.0,0.0
1515,60036514,20230131,0.0,0.0
1516,60036548,20230131,0.0,0.0
1517,60036556,20230131,0.0,1.0
1518,60036580,20230131,0.0,0.0
1519,60036646,20230131,0.0,0.0
1520,60036662,20230131,0.0,0.0
1521,60036676,20230131,0.0,0.0
1522,60036827,20230131,0.0,0.0
1523,60036860,20230131,0.0,0.0
1524,60036883,20230131,0.0,0.0
1525,60036957,20230131,0.0,0.0
1526,60036996,20230131,0.0,0.0
1527,60036999,20230131,0.0,0.0
1528,60037000,20230131,0.0,0.0
1529,60037008,20230131,0.0,0.0
1530,60037014,20230131,0.0,0.0
1531,60037024,20230131,0.0,0.0
1532,60037199,20230131,0.0,0.0
1533,60037230,20230131,0.0,0.0
1534,60037261,20230131,0.0,0.0
1535,60037340,20230131,0.0,0.0
1536,60037350,20230131,0.0,0.0
1537,60037354,20230131,0.0,0.0
1538,60037363,20230131,0.0,1.0
1539,60037366,20230131,0.0,0.0
1540,60037406,20230131,0.0,0.0
1541,60037442,20230131,0.0,0.0
1542,60037447,20230131,0.0,0.0
1543,60037464,20230131,0.0,0.0
1544,60037465,20230131,0.0,0.0
1545,60037485,20230131,0.0,0.0
1546,60037497,20230131,0.0,1.0
1547,60037507,20230131,0.0,0.0
1548,60037515,20230131,0.0,0.0
1549,60037520,20230131,0.0,0.0
1550,60037529,20230131,0.0,0.0
1551,60037553,20230131,0.0,0.0
1552,60037579,20230131,0.0,0.0
1553,60037597,20230131,0.0,0.0
1554,60037598,20230131,0.0,0.0
1555,60037625,20230131,0.0,0.0
1556,60037647,20230131,0.0,0.0
1557,60037648,20230131,0.0,0.0
1558,60037657,20230131,0.0,0.0
1559,60037661,20230131,0.0,0.0
1560,60037677,20230131,0.0,0.0
1561,60037679,20230131,0.0,0.0
1562,60037682,20230131,0.0,0.0
1563,60037686,20230131,0.0,1.0
1564,60037693,20230131,0.0,0.0
1565,60037697,20230131,0.0,0.0
1566,60037706,20230131,0.0,0.0
1567,60037712,20230131,0.0,0.0
1568,60037756,20230131,0.0,0.0
1569,60037757,20230131,0.0,0.0
1570,60037819,20230131,0.0,0.0
1571,60038011,20230131,0.0,0.0
1572,60038080,20230131,0.0,0.0
1573,60038082,20230131,0.0,1.0
1574,60038357,20230131,0.0,0.0
1575,60038392,20230131,0.0,0.0
1576,60038402,20230131,0.0,0.0
1577,60038477,20230131,0.0,0.0
1578,60038502,20230131,0.0,0.0
1579,60038567,20230131,0.0,0.0
1580,60038604,20230131,0.0,0.0
1581,60038634,20230131,0.0,0.0
1582,60038641,20230131,0.0,1.0
1583,60038670,20230131,0.0,0.0
1584,60038737,20230131,0.0,1.0
1585,60038766,20230131,0.0,0.0
1586,60038799,20230131,0.0,0.0
1587,60038806,20230131,0.0,0.0
1588,60038818,20230131,0.0,5.0
1589,60039013,20230131,0.0,0.0
1590,60039061,20230131,0.0,0.0
1591,60039140,20230131,0.0,0.0
1592,60039193,20230131,0.0,0.0
1593,60039194,20230131,0.0,1.0
1594,60039270,20230131,0.0,3.0
1595,60039283,20230131,0.0,1.0
1596,60039331,20230131,0.0,0.0
1597,60039377,20230131,0.0,0.0
1598,60039464,20230131,0.0,0.0
1599,60039537,20230131,0.0,0.0
1600,60039572,20230131,0.0,1.0
1601,60039649,20230131,0.0,0.0
1602,60039660,20230131,0.0,0.0
1603,60039715,20230131,0.0,0.0
1604,60039717,20230131,0.0,1.0
1605,60039789,20230131,0.0,0.0
1606,60039827,20230131,0.0,0.0
1607,60039863,20230131,-1.0,0.0
1608,60040229,20230131,0.0,0.0
1609,60040261,20230131,0.0,1.0
1610,60040264,20230131,0.0,0.0
1611,60040447,20230131,0.0,0.0
1612,60040494,20230131,0.0,0.0
1613,60040537,20230131,0.0,0.0
1614,60040541,20230131,0.0,0.0
1615,60040620,20230131,0.0,0.0
1616,60040659,20230131,0.0,0.0
1617,60040745,20230131,0.0,1.0
1618,60040769,20230131,0.0,0.0
1619,60040902,20230131,0.0,2.0
1620,60040905,20230131,0.0,0.0
1621,60040942,20230131,0.0,0.0
1622,60040955,20230131,0.0,0.0
1623,60040965,20230131,0.0,0.0
1624,60040986,20230131,0.0,1.0
1625,60041028,20230131,0.0,0.0
1626,60041062,20230131,0.0,0.0
1627,60041068,20230131,0.0,0.0
1628,60041082,20230131,0.0,0.0
1629,60041087,20230131,0.0,0.0
1630,60041110,20230131,0.0,0.0
1631,60041111,20230131,0.0,0.0
1632,60041174,20230131,0.0,0.0
1633,60041220,20230131,0.0,0.0
1634,60041228,20230131,0.0,0.0
1635,60041237,20230131,0.0,0.0
1636,60041256,20230131,0.0,0.0
1637,60041262,20230131,0.0,1.0
1638,60041298,20230131,0.0,0.0
1639,60041302,20230131,0.0,2.0
1640,60041304,20230131,0.0,0.0
1641,60041420,20230131,0.0,0.0
1642,60041423,20230131,0.0,0.0
1643,60041472,20230131,0.0,0.0
1644,60041473,20230131,0.0,0.0
1645,60041512,20230131,0.0,0.0
1646,60041526,20230131,0.0,0.0
1647,60041544,20230131,0.0,1.0
1648,60041545,20230131,0.0,0.0
1649,60041567,20230131,0.0,0.0
1650,60041658,20230131,0.0,2.0
1651,60041662,20230131,0.0,1.0
1652,60041681,20230131,0.0,0.0
1653,60041745,20230131,0.0,0.0
1654,60041775,20230131,0.0,0.0
1655,60041778,20230131,0.0,0.0
1656,60041821,20230131,0.0,0.0
1657,60041916,20230131,0.0,0.0
1658,60041963,20230131,0.0,0.0
1659,60041981,20230131,0.0,2.0
1660,60042074,20230131,0.0,0.0
1661,60042080,20230131,0.0,0.0
1662,60042128,20230131,0.0,0.0
1663,60042136,20230131,0.0,2.0
1664,60042208,20230131,0.0,0.0
1665,60042341,20230131,-4.0,0.0
1666,60042373,20230131,0.0,0.0
1667,60042375,20230131,0.0,0.0
1668,60042492,20230131,0.0,0.0
1669,60042549,20230131,0.0,0.0
1670,60042670,20230131,0.0,0.0
1671,60042706,20230131,0.0,1.0
1672,60042773,20230131,-1.0,2.0
1673,60042781,20230131,0.0,0.0
1674,60042783,20230131,0.0,0.0
1675,60042798,20230131,0.0,0.0
1676,60042803,20230131,0.0,0.0
1677,60042839,20230131,0.0,0.0
1678,60042878,20230131,0.0,0.0
1679,60043073,20230131,0.0,0.0
1680,60043093,20230131,-1.0,0.0
1681,60043100,20230131,0.0,0.0
1682,60043202,20230131,0.0,0.0
1683,60043203,20230131,0.0,0.0
1684,60043211,20230131,0.0,1.0
1685,60043308,20230131,0.0,0.0
1686,60043424,20230131,0.0,0.0
1687,60043588,20230131,0.0,0.0
1688,60043596,20230131,0.0,0.0
1689,60043718,20230131,0.0,0.0
1690,60043722,20230131,0.0,0.0
1691,60043779,20230131,0.0,0.0
1692,60043784,20230131,0.0,0.0
1693,60043785,20230131,0.0,0.0
1694,60043825,20230131,0.0,0.0
1695,60043854,20230131,0.0,0.0
1696,60043918,20230131,0.0,2.0
1697,60043923,20230131,0.0,1.0
1698,60043984,20230131,0.0,0.0
1699,60043999,20230131,0.0,1.0
1700,60044009,20230131,0.0,0.0
1701,60044102,20230131,0.0,0.0
1702,60044305,20230131,0.0,0.0
1703,60044306,20230131,-1.0,0.0
1704,60044366,20230131,0.0,0.0
1705,60044555,20230131,0.0,1.0
1706,60044563,20230131,0.0,0.0
1707,60044712,20230131,0.0,0.0
1708,60044722,20230131,0.0,0.0
1709,60044725,20230131,0.0,0.0
1710,60044819,20230131,0.0,0.0
1711,60044938,20230131,0.0,0.0
1712,60045018,20230131,0.0,0.0
1713,60045076,20230131,0.0,0.0
1714,60045089,20230131,0.0,0.0
1715,60045120,20230131,0.0,0.0
1716,60045133,20230131,0.0,0.0
1717,60045138,20230131,0.0,0.0
1718,60045169,20230131,0.0,0.0
1719,60045255,20230131,0.0,0.0
1720,60045276,20230131,-1.0,0.0
1721,60045305,20230131,0.0,1.0
1722,60045327,20230131,0.0,0.0
1723,60045437,20230131,0.0,0.0
1724,60045441,20230131,0.0,0.0
1725,60045633,20230131,0.0,0.0
1726,60045676,20230131,0.0,0.0
1727,60045689,20230131,0.0,1.0
1728,60045701,20230131,0.0,0.0
1729,60045715,20230131,0.0,0.0
1730,60045760,20230131,0.0,0.0
1731,60045802,20230131,0.0,0.0
1732,60045813,20230131,0.0,0.0
1733,60045818,20230131,0.0,0.0
1734,60045840,20230131,0.0,1.0
1735,60045858,20230131,0.0,1.0
1736,60045862,20230131,0.0,0.0
1737,60045900,20230131,0.0,0.0
1738,60045902,20230131,0.0,0.0
1739,60046025,20230131,0.0,0.0
1740,60046054,20230131,0.0,0.0
1741,60046079,20230131,0.0,0.0
1742,60046124,20230131,0.0,0.0
1743,60046125,20230131,0.0,0.0
1744,60046151,20230131,0.0,0.0
1745,60046183,20230131,0.0,0.0
1746,60046214,20230131,0.0,3.0
1747,60046238,20230131,-2.0,1.0
1748,60046253,20230131,-5.0,0.0
1749,60046261,20230131,0.0,0.0
1750,60046269,20230131,0.0,0.0
1751,60046287,20230131,0.0,0.0
1752,60046368,20230131,0.0,0.0
1753,60046392,20230131,0.0,0.0
1754,60046504,20230131,-1.0,0.0
1755,60046535,20230131,0.0,0.0
1756,60046561,20230131,0.0,0.0
1757,60046600,20230131,0.0,0.0
1758,60046812,20230131,0.0,0.0
1759,60046818,20230131,0.0,1.0
1760,60046843,20230131,0.0,0.0
1761,60046961,20230131,0.0,0.0
1762,60047024,20230131,0.0,0.0
1763,60047037,20230131,0.0,1.0
1764,60047089,20230131,0.0,0.0
1765,60047205,20230131,0.0,0.0
1766,60047405,20230131,0.0,2.0
1767,60047519,20230131,0.0,0.0
1768,60047638,20230131,0.0,0.0
1769,60047641,20230131,0.0,1.0
1770,60047665,20230131,0.0,0.0
1771,60047904,20230131,0.0,0.0
1772,60047909,20230131,0.0,0.0
1773,60047933,20230131,0.0,0.0
1774,60047939,20230131,0.0,0.0
1775,60048064,20230131,0.0,0.0
1776,60048084,20230131,0.0,0.0
1777,60048208,20230131,0.0,0.0
1778,60048242,20230131,0.0,0.0
1779,60048611,20230131,0.0,0.0
1780,60048682,20230131,0.0,0.0
1781,60048826,20230131,0.0,0.0
1782,60049108,20230131,0.0,0.0
1783,60049120,20230131,0.0,0.0
1784,60049221,20230131,0.0,1.0
1785,60049228,20230131,-1.0,1.0
1786,60049232,20230131,0.0,0.0
1787,60049386,20230131,0.0,0.0
1788,60049391,20230131,0.0,0.0
1789,60049402,20230131,0.0,0.0
1790,60049464,20230131,0.0,0.0
1791,60049525,20230131,0.0,1.0
1792,60049558,20230131,0.0,0.0
1793,60049726,20230131,0.0,0.0
1794,60049885,20230131,0.0,0.0
1795,60049941,20230131,0.0,0.0
1796,60050013,20230131,0.0,0.0
1797,60050224,20230131,0.0,1.0
1798,60050232,20230131,0.0,1.0
1799,60050233,20230131,0.0,0.0
1800,60050279,20230131,0.0,1.0
1801,60050349,20230131,0.0,0.0
1802,60050457,20230131,0.0,0.0
1803,60050483,20230131,0.0,0.0
1804,60050522,20230131,0.0,0.0
1805,60050639,20230131,-1.0,0.0
1806,60050719,20230131,0.0,0.0
1807,60050752,20230131,0.0,0.0
1808,60050772,20230131,0.0,0.0
1809,60050816,20230131,0.0,0.0
1810,60050824,20230131,0.0,0.0
1811,60050874,20230131,0.0,0.0
1812,60050927,20230131,0.0,2.0
1813,60050966,20230131,0.0,0.0
1814,60050976,20230131,0.0,0.0
1815,60051003,20230131,0.0,0.0
1816,60051014,20230131,0.0,0.0
1817,60051063,20230131,0.0,0.0
1818,60051068,20230131,0.0,0.0
1819,60051072,20230131,0.0,0.0
1820,60051114,20230131,0.0,0.0
1821,60051178,20230131,0.0,0.0
1822,60051181,20230131,0.0,0.0
1823,60051183,20230131,-1.0,0.0
1824,60051257,20230131,0.0,0.0
1825,60051262,20230131,0.0,0.0
1826,60051313,20230131,0.0,1.0
1827,60051314,20230131,0.0,1.0
1828,60051323,20230131,0.0,0.0
1829,60051369,20230131,0.0,0.0
1830,60051553,20230131,0.0,0.0
1831,60051554,20230131,0.0,0.0
1832,60051584,20230131,0.0,1.0
1833,60051596,20230131,0.0,0.0
1834,60051627,20230131,0.0,1.0
1835,60051639,20230131,0.0,0.0
1836,60051640,20230131,0.0,0.0
1837,60051692,20230131,0.0,0.0
1838,60051720,20230131,0.0,0.0
1839,60051731,20230131,0.0,0.0
1840,60051732,20230131,0.0,0.0
1841,60051800,20230131,0.0,0.0
1842,60051843,20230131,0.0,0.0
1843,60051895,20230131,0.0,1.0
1844,60051901,20230131,0.0,0.0
1845,60051937,20230131,0.0,0.0
1846,60051992,20230131,0.0,0.0
1847,60052052,20230131,0.0,0.0
1848,60052055,20230131,0.0,0.0
1849,60052090,20230131,0.0,1.0
1850,60052092,20230131,0.0,0.0
1851,60052230,20230131,0.0,0.0
1852,60052239,20230131,0.0,0.0
1853,60052247,20230131,0.0,0.0
1854,60052314,20230131,0.0,0.0
1855,60052315,20230131,0.0,0.0
1856,60052318,20230131,0.0,0.0
1857,60052382,20230131,0.0,0.0
1858,60052391,20230131,0.0,0.0
1859,60052430,20230131,0.0,1.0
1860,60052432,20230131,0.0,0.0
1861,60052531,20230131,0.0,0.0
1862,60052549,20230131,0.0,0.0
1863,60052596,20230131,0.0,0.0
1864,60052601,20230131,0.0,0.0
1865,60052633,20230131,0.0,0.0
1866,60052641,20230131,0.0,0.0
1867,60052646,20230131,0.0,1.0
1868,60052711,20230131,0.0,0.0
1869,60052756,20230131,0.0,0.0
1870,60052789,20230131,0.0,0.0
1871,60052798,20230131,0.0,0.0
1872,60052873,20230131,0.0,0.0
1873,60052876,20230131,0.0,0.0
1874,60052915,20230131,0.0,0.0
1875,60052933,20230131,0.0,0.0
1876,60052952,20230131,0.0,1.0
1877,60052984,20230131,0.0,0.0
1878,60052986,20230131,-1.0,2.0
1879,60052990,20230131,0.0,0.0
1880,60052995,20230131,0.0,1.0
1881,60053045,20230131,0.0,3.0
1882,60053047,20230131,0.0,1.0
1883,60053048,20230131,0.0,0.0
1884,60053115,20230131,-1.0,0.0
1885,60053126,20230131,0.0,0.0
1886,60053138,20230131,0.0,0.0
1887,60053155,20230131,0.0,0.0
1888,60053158,20230131,0.0,0.0
1889,60053167,20230131,0.0,0.0
1890,60053182,20230131,0.0,0.0
1891,60053193,20230131,0.0,0.0
1892,60053203,20230131,0.0,0.0
1893,60053271,20230131,0.0,0.0
1894,60053274,20230131,0.0,0.0
1895,60053308,20230131,0.0,0.0
1896,60053309,20230131,0.0,0.0
1897,60053352,20230131,0.0,1.0
1898,60053378,20230131,0.0,0.0
1899,60053396,20230131,0.0,0.0
1900,60053449,20230131,0.0,0.0
1901,60053461,20230131,0.0,0.0
1902,60053465,20230131,0.0,0.0
1903,60053528,20230131,0.0,0.0
1904,60053541,20230131,0.0,0.0
1905,60053611,20230131,0.0,0.0
1906,60053613,20230131,0.0,0.0
1907,60053731,20230131,0.0,0.0
1908,60053789,20230131,0.0,0.0
1909,60053860,20230131,0.0,0.0
1910,60053884,20230131,0.0,0.0
1911,60053893,20230131,0.0,0.0
1912,60053940,20230131,0.0,0.0
1913,60053967,20230131,0.0,0.0
1914,60053972,20230131,0.0,2.0
1915,60053993,20230131,0.0,1.0
1916,60054015,20230131,0.0,0.0
1917,60054016,20230131,0.0,0.0
1918,60054022,20230131,0.0,0.0
1919,60054078,20230131,0.0,0.0
1920,60054091,20230131,0.0,0.0
1921,60054103,20230131,0.0,0.0
1922,60054127,20230131,0.0,2.0
1923,60054133,20230131,0.0,0.0
1924,60054177,20230131,0.0,0.0
1925,60054187,20230131,0.0,1.0
1926,60054191,20230131,0.0,0.0
1927,60054229,20230131,0.0,0.0
1928,60054245,20230131,0.0,0.0
1929,60054266,20230131,0.0,1.0
1930,60054276,20230131,0.0,0.0
1931,60054281,20230131,0.0,0.0
1932,60054295,20230131,0.0,0.0
1933,60054336,20230131,0.0,0.0
1934,60054338,20230131,0.0,0.0
1935,60054359,20230131,-1.0,0.0
1936,60054433,20230131,0.0,0.0
1937,60054469,20230131,0.0,0.0
1938,60054472,20230131,0.0,1.0
1939,60054473,20230131,0.0,1.0
1940,60054476,20230131,0.0,1.0
1941,60054478,20230131,0.0,1.0
1942,60054480,20230131,0.0,0.0
1943,60054510,20230131,0.0,0.0
1944,60054549,20230131,0.0,0.0
1945,60054572,20230131,0.0,0.0
1946,60054579,20230131,0.0,0.0
1947,60054587,20230131,0.0,0.0
1948,60054604,20230131,0.0,0.0
1949,60054609,20230131,0.0,0.0
1950,60054635,20230131,0.0,0.0
1951,60054688,20230131,0.0,0.0
1952,60054695,20230131,0.0,0.0
1953,60054696,20230131,0.0,0.0
1954,60054702,20230131,0.0,0.0
1955,60054734,20230131,0.0,0.0
1956,60054813,20230131,0.0,0.0
1957,60054825,20230131,0.0,0.0
1958,60054883,20230131,0.0,0.0
1959,60054895,20230131,0.0,0.0
1960,60054960,20230131,0.0,0.0
1961,60054978,20230131,0.0,0.0
1962,60054979,20230131,0.0,0.0
1963,60055010,20230131,0.0,1.0
1964,60055017,20230131,0.0,0.0
1965,60055035,20230131,0.0,0.0
1966,60055041,20230131,0.0,0.0
1967,60055095,20230131,0.0,1.0
1968,60055101,20230131,0.0,1.0
1969,60055110,20230131,0.0,0.0
1970,60055137,20230131,0.0,1.0
1971,60055194,20230131,-4.0,0.0
1972,60055261,20230131,0.0,1.0
1973,60055273,20230131,0.0,0.0
1974,60055323,20230131,0.0,1.0
1975,60055325,20230131,0.0,0.0
1976,60055371,20230131,0.0,0.0
1977,60055379,20230131,0.0,2.0
1978,60055419,20230131,0.0,0.0
1979,60055421,20230131,0.0,0.0
1980,60055451,20230131,0.0,0.0
1981,60055465,20230131,0.0,0.0
1982,60055466,20230131,0.0,0.0
1983,60055507,20230131,0.0,0.0
1984,60055533,20230131,0.0,0.0
1985,60055569,20230131,0.0,0.0
1986,60055614,20230131,0.0,1.0
1987,60055623,20230131,0.0,1.0
1988,60055648,20230131,0.0,1.0
1989,60055663,20230131,0.0,0.0
1990,60055711,20230131,0.0,0.0
1991,60055712,20230131,0.0,0.0
1992,60055714,20230131,0.0,0.0
1993,60055798,20230131,0.0,0.0
1994,60055816,20230131,0.0,1.0
1995,60055853,20230131,0.0,0.0
1996,60055891,20230131,0.0,1.0
1997,60055919,20230131,0.0,2.0
1998,60055929,20230131,0.0,7.0
1999,60055930,20230131,0.0,1.0
2000,60055932,20230131,0.0,1.0
2001,60055933,20230131,0.0,5.0
2002,60055934,20230131,0.0,2.0
2003,60055935,20230131,0.0,1.0
2004,60055936,20230131,0.0,1.0
2005,60055939,20230131,0.0,1.0
2006,60055940,20230131,0.0,1.0
2007,60055955,20230131,0.0,0.0
2008,60055972,20230131,-1.0,2.0
2009,60055973,20230131,0.0,0.0
2010,60056019,20230131,0.0,0.0
2011,60056020,20230131,0.0,1.0
2012,60056087,20230131,0.0,0.0
2013,60056091,20230131,0.0,2.0
2014,60056108,20230131,0.0,0.0
2015,60056176,20230131,0.0,1.0
2016,60056187,20230131,0.0,2.0
2017,60056210,20230131,0.0,1.0
2018,60056221,20230131,0.0,1.0
2019,60056240,20230131,0.0,2.0
2020,60056249,20230131,-2.0,2.0
2021,60056252,20230131,0.0,0.0
2022,60056267,20230131,0.0,0.0
2023,60056287,20230131,0.0,0.0
2024,60056290,20230131,0.0,1.0
2025,60056393,20230131,0.0,1.0
2026,60056562,20230131,-2.0,0.0
2027,60056582,20230131,0.0,1.0
2028,60056693,20230131,0.0,1.0
2029,60056695,20230131,0.0,1.0
2030,60056698,20230131,0.0,1.0
2031,60056750,20230131,-1.0,0.0
2032,60056857,20230131,0.0,1.0
2033,60056908,20230131,0.0,1.0
2034,60056934,20230131,0.0,0.0
2035,60056936,20230131,0.0,1.0
2036,60056955,20230131,0.0,0.0
2037,60056959,20230131,0.0,1.0
2038,60056965,20230131,0.0,0.0
2039,60056974,20230131,0.0,1.0
2040,60056991,20230131,0.0,1.0
2041,60056992,20230131,0.0,1.0
2042,60056997,20230131,0.0,1.0
2043,60056998,20230131,0.0,1.0
2044,60056999,20230131,0.0,1.0
2045,60057000,20230131,0.0,1.0
2046,60057048,20230131,0.0,1.0
2047,60057050,20230131,0.0,1.0
2048,60057063,20230131,0.0,1.0
2049,60057169,20230131,0.0,2.0
2050,60057170,20230131,0.0,1.0
2051,60057214,20230131,0.0,0.0
2052,60057279,20230131,0.0,1.0
2053,60057288,20230131,0.0,1.0
2054,60057289,20230131,0.0,1.0
2055,60057290,20230131,0.0,6.0
2056,60057331,20230131,0.0,4.0
2057,60057335,20230131,0.0,3.0
2058,60057336,20230131,0.0,1.0
2059,60057342,20230131,0.0,1.0
2060,60057385,20230131,0.0,0.0
2061,60057388,20230131,0.0,4.0
2062,60057389,20230131,0.0,1.0
2063,60057391,20230131,0.0,1.0
2064,60057405,20230131,0.0,3.0
2065,60057466,20230131,0.0,1.0
2066,60057593,20230131,0.0,1.0
2067,60057700,20230131,0.0,1.0
2068,60057705,20230131,0.0,1.0
2069,60057747,20230131,0.0,1.0
2070,60057762,20230131,0.0,1.0
2071,60057764,20230131,0.0,2.0
2072,60057769,20230131,0.0,1.0
2073,60057789,20230131,0.0,3.0
2074,60057794,20230131,0.0,1.0
2075,60057857,20230131,-1.0,0.0
2076,60057864,20230131,0.0,3.0
2077,60057865,20230131,0.0,0.0
2078,60057866,20230131,0.0,1.0
2079,60057869,20230131,-1.0,0.0
2080,60057930,20230131,0.0,1.0
2081,60057963,20230131,0.0,0.0
2082,60057975,20230131,0.0,1.0
2083,60057976,20230131,-1.0,0.0
2084,60058013,20230131,0.0,1.0
2085,60058033,20230131,0.0,1.0
2086,60058060,20230131,0.0,1.0
2087,60058064,20230131,0.0,0.0
2088,60058069,20230131,0.0,0.0
2089,60058126,20230131,0.0,1.0
2090,60058129,20230131,0.0,2.0
2091,60058135,20230131,0.0,0.0
2092,60058138,20230131,0.0,1.0
2093,60058139,20230131,0.0,1.0
2094,60058140,20230131,0.0,1.0
2095,60058142,20230131,0.0,1.0
2096,60058239,20230131,-1.0,0.0
2097,60058240,20230131,0.0,1.0
2098,60058262,20230131,0.0,1.0
2099,60058263,20230131,0.0,1.0
2100,60058264,20230131,0.0,1.0
2101,60058295,20230131,0.0,2.0
2102,60058311,20230131,0.0,1.0
2103,60058322,20230131,0.0,0.0
2104,60058404,20230131,0.0,1.0
2105,60058447,20230131,0.0,1.0
2106,60058469,20230131,0.0,1.0
2107,60058495,20230131,0.0,2.0
2108,60058541,20230131,0.0,1.0
2109,60058551,20230131,0.0,1.0
2110,60058687,20230131,0.0,0.0
2111,60058726,20230131,0.0,1.0
2112,60058727,20230131,0.0,1.0
2113,60058739,20230131,0.0,0.0
2114,60058744,20230131,0.0,1.0
2115,60058748,20230131,0.0,3.0
2116,60058844,20230131,0.0,1.0
2117,60058929,20230131,0.0,2.0
2118,60058969,20230131,-2.0,0.0
2119,60058973,20230131,0.0,4.0
2120,60058990,20230131,0.0,1.0
2121,60059033,20230131,0.0,3.0
2122,60059132,20230131,0.0,1.0
2123,60059144,20230131,0.0,1.0
2124,60059145,20230131,0.0,4.0
2125,60059146,20230131,0.0,2.0
2126,60059147,20230131,0.0,1.0
2127,60059148,20230131,0.0,1.0
2128,60059149,20230131,0.0,1.0
2129,60059153,20230131,0.0,1.0
2130,60059228,20230131,0.0,1.0
2131,60059259,20230131,-1.0,0.0
2132,60059283,20230131,0.0,3.0
2133,60059297,20230131,0.0,1.0
2134,60059310,20230131,0.0,1.0
2135,60059311,20230131,0.0,1.0
2136,60059352,20230131,-2.0,0.0
2137,60059355,20230131,0.0,6.0
2138,60059361,20230131,0.0,1.0
2139,60059363,20230131,0.0,0.0
2140,60059396,20230131,0.0,1.0
2141,60059409,20230131,0.0,1.0
2142,60059511,20230131,0.0,1.0
2143,60059617,20230131,-5.0,3.0
2144,60059660,20230131,0.0,1.0
2145,60059661,20230131,0.0,1.0
2146,60059672,20230131,0.0,7.0
2147,60059816,20230131,0.0,1.0
2148,60059869,20230131,0.0,1.0
2149,60059981,20230131,-1.0,0.0
2150,60059982,20230131,-1.0,0.0
2151,60060431,20230131,0.0,0.0
2152,60060464,20230131,0.0,1.0
2153,60060470,20230131,0.0,0.0
2154,60060633,20230131,0.0,1.0
2155,60060637,20230131,0.0,0.0
2156,60060664,20230131,0.0,1.0
2157,60060671,20230131,0.0,2.0
2158,60060797,20230131,0.0,1.0
2159,60060841,20230131,0.0,0.0
2160,60061035,20230131,-1.0,0.0
2161,60061075,20230131,0.0,1.0
2162,60061132,20230131,0.0,1.0
2163,60061343,20230131,0.0,2.0
2164,60061591,20230131,0.0,0.0
2165,60061600,20230131,-1.0,0.0
2166,60061683,20230131,0.0,1.0
2167,60061917,20230131,0.0,2.0
2168,60061923,20230131,0.0,1.0
2169,60061977,20230131,0.0,0.0
2170,60062229,20230131,0.0,1.0
2171,60062237,20230131,0.0,2.0
2172,60062313,20230131,0.0,1.0
2173,60062317,20230131,0.0,1.0
2174,60062355,20230131,0.0,0.0
2175,60062463,20230131,0.0,1.0
2176,60062474,20230131,0.0,3.0
2177,60062475,20230131,0.0,2.0
2178,60062477,20230131,0.0,2.0
2179,60063054,20230131,0.0,1.0
2180,60063082,20230131,0.0,1.0
2181,60063206,20230131,0.0,1.0
2182,60063260,20230131,0.0,1.0
2183,60063522,20230131,-1.0,0.0
2184,60063850,20230131,0.0,1.0
2185,60063854,20230131,0.0,1.0
2186,60063857,20230131,0.0,1.0
2187,60063973,20230131,0.0,1.0
2188,60064674,20230131,-1.0,5.0
2189,60064945,20230131,0.0,2.0
2190,60064968,20230131,-2.0,0.0
2191,60064987,20230131,0.0,0.0
2192,60065153,20230131,0.0,0.0
2193,60065271,20230131,0.0,2.0
2194,60065312,20230131,0.0,0.0
2195,60065651,20230131,0.0,1.0
2196,60066095,20230131,0.0,1.0
2197,60066517,20230131,0.0,2.0
2198,60066547,20230131,0.0,1.0
2199,60066756,20230131,0.0,1.0
2200,60066766,20230131,0.0,1.0
2201,60066784,20230131,0.0,2.0
2202,60066792,20230131,0.0,1.0
2203,60066796,20230131,0.0,2.0
2204,60066803,20230131,0.0,1.0
2205,60066840,20230131,0.0,0.0
2206,60066864,20230131,0.0,1.0
2207,60066901,20230131,0.0,2.0
2208,60066908,20230131,-1.0,0.0
2209,60067077,20230131,-1.0,1.0
2210,60067090,20230131,-1.0,0.0
2211,60067092,20230131,0.0,1.0
2212,60067108,20230131,-1.0,0.0
2213,60067127,20230131,0.0,1.0
2214,60067140,20230131,0.0,1.0
2215,60067142,20230131,0.0,1.0
2216,60067159,20230131,0.0,1.0
2217,60067208,20230131,0.0,1.0
2218,60067221,20230131,-1.0,0.0
2219,60067224,20230131,-2.0,0.0
2220,60067229,20230131,0.0,1.0
2221,60067311,20230131,0.0,1.0
2222,60067312,20230131,0.0,1.0
2223,60067383,20230131,0.0,1.0
2224,60067412,20230131,0.0,1.0
2225,60067413,20230131,0.0,1.0
2226,60067414,20230131,-2.0,3.0
2227,60067416,20230131,0.0,1.0
2228,60067417,20230131,0.0,1.0
2229,60067425,20230131,0.0,1.0
2230,60067428,20230131,0.0,1.0
2231,60067436,20230131,0.0,1.0
2232,60067453,20230131,0.0,1.0
2233,60067482,20230131,0.0,0.0
2234,60067517,20230131,-1.0,0.0
2235,60067540,20230131,0.0,1.0
2236,60067554,20230131,0.0,2.0
2237,60067560,20230131,0.0,5.0
2238,60067561,20230131,0.0,1.0
2239,60067572,20230131,0.0,1.0
2240,60067591,20230131,0.0,1.0
2241,60067624,20230131,0.0,1.0
2242,60067627,20230131,0.0,1.0
2243,60067632,20230131,0.0,1.0
2244,60067636,20230131,-2.0,2.0
2245,60067640,20230131,0.0,2.0
2246,60067648,20230131,0.0,2.0
2247,60067700,20230131,0.0,1.0
2248,60067718,20230131,0.0,3.0
2249,60068089,20230131,0.0,1.0
2250,60068090,20230131,0.0,1.0
2251,60068104,20230131,0.0,2.0
2252,60068108,20230131,0.0,2.0
2253,60068158,20230131,0.0,1.0
2254,60068160,20230131,0.0,2.0
2255,60068263,20230131,0.0,1.0
2256,60068274,20230131,0.0,1.0
2257,60068278,20230131,0.0,1.0
2258,60068309,20230131,0.0,1.0
2259,60068331,20230131,0.0,8.0
2260,60068333,20230131,0.0,0.0
2261,60068400,20230131,0.0,1.0
2262,60068474,20230131,0.0,3.0
2263,60068597,20230131,0.0,2.0
2264,60068629,20230131,0.0,1.0
2265,60068634,20230131,0.0,1.0
2266,60068733,20230131,0.0,1.0
2267,60068745,20230131,0.0,2.0
2268,60068780,20230131,0.0,1.0
2269,60068820,20230131,0.0,1.0
2270,60068834,20230131,0.0,1.0
2271,60068835,20230131,0.0,1.0
2272,60068904,20230131,0.0,2.0
2273,60068924,20230131,0.0,1.0
2274,60069020,20230131,0.0,1.0
2275,60069029,20230131,0.0,2.0
2276,60069061,20230131,-1.0,0.0
2277,60069067,20230131,0.0,2.0
2278,60069082,20230131,0.0,1.0
2279,60069085,20230131,0.0,1.0
2280,60069092,20230131,0.0,1.0
2281,60069094,20230131,0.0,1.0
2282,60069095,20230131,0.0,1.0
2283,60069096,20230131,0.0,1.0
2284,60069097,20230131,0.0,1.0
2285,60069099,20230131,0.0,1.0
2286,60069100,20230131,0.0,1.0
2287,60069111,20230131,0.0,1.0
2288,60069114,20230131,0.0,2.0
2289,60069129,20230131,0.0,1.0
2290,60069130,20230131,0.0,1.0
2291,60069131,20230131,0.0,1.0
2292,60069133,20230131,0.0,1.0
2293,60069134,20230131,0.0,2.0
2294,60069207,20230131,0.0,2.0
2295,60069208,20230131,0.0,2.0
2296,60069209,20230131,0.0,2.0
2297,60069215,20230131,0.0,1.0
2298,60069245,20230131,0.0,2.0
2299,60069290,20230131,0.0,1.0
2300,60069297,20230131,0.0,1.0
2301,60069309,20230131,0.0,1.0
2302,60069316,20230131,0.0,1.0
2303,60069360,20230131,0.0,1.0
2304,60069367,20230131,0.0,5.0
2305,60069381,20230131,-1.0,0.0
2306,60069385,20230131,0.0,0.0
2307,60069421,20230131,0.0,0.0
2308,60069488,20230131,0.0,1.0
2309,60069537,20230131,0.0,1.0
2310,60069543,20230131,0.0,1.0
2311,60069547,20230131,0.0,1.0
2312,60069645,20230131,0.0,1.0
2313,60069713,20230131,0.0,1.0
2314,60069725,20230131,0.0,1.0
2315,60069757,20230131,0.0,1.0
2316,60069820,20230131,0.0,1.0
2317,60069832,20230131,0.0,1.0
2318,60069836,20230131,0.0,1.0
2319,60069876,20230131,-1.0,0.0
2320,60069884,20230131,0.0,1.0
2321,60069896,20230131,0.0,1.0
2322,60070013,20230131,0.0,3.0
2323,60070023,20230131,0.0,1.0
2324,60070061,20230131,0.0,2.0
2325,60070112,20230131,0.0,1.0
2326,60070128,20230131,0.0,1.0
2327,60070144,20230131,0.0,1.0
2328,60070154,20230131,-2.0,0.0
2329,60070182,20230131,0.0,1.0
2330,60070197,20230131,0.0,1.0
2331,60070486,20230131,0.0,1.0
2332,60070487,20230131,0.0,1.0
2333,60070507,20230131,0.0,1.0
2334,60070508,20230131,0.0,1.0
2335,60070543,20230131,-1.0,0.0
2336,60070645,20230131,0.0,3.0
2337,60070704,20230131,0.0,2.0
2338,60070705,20230131,0.0,1.0
2339,60070706,20230131,0.0,4.0
2340,60070717,20230131,0.0,1.0
2341,60070720,20230131,0.0,2.0
2342,60070740,20230131,0.0,1.0
2343,60070747,20230131,0.0,3.0
2344,60070767,20230131,-1.0,0.0
2345,60070772,20230131,0.0,1.0
2346,60070777,20230131,0.0,1.0
2347,60070790,20230131,0.0,1.0
2348,60070793,20230131,0.0,1.0
2349,60070796,20230131,0.0,1.0
2350,60070807,20230131,0.0,1.0
2351,60070826,20230131,-1.0,0.0
2352,60070835,20230131,0.0,2.0
2353,60070872,20230131,0.0,1.0
2354,60070882,20230131,0.0,1.0
2355,60070883,20230131,0.0,1.0
2356,60070884,20230131,0.0,1.0
2357,60070885,20230131,0.0,2.0
2358,60070892,20230131,0.0,2.0
2359,60070913,20230131,0.0,1.0
2360,60070970,20230131,0.0,2.0
2361,60070984,20230131,0.0,3.0
2362,60070988,20230131,0.0,0.0
2363,60071008,20230131,0.0,1.0
2364,60071009,20230131,0.0,1.0
2365,60071012,20230131,0.0,2.0
2366,60071023,20230131,-1.0,0.0
2367,60071054,20230131,0.0,1.0
2368,60071062,20230131,0.0,1.0
2369,60071066,20230131,-1.0,0.0
2370,60071080,20230131,0.0,3.0
2371,60071103,20230131,0.0,1.0
2372,60071142,20230131,0.0,2.0
2373,60071168,20230131,0.0,1.0
2374,60071194,20230131,0.0,0.0
2375,60071204,20230131,0.0,3.0
2376,60071278,20230131,0.0,1.0
2377,60071284,20230131,0.0,1.0
2378,60071286,20230131,0.0,1.0
2379,60071312,20230131,0.0,1.0
2380,60071314,20230131,0.0,0.0
2381,60071316,20230131,-3.0,0.0
2382,60071321,20230131,0.0,4.0
2383,60071329,20230131,0.0,2.0
2384,60071330,20230131,0.0,1.0
2385,60071341,20230131,0.0,7.0
2386,60071342,20230131,0.0,0.0
2387,60071346,20230131,0.0,1.0
2388,60071359,20230131,0.0,1.0
2389,60071366,20230131,0.0,1.0
2390,60071378,20230131,0.0,1.0
2391,60071381,20230131,0.0,1.0
2392,60071391,20230131,0.0,3.0
2393,60071393,20230131,0.0,1.0
2394,60071395,20230131,0.0,2.0
2395,60071396,20230131,0.0,2.0
2396,60071401,20230131,0.0,1.0
2397,60071404,20230131,0.0,1.0
2398,60071425,20230131,0.0,1.0
2399,60071431,20230131,0.0,2.0
2400,60071439,20230131,0.0,4.0
2401,60071458,20230131,0.0,1.0
2402,60071466,20230131,0.0,1.0
2403,60071476,20230131,0.0,1.0
2404,60071477,20230131,0.0,1.0
2405,60071490,20230131,0.0,1.0
2406,60071492,20230131,0.0,2.0
2407,60071501,20230131,0.0,1.0
2408,60071516,20230131,0.0,1.0
2409,60071520,20230131,0.0,1.0
2410,60071529,20230131,-1.0,0.0
2411,60071565,20230131,0.0,3.0
2412,60071572,20230131,0.0,1.0
2413,60071603,20230131,0.0,1.0
2414,60071674,20230131,0.0,0.0
2415,60071675,20230131,-1.0,1.0
2416,60071708,20230131,0.0,2.0
2417,60071711,20230131,0.0,2.0
2418,60071721,20230131,0.0,0.0
2419,60071722,20230131,0.0,1.0
2420,60071731,20230131,0.0,3.0
2421,60071760,20230131,0.0,1.0
2422,60071761,20230131,0.0,1.0
2423,60071801,20230131,0.0,1.0
2424,60071835,20230131,0.0,1.0
2425,60071836,20230131,0.0,2.0
2426,60071855,20230131,0.0,2.0
2427,60071856,20230131,0.0,3.0
2428,60071859,20230131,-1.0,0.0
2429,60071860,20230131,0.0,1.0
2430,60071863,20230131,0.0,1.0
2431,60071866,20230131,0.0,1.0
2432,60071868,20230131,0.0,1.0
2433,60071869,20230131,0.0,2.0
2434,60071870,20230131,0.0,1.0
2435,60071871,20230131,0.0,1.0
2436,60071876,20230131,0.0,1.0
2437,60071908,20230131,0.0,2.0
2438,60071939,20230131,0.0,1.0
2439,60071964,20230131,0.0,1.0
2440,60071971,20230131,0.0,2.0
2441,60071972,20230131,0.0,1.0
2442,60071977,20230131,0.0,2.0
2443,60071979,20230131,0.0,1.0
2444,60071991,20230131,0.0,2.0
2445,60071992,20230131,0.0,1.0
2446,60071995,20230131,0.0,1.0
2447,60072003,20230131,0.0,2.0
2448,60072004,20230131,0.0,4.0
2449,60072007,20230131,0.0,1.0
2450,60072008,20230131,0.0,1.0
2451,60072020,20230131,0.0,1.0
2452,60072025,20230131,0.0,1.0
2453,60072038,20230131,0.0,1.0
2454,60072042,20230131,0.0,1.0
2455,60072044,20230131,0.0,1.0
2456,60072049,20230131,0.0,1.0
2457,60072056,20230131,-2.0,0.0
2458,60072070,20230131,0.0,1.0
2459,60072144,20230131,0.0,1.0
2460,60072146,20230131,0.0,1.0
2461,60072152,20230131,0.0,1.0
2462,60072216,20230131,0.0,3.0
2463,60072319,20230131,0.0,1.0
2464,60072329,20230131,0.0,1.0
2465,60072359,20230131,0.0,1.0
2466,60072373,20230131,0.0,2.0
2467,60072379,20230131,0.0,2.0
2468,60072385,20230131,0.0,1.0
2469,60072386,20230131,0.0,2.0
2470,60072387,20230131,0.0,2.0
2471,60072388,20230131,0.0,2.0
2472,60072421,20230131,0.0,2.0
2473,60072426,20230131,0.0,1.0
2474,60072427,20230131,0.0,1.0
2475,60072429,20230131,0.0,1.0
2476,60072435,20230131,0.0,2.0
2477,60072459,20230131,0.0,1.0
2478,60072464,20230131,0.0,1.0
2479,60072474,20230131,0.0,1.0
2480,60072483,20230131,-1.0,0.0
2481,60072484,20230131,0.0,1.0
2482,60072494,20230131,0.0,2.0
2483,60072507,20230131,0.0,2.0
2484,60072514,20230131,0.0,0.0
2485,60072524,20230131,0.0,1.0
2486,60072526,20230131,0.0,1.0
2487,60072528,20230131,-1.0,0.0
2488,60072553,20230131,0.0,1.0
2489,60072561,20230131,0.0,2.0
2490,60072567,20230131,0.0,3.0
2491,60072602,20230131,0.0,2.0
2492,60072647,20230131,0.0,2.0
2493,60072701,20230131,0.0,2.0
2494,60072703,20230131,-1.0,1.0
2495,60072713,20230131,-1.0,0.0
2496,60072718,20230131,0.0,2.0
2497,60072767,20230131,0.0,1.0
2498,60072780,20230131,0.0,1.0
2499,60072782,20230131,0.0,1.0
2500,60072787,20230131,0.0,1.0
2501,60072795,20230131,0.0,1.0
2502,60072796,20230131,0.0,1.0
2503,60072798,20230131,0.0,1.0
2504,60072973,20230131,0.0,2.0
2505,60072989,20230131,0.0,2.0
2506,60072990,20230131,0.0,2.0
2507,60072991,20230131,0.0,2.0
2508,60072993,20230131,0.0,2.0
2509,60072996,20230131,0.0,1.0
2510,60073026,20230131,0.0,1.0
2511,60073042,20230131,0.0,1.0
2512,60073049,20230131,0.0,1.0
2513,60073055,20230131,-1.0,1.0
2514,60073058,20230131,0.0,1.0
2515,60073059,20230131,0.0,2.0
2516,60073060,20230131,0.0,2.0
2517,60073061,20230131,0.0,1.0
2518,60073062,20230131,0.0,2.0
2519,60073064,20230131,0.0,1.0
2520,60073065,20230131,0.0,1.0
2521,60073066,20230131,0.0,1.0
2522,60073069,20230131,0.0,2.0
2523,60073079,20230131,0.0,1.0
2524,60073084,20230131,-1.0,0.0
2525,60073085,20230131,0.0,2.0
2526,60073086,20230131,0.0,2.0
2527,60073093,20230131,-1.0,1.0
2528,60073110,20230131,0.0,1.0
2529,60073113,20230131,0.0,1.0
2530,60073114,20230131,0.0,1.0
2531,60073118,20230131,0.0,1.0
2532,60073120,20230131,0.0,2.0
2533,60073131,20230131,0.0,2.0
2534,60073138,20230131,0.0,1.0
2535,60073161,20230131,0.0,1.0
2536,60073163,20230131,-1.0,1.0
2537,60073168,20230131,0.0,1.0
2538,60073177,20230131,0.0,1.0
2539,60073182,20230131,0.0,2.0
2540,60073190,20230131,0.0,3.0
2541,60073191,20230131,0.0,2.0
2542,60073213,20230131,-1.0,0.0
2543,60073214,20230131,0.0,1.0
2544,60073216,20230131,0.0,2.0
2545,60073218,20230131,0.0,1.0
2546,60073244,20230131,-1.0,1.0
2547,60073255,20230131,0.0,4.0
2548,60073257,20230131,0.0,2.0
2549,60073266,20230131,0.0,1.0
2550,60073274,20230131,0.0,1.0
2551,60073275,20230131,0.0,1.0
2552,60073287,20230131,0.0,1.0
2553,60073308,20230131,0.0,2.0
2554,60073313,20230131,0.0,1.0
2555,60073323,20230131,0.0,1.0
2556,60073330,20230131,0.0,1.0
2557,60073334,20230131,-2.0,0.0
2558,60073340,20230131,-1.0,0.0
2559,60073343,20230131,0.0,1.0
2560,60073372,20230131,0.0,1.0
2561,60073399,20230131,0.0,6.0
2562,60073401,20230131,0.0,1.0
2563,60073408,20230131,0.0,1.0
2564,60073411,20230131,0.0,2.0
2565,60073418,20230131,-1.0,0.0
2566,60073437,20230131,0.0,2.0
2567,60073443,20230131,0.0,2.0
2568,60073448,20230131,0.0,2.0
2569,60073698,20230131,-1.0,0.0
2570,60073726,20230131,0.0,2.0
2571,60073734,20230131,0.0,4.0
2572,60073749,20230131,0.0,1.0
2573,60073751,20230131,0.0,2.0
2574,60073752,20230131,0.0,1.0
2575,60073769,20230131,0.0,1.0
2576,60073781,20230131,0.0,1.0
2577,60073786,20230131,0.0,1.0
2578,60073794,20230131,0.0,1.0
2579,60073797,20230131,0.0,1.0
2580,60073810,20230131,-2.0,0.0
2581,60073819,20230131,0.0,1.0
2582,60073832,20230131,0.0,1.0
2583,60073849,20230131,0.0,0.0
2584,60073859,20230131,0.0,1.0
2585,60073864,20230131,0.0,1.0
2586,60073866,20230131,0.0,1.0
2587,60073921,20230131,0.0,2.0
2588,60074031,20230131,0.0,2.0
2589,60074035,20230131,0.0,1.0
2590,60074052,20230131,-2.0,0.0
2591,60074070,20230131,0.0,1.0
2592,60074087,20230131,0.0,1.0
2593,60074090,20230131,0.0,1.0
2594,60074092,20230131,0.0,1.0
2595,60074094,20230131,0.0,1.0
2596,60074111,20230131,0.0,1.0
2597,60074116,20230131,0.0,2.0
2598,60074117,20230131,0.0,3.0
2599,60074118,20230131,0.0,2.0
2600,60074119,20230131,0.0,1.0
2601,60074123,20230131,0.0,2.0
2602,60074125,20230131,0.0,2.0
2603,60074130,20230131,0.0,1.0
2604,60074131,20230131,-1.0,0.0
2605,60074132,20230131,-1.0,0.0
2606,60074141,20230131,0.0,3.0
2607,60074142,20230131,0.0,2.0
2608,60074144,20230131,0.0,2.0
2609,60074147,20230131,0.0,1.0
2610,60074148,20230131,0.0,2.0
2611,60074152,20230131,0.0,0.0
2612,60074153,20230131,0.0,0.0
2613,60074154,20230131,0.0,1.0
2614,60074155,20230131,0.0,1.0
2615,60074208,20230131,0.0,2.0
2616,60074212,20230131,0.0,2.0
2617,60074214,20230131,0.0,2.0
2618,60074228,20230131,-1.0,0.0
2619,60074266,20230131,0.0,1.0
2620,60074396,20230131,0.0,2.0
2621,60074407,20230131,0.0,3.0
2622,60074412,20230131,0.0,2.0
2623,60074450,20230131,0.0,1.0
2624,60074455,20230131,0.0,1.0
2625,60074478,20230131,-1.0,0.0
2626,60074479,20230131,0.0,1.0
2627,60074483,20230131,0.0,1.0
2628,60074485,20230131,0.0,1.0
2629,60074486,20230131,0.0,1.0
2630,60074488,20230131,0.0,3.0
2631,60074489,20230131,0.0,2.0
2632,60074490,20230131,0.0,1.0
2633,60074495,20230131,0.0,1.0
2634,60074496,20230131,0.0,2.0
2635,60074498,20230131,0.0,1.0
2636,60074502,20230131,0.0,2.0
2637,60074503,20230131,0.0,2.0
2638,60074509,20230131,0.0,2.0
2639,60074512,20230131,0.0,1.0
2640,60074534,20230131,0.0,3.0
2641,60074542,20230131,0.0,1.0
2642,60074543,20230131,0.0,5.0
2643,60074546,20230131,0.0,4.0
2644,60074548,20230131,0.0,2.0
2645,60074550,20230131,0.0,2.0
2646,60074551,20230131,0.0,2.0
2647,60074568,20230131,0.0,1.0
2648,60074570,20230131,0.0,1.0
2649,60074577,20230131,0.0,2.0
2650,60074583,20230131,0.0,1.0
2651,60074590,20230131,0.0,1.0
2652,60074595,20230131,0.0,1.0
2653,60074597,20230131,0.0,1.0
2654,60074599,20230131,0.0,1.0
2655,60074600,20230131,0.0,1.0
2656,60074636,20230131,0.0,1.0
2657,60074645,20230131,0.0,1.0
2658,60074656,20230131,0.0,1.0
2659,60074666,20230131,0.0,3.0
2660,60074667,20230131,0.0,1.0
2661,60074674,20230131,0.0,2.0
2662,60074676,20230131,0.0,1.0
2663,60074679,20230131,0.0,2.0
2664,60074683,20230131,0.0,2.0
2665,60074684,20230131,0.0,2.0
2666,60074686,20230131,0.0,1.0
2667,60074688,20230131,0.0,2.0
2668,60074691,20230131,0.0,1.0
2669,60074703,20230131,0.0,1.0
2670,60074710,20230131,0.0,1.0
2671,60074713,20230131,0.0,2.0
2672,60074719,20230131,0.0,2.0
2673,60074722,20230131,0.0,1.0
2674,60074734,20230131,0.0,1.0
2675,60074741,20230131,0.0,3.0
2676,60074745,20230131,0.0,1.0
2677,60074756,20230131,0.0,3.0
2678,60074757,20230131,0.0,1.0
2679,60074758,20230131,0.0,2.0
2680,60074761,20230131,0.0,1.0
2681,60074762,20230131,0.0,1.0
2682,60074765,20230131,0.0,2.0
2683,60074792,20230131,0.0,1.0
2684,60074808,20230131,0.0,2.0
2685,60074809,20230131,0.0,1.0
2686,60074813,20230131,0.0,1.0
2687,60074826,20230131,0.0,1.0
2688,60074831,20230131,0.0,1.0
2689,60074835,20230131,0.0,1.0
2690,60074837,20230131,0.0,2.0
2691,60074918,20230131,-1.0,1.0
2692,60074919,20230131,0.0,1.0
2693,60074932,20230131,0.0,2.0
2694,60074945,20230131,0.0,1.0
2695,60074961,20230131,0.0,1.0
2696,60074977,20230131,0.0,1.0
2697,60074983,20230131,0.0,0.0
2698,60074988,20230131,-1.0,1.0
2699,60075000,20230131,0.0,2.0
2700,60075012,20230131,0.0,1.0
2701,60075046,20230131,0.0,1.0
2702,60075054,20230131,0.0,1.0
2703,60075061,20230131,0.0,2.0
2704,60075067,20230131,0.0,1.0
2705,60075070,20230131,0.0,2.0
2706,60075074,20230131,0.0,1.0
2707,60075078,20230131,0.0,1.0
2708,60075080,20230131,0.0,2.0
2709,60075085,20230131,0.0,1.0
2710,60075092,20230131,0.0,1.0
2711,60075095,20230131,0.0,1.0
2712,60075098,20230131,0.0,0.0
2713,60075099,20230131,0.0,1.0
2714,60075100,20230131,0.0,1.0
2715,60075116,20230131,0.0,1.0
2716,60075122,20230131,0.0,1.0
2717,60075139,20230131,0.0,1.0
2718,60075147,20230131,0.0,1.0
2719,60075149,20230131,0.0,1.0
2720,60075163,20230131,0.0,3.0
2721,60075166,20230131,0.0,1.0
2722,60075172,20230131,0.0,2.0
2723,60075174,20230131,0.0,1.0
2724,60075179,20230131,0.0,1.0
2725,60075180,20230131,0.0,2.0
2726,60075183,20230131,0.0,4.0
2727,60075195,20230131,0.0,1.0
2728,60075196,20230131,0.0,2.0
2729,60075197,20230131,0.0,1.0
2730,60075198,20230131,0.0,3.0
2731,60075204,20230131,0.0,1.0
2732,60075206,20230131,-1.0,1.0
2733,60075213,20230131,0.0,1.0
2734,60075216,20230131,0.0,1.0
2735,60075221,20230131,0.0,1.0
2736,60075231,20230131,0.0,1.0
2737,60075234,20230131,0.0,1.0
2738,60075236,20230131,0.0,1.0
2739,60075239,20230131,0.0,1.0
2740,60075244,20230131,0.0,1.0
2741,60075247,20230131,0.0,2.0
2742,60075252,20230131,0.0,1.0
2743,60075262,20230131,0.0,3.0
2744,60075263,20230131,0.0,3.0
2745,60075268,20230131,0.0,6.0
2746,60075269,20230131,0.0,2.0
2747,60075275,20230131,0.0,2.0
2748,60075277,20230131,0.0,1.0
2749,60075279,20230131,0.0,4.0
2750,60075283,20230131,0.0,1.0
2751,60075286,20230131,-1.0,1.0
2752,60075288,20230131,0.0,1.0
2753,60075293,20230131,0.0,1.0
2754,60075294,20230131,0.0,1.0
2755,60075295,20230131,0.0,1.0
2756,60075305,20230131,0.0,1.0
2757,60075308,20230131,0.0,1.0
2758,60075311,20230131,0.0,1.0
2759,60075317,20230131,0.0,2.0
2760,60075319,20230131,0.0,2.0
2761,60075322,20230131,0.0,1.0
2762,60075326,20230131,0.0,1.0
2763,60075332,20230131,0.0,3.0
2764,60075336,20230131,0.0,0.0
2765,60075339,20230131,-2.0,0.0
2766,60075343,20230131,0.0,0.0
2767,60075344,20230131,0.0,1.0
2768,60075345,20230131,0.0,1.0
2769,60075347,20230131,0.0,1.0
2770,60075351,20230131,0.0,2.0
2771,60075353,20230131,0.0,1.0
2772,60075357,20230131,0.0,3.0
2773,60075358,20230131,0.0,1.0
2774,60075374,20230131,0.0,1.0
2775,60075379,20230131,-1.0,0.0
2776,60075390,20230131,0.0,1.0
2777,60075400,20230131,0.0,2.0
2778,60075406,20230131,0.0,1.0
2779,60075407,20230131,0.0,1.0
2780,60075410,20230131,0.0,3.0
2781,60075419,20230131,0.0,1.0
2782,60075421,20230131,0.0,2.0
2783,60075422,20230131,0.0,2.0
2784,60075423,20230131,0.0,1.0
2785,60075425,20230131,0.0,2.0
2786,60075426,20230131,-1.0,0.0
2787,60075427,20230131,0.0,2.0
2788,60075434,20230131,0.0,2.0
2789,60075441,20230131,0.0,1.0
2790,60075444,20230131,-1.0,0.0
2791,60075447,20230131,-4.0,1.0
2792,60075451,20230131,0.0,1.0
2793,60075459,20230131,0.0,1.0
2794,60075460,20230131,0.0,2.0
2795,60075463,20230131,0.0,1.0
2796,60075465,20230131,0.0,1.0
2797,60075492,20230131,0.0,2.0
2798,60075494,20230131,0.0,1.0
2799,60075497,20230131,0.0,1.0
2800,60075501,20230131,0.0,1.0
2801,60075502,20230131,0.0,1.0
2802,60075505,20230131,0.0,1.0
2803,60075510,20230131,0.0,3.0
2804,60075513,20230131,0.0,1.0
2805,60075517,20230131,0.0,1.0
2806,60075520,20230131,0.0,1.0
2807,60075521,20230131,0.0,1.0
2808,60075523,20230131,0.0,1.0
2809,60075527,20230131,0.0,1.0
2810,60075535,20230131,0.0,1.0
2811,60075543,20230131,0.0,1.0
2812,60075545,20230131,0.0,7.0
2813,60075549,20230131,0.0,6.0
2814,60075558,20230131,0.0,1.0
2815,60075568,20230131,0.0,1.0
2816,60075573,20230131,0.0,1.0
2817,60075578,20230131,0.0,0.0
2818,60075579,20230131,0.0,2.0
2819,60075582,20230131,0.0,1.0
2820,60075583,20230131,0.0,1.0
2821,60075587,20230131,0.0,2.0
2822,60075593,20230131,0.0,1.0
2823,60075597,20230131,0.0,1.0
2824,60075602,20230131,0.0,2.0
2825,60075604,20230131,0.0,2.0
2826,60075605,20230131,-2.0,0.0
2827,60075620,20230131,0.0,1.0
2828,60075621,20230131,0.0,2.0
2829,60075625,20230131,0.0,1.0
2830,60075629,20230131,0.0,3.0
2831,60075631,20230131,0.0,1.0
2832,60075632,20230131,0.0,1.0
2833,60075634,20230131,0.0,2.0
2834,60075636,20230131,0.0,1.0
2835,60075642,20230131,0.0,5.0
2836,60075653,20230131,0.0,1.0
2837,60075657,20230131,0.0,1.0
2838,60075658,20230131,0.0,3.0
2839,60075659,20230131,0.0,2.0
2840,60075667,20230131,0.0,5.0
2841,60075669,20230131,0.0,2.0
2842,60075684,20230131,0.0,1.0
2843,60075686,20230131,0.0,1.0
2844,60075687,20230131,0.0,3.0
2845,60075688,20230131,0.0,2.0
2846,60075689,20230131,0.0,2.0
2847,60075692,20230131,0.0,3.0
2848,60075699,20230131,0.0,1.0
2849,60075704,20230131,0.0,1.0
2850,60075706,20230131,0.0,4.0
2851,60075715,20230131,0.0,1.0
2852,60075725,20230131,0.0,1.0
2853,60075730,20230131,0.0,4.0
2854,60075734,20230131,0.0,2.0
2855,60075741,20230131,0.0,1.0
2856,60075743,20230131,0.0,1.0
2857,60075744,20230131,0.0,1.0
2858,60075745,20230131,0.0,2.0
2859,60075747,20230131,0.0,2.0
2860,60075753,20230131,0.0,1.0
2861,60075755,20230131,-1.0,0.0
2862,60075764,20230131,0.0,1.0
2863,60075766,20230131,0.0,2.0
2864,60075778,20230131,0.0,3.0
2865,60075780,20230131,0.0,1.0
2866,60075782,20230131,0.0,1.0
2867,60075783,20230131,0.0,1.0
2868,60075787,20230131,0.0,1.0
2869,60075788,20230131,0.0,1.0
2870,60075791,20230131,0.0,1.0
2871,60075792,20230131,0.0,1.0
2872,60075793,20230131,0.0,1.0
2873,60075797,20230131,0.0,1.0
2874,60075798,20230131,0.0,1.0
2875,60075799,20230131,0.0,2.0
2876,60075800,20230131,0.0,1.0
2877,60075802,20230131,0.0,2.0
2878,60075804,20230131,0.0,1.0
2879,60075805,20230131,0.0,2.0
2880,60075806,20230131,0.0,2.0
2881,60075807,20230131,0.0,2.0
2882,60075808,20230131,0.0,1.0
2883,60075809,20230131,0.0,1.0
2884,60075810,20230131,0.0,2.0
2885,60075811,20230131,0.0,1.0
2886,60075815,20230131,0.0,1.0
2887,60075816,20230131,0.0,2.0
2888,60075817,20230131,0.0,2.0
2889,60075818,20230131,0.0,2.0
2890,60075821,20230131,0.0,1.0
2891,60075825,20230131,0.0,1.0
2892,60075827,20230131,0.0,1.0
2893,60075830,20230131,0.0,1.0
2894,60075834,20230131,0.0,2.0
2895,60075835,20230131,0.0,2.0
2896,60075836,20230131,0.0,1.0
2897,60075838,20230131,0.0,2.0
2898,60075839,20230131,0.0,1.0
2899,60075844,20230131,0.0,1.0
2900,60075852,20230131,0.0,1.0
2901,60075853,20230131,0.0,1.0
2902,60075854,20230131,0.0,2.0
2903,60075855,20230131,0.0,1.0
2904,60075857,20230131,0.0,1.0
2905,60075863,20230131,0.0,4.0
2906,60075864,20230131,0.0,4.0
2907,60075870,20230131,0.0,1.0
2908,60075872,20230131,0.0,1.0
2909,60075874,20230131,0.0,1.0
2910,60075876,20230131,0.0,2.0
2911,60075877,20230131,0.0,2.0
2912,60075878,20230131,0.0,1.0
2913,60075879,20230131,0.0,1.0
2914,60075880,20230131,0.0,1.0
2915,60075881,20230131,0.0,1.0
2916,60075882,20230131,0.0,1.0
2917,60075884,20230131,0.0,2.0
2918,60075885,20230131,0.0,5.0
2919,60075886,20230131,0.0,1.0
2920,60075887,20230131,0.0,1.0
2921,60075888,20230131,0.0,1.0
2922,60075898,20230131,0.0,1.0
2923,60075908,20230131,0.0,2.0
2924,60075909,20230131,0.0,2.0
2925,60075910,20230131,0.0,1.0
2926,60075911,20230131,0.0,2.0
2927,60075912,20230131,0.0,1.0
2928,60075918,20230131,0.0,1.0
2929,60075920,20230131,0.0,1.0
2930,60075921,20230131,0.0,1.0
2931,60075923,20230131,0.0,1.0
2932,60075925,20230131,0.0,1.0
2933,60075926,20230131,0.0,3.0
2934,60075928,20230131,0.0,1.0
2935,60075935,20230131,0.0,1.0
2936,60075949,20230131,0.0,1.0
2937,60075951,20230131,0.0,1.0
2938,60075954,20230131,0.0,1.0
2939,60075955,20230131,0.0,1.0
2940,60075956,20230131,0.0,1.0
2941,60075958,20230131,0.0,1.0
2942,60075961,20230131,0.0,2.0
2943,60075971,20230131,0.0,1.0
2944,60075973,20230131,0.0,1.0
2945,60075974,20230131,0.0,1.0
2946,60075975,20230131,0.0,1.0
2947,60075976,20230131,0.0,1.0
2948,60075979,20230131,0.0,1.0
2949,60075980,20230131,0.0,1.0
2950,60075982,20230131,0.0,1.0
2951,60075988,20230131,0.0,1.0
2952,60075989,20230131,0.0,1.0
2953,60075993,20230131,0.0,1.0
2954,60075995,20230131,0.0,1.0
2955,60076006,20230131,0.0,6.0
2956,60076008,20230131,0.0,1.0
2957,60076010,20230131,0.0,1.0
2958,60076011,20230131,0.0,5.0
2959,60076012,20230131,0.0,1.0
2960,60076014,20230131,0.0,1.0
2961,60076015,20230131,0.0,1.0
2962,60076030,20230131,0.0,2.0
2963,60076031,20230131,0.0,1.0
2964,60076033,20230131,0.0,1.0
2965,60076035,20230131,0.0,1.0
2966,60076037,20230131,0.0,1.0
2967,60076039,20230131,0.0,1.0
2968,60076043,20230131,0.0,1.0
2969,60076045,20230131,0.0,2.0
2970,60076049,20230131,0.0,2.0
2971,60076050,20230131,0.0,1.0
2972,60076051,20230131,0.0,1.0
2973,60076056,20230131,0.0,1.0
2974,60076057,20230131,0.0,1.0
2975,60076058,20230131,0.0,1.0
2976,60076059,20230131,0.0,1.0
2977,60076066,20230131,0.0,1.0
2978,60076071,20230131,0.0,1.0
2979,60076076,20230131,0.0,2.0
2980,60076077,20230131,0.0,2.0
2981,60076082,20230131,0.0,1.0
2982,60076088,20230131,0.0,11.0
2983,60076091,20230131,0.0,1.0
2984,60076092,20230131,0.0,1.0
2985,60076099,20230131,0.0,1.0
2986,60076100,20230131,0.0,1.0
2987,60076102,20230131,0.0,6.0
2988,60076106,20230131,0.0,1.0
2989,60076108,20230131,0.0,1.0
2990,60076113,20230131,0.0,1.0
2991,60076114,20230131,0.0,1.0
2992,60076117,20230131,0.0,2.0
2993,60076119,20230131,0.0,1.0
2994,60076123,20230131,0.0,1.0
2995,60076124,20230131,0.0,1.0
2996,60076125,20230131,0.0,2.0
2997,60076126,20230131,0.0,1.0
2998,60076127,20230131,0.0,1.0
2999,60076129,20230131,0.0,1.0
3000,60076135,20230131,0.0,1.0
3001,60076136,20230131,0.0,1.0
3002,60076137,20230131,0.0,1.0
3003,60076139,20230131,0.0,1.0
3004,60076140,20230131,0.0,1.0
3005,60076141,20230131,0.0,2.0
3006,60076148,20230131,0.0,2.0
3007,69999972,20230131,0.0,0.0
3008,69999973,20230131,0.0,0.0
3009,69999974,20230131,0.0,0.0
3010,69999975,20230131,0.0,0.0
3011,69999978,20230131,0.0,0.0
3012,69999983,20230131,0.0,0.0
3013,69999985,20230131,0.0,0.0
3014,69999986,20230131,0.0,0.0
3015,69999987,20230131,0.0,0.0
3016,69999988,20230131,0.0,0.0
3017,69999989,20230131,0.0,0.0
3018,69999993,20230131,0.0,0.0
3019,69999996,20230131,0.0,0.0
3020,69999997,20230131,0.0,1.0
