Servicing Agent,AFYP(+),AFYP(-)
60000194,0.0,0.0
60000449,0.0,0.0
60000482,16026000.0,0.0
60000564,0.0,0.0
60000717,16141000.0,0.0
60000727,51640000.0,0.0
60000908,0.0,0.0
60001094,0.0,0.0
60001255,0.0,0.0
60001457,0.0,0.0
60001470,0.0,0.0
60001894,0.0,0.0
60002084,0.0,0.0
60002504,0.0,0.0
60002860,0.0,0.0
60002954,0.0,0.0
60003391,0.0,0.0
60003427,0.0,0.0
60003542,0.0,0.0
60004295,0.0,0.0
60004663,0.0,0.0
60004979,0.0,0.0
60005229,0.0,0.0
60005359,0.0,0.0
60005410,0.0,0.0
60005526,0.0,0.0
60005617,0.0,0.0
60005648,0.0,0.0
60005660,10178000.0,0.0
60005705,0.0,0.0
60005760,0.0,0.0
60005858,0.0,0.0
60005897,12289000.0,0.0
60005947,0.0,0.0
60006168,0.0,0.0
60006251,0.0,0.0
60006440,18002000.0,0.0
60006447,0.0,0.0
60006569,0.0,0.0
60006589,0.0,0.0
60006625,0.0,0.0
60006667,0.0,0.0
60006668,0.0,0.0
60006669,0.0,0.0
60006672,0.0,0.0
60006677,17558000.0,0.0
60006707,0.0,0.0
60006743,0.0,0.0
60006754,16595000.0,0.0
60006786,10223000.0,0.0
60006894,80873000.0,0.0
60006914,0.0,0.0
60006916,0.0,0.0
60006926,0.0,0.0
60007095,0.0,0.0
60007127,0.0,0.0
60007165,0.0,0.0
60007492,0.0,0.0
60007528,0.0,0.0
60007595,0.0,0.0
60007655,0.0,0.0
60007696,0.0,0.0
60007702,0.0,0.0
60007707,0.0,0.0
60007708,92353200.0,0.0
60007710,0.0,0.0
60007717,0.0,0.0
60007834,0.0,0.0
60007847,0.0,0.0
60008144,0.0,0.0
60008153,0.0,0.0
60008248,0.0,0.0
60008296,15572000.0,0.0
60008299,0.0,0.0
60008316,0.0,0.0
60008318,0.0,0.0
60008350,0.0,0.0
60008398,0.0,0.0
60008405,0.0,0.0
60008440,0.0,0.0
60008447,0.0,0.0
60008469,16623000.0,0.0
60008543,8249000.0,0.0
60008571,0.0,0.0
60008572,0.0,0.0
60008585,0.0,0.0
60008631,0.0,0.0
60008637,0.0,0.0
60008710,0.0,0.0
60008718,0.0,0.0
60008776,19000000.0,0.0
60008788,0.0,0.0
60008849,0.0,0.0
60008853,0.0,0.0
60008893,0.0,0.0
60008927,53643000.0,0.0
60008928,10743000.0,0.0
60008930,21136000.0,0.0
60008936,12122000.0,0.0
60008938,0.0,0.0
60008953,0.0,0.0
60008955,0.0,0.0
60008972,0.0,0.0
60009025,0.0,0.0
60009026,0.0,0.0
60009098,0.0,0.0
60009100,0.0,0.0
60009114,0.0,0.0
60009123,0.0,0.0
60009139,0.0,0.0
60009248,0.0,0.0
60009300,0.0,0.0
60009335,0.0,0.0
60009348,0.0,0.0
60009402,0.0,0.0
60009481,0.0,0.0
60009490,22064000.0,0.0
60009496,0.0,0.0
60009501,0.0,0.0
60009597,0.0,0.0
60009604,0.0,0.0
60009632,0.0,0.0
60009695,0.0,0.0
60009698,0.0,0.0
60009733,0.0,0.0
60009754,0.0,0.0
60009770,0.0,0.0
60009800,0.0,0.0
60009815,0.0,0.0
60009868,0.0,0.0
60009876,0.0,0.0
60009895,0.0,0.0
60009925,0.0,0.0
60009928,0.0,0.0
60009931,0.0,0.0
60009998,0.0,0.0
60010004,0.0,0.0
60010007,0.0,0.0
60010102,0.0,0.0
60010297,18050000.0,0.0
60010307,0.0,0.0
60010314,0.0,0.0
60010418,0.0,0.0
60010424,0.0,0.0
60010440,0.0,0.0
60010560,0.0,0.0
60010691,0.0,0.0
60010705,0.0,0.0
60010785,0.0,0.0
60010810,0.0,0.0
60010828,0.0,0.0
60010830,0.0,0.0
60010896,0.0,0.0
60010920,0.0,0.0
60010925,0.0,0.0
60010948,0.0,0.0
60010957,10368000.0,0.0
60011083,0.0,0.0
60011112,0.0,0.0
60011125,0.0,0.0
60011127,0.0,0.0
60011147,0.0,0.0
60011220,0.0,0.0
60011224,0.0,0.0
60011277,0.0,0.0
60011294,10029000.0,0.0
60011299,0.0,0.0
60011319,0.0,0.0
60011331,0.0,0.0
60011375,0.0,0.0
60011382,0.0,0.0
60011395,0.0,0.0
60011529,0.0,0.0
60011561,0.0,0.0
60011562,0.0,0.0
60011576,0.0,0.0
60011582,0.0,0.0
60011631,0.0,0.0
60011633,0.0,0.0
60011716,0.0,0.0
60011752,0.0,0.0
60011794,0.0,0.0
60011799,0.0,0.0
60011862,0.0,0.0
60011880,0.0,0.0
60011898,0.0,0.0
60011915,0.0,0.0
60011925,0.0,0.0
60011927,0.0,0.0
60011951,0.0,0.0
60011952,0.0,0.0
60011973,0.0,0.0
60012001,0.0,0.0
60012011,0.0,0.0
60012035,0.0,0.0
60012054,0.0,0.0
60012081,9432000.0,0.0
60012128,0.0,0.0
60012161,0.0,0.0
60012163,0.0,0.0
60012169,0.0,0.0
60012230,0.0,0.0
60012232,0.0,0.0
60012256,27978000.0,0.0
60012281,0.0,0.0
60012287,0.0,0.0
60012312,0.0,0.0
60012401,0.0,0.0
60012429,0.0,0.0
60012433,0.0,0.0
60012478,0.0,0.0
60012479,0.0,0.0
60012485,0.0,0.0
60012548,0.0,0.0
60012551,0.0,0.0
60012573,0.0,0.0
60012619,20978000.0,0.0
60012686,0.0,0.0
60012689,0.0,0.0
60012700,0.0,0.0
60012709,0.0,0.0
60012729,0.0,0.0
60012735,0.0,0.0
60012920,0.0,0.0
60012932,0.0,0.0
60013028,10129000.0,0.0
60013081,0.0,0.0
60013104,0.0,0.0
60013338,0.0,0.0
60013398,8005000.0,0.0
60013438,0.0,0.0
60013462,0.0,0.0
60013628,0.0,0.0
60013672,0.0,0.0
60013734,0.0,0.0
60013742,0.0,0.0
60013855,0.0,0.0
60013890,0.0,0.0
60013928,0.0,0.0
60014027,0.0,0.0
60014118,0.0,0.0
60014232,0.0,0.0
60014356,0.0,0.0
60014408,0.0,0.0
60014424,33018000.0,0.0
60014462,4229500.0,-14015000.0
60014465,8229000.0,0.0
60014474,0.0,0.0
60014534,0.0,0.0
60014554,0.0,0.0
60014569,0.0,0.0
60014571,0.0,0.0
60014573,0.0,0.0
60014652,0.0,0.0
60014700,0.0,0.0
60014719,0.0,0.0
60014728,0.0,0.0
60014768,0.0,0.0
60014794,0.0,0.0
60014817,0.0,0.0
60014821,0.0,0.0
60014843,0.0,0.0
60014857,0.0,0.0
60014887,0.0,0.0
60014908,0.0,0.0
60014977,0.0,0.0
60015089,0.0,0.0
60015191,0.0,0.0
60015228,0.0,0.0
60015249,0.0,0.0
60015277,0.0,0.0
60015378,0.0,0.0
60015379,0.0,0.0
60015381,0.0,0.0
60015399,0.0,0.0
60015407,0.0,-12000000.0
60015415,0.0,0.0
60015441,0.0,0.0
60015446,0.0,0.0
60015449,0.0,0.0
60015500,0.0,0.0
60015524,0.0,0.0
60015532,0.0,0.0
60015545,0.0,0.0
60015560,0.0,0.0
60015584,0.0,0.0
60015587,0.0,0.0
60015691,0.0,0.0
60015698,0.0,0.0
60015713,30107000.0,0.0
60015744,0.0,0.0
60015749,0.0,0.0
60015807,0.0,0.0
60015906,0.0,0.0
60016003,0.0,0.0
60016048,0.0,0.0
60016088,0.0,0.0
60016208,0.0,0.0
60016222,0.0,0.0
60016243,0.0,0.0
60016244,0.0,0.0
60016286,13000000.0,0.0
60016287,0.0,0.0
60016324,0.0,0.0
60016348,0.0,0.0
60016349,0.0,0.0
60016351,0.0,0.0
60016432,0.0,0.0
60016451,0.0,0.0
60016504,0.0,0.0
60016505,0.0,0.0
60016512,0.0,0.0
60016557,4295500.0,0.0
60016602,0.0,0.0
60016623,0.0,0.0
60016698,0.0,0.0
60016711,0.0,0.0
60016745,0.0,0.0
60016764,16091000.0,0.0
60016778,0.0,0.0
60016900,0.0,0.0
60016950,0.0,0.0
60016973,0.0,0.0
60016979,0.0,0.0
60016991,0.0,0.0
60016997,0.0,0.0
60017006,0.0,0.0
60017014,0.0,0.0
60017064,0.0,0.0
60017069,0.0,0.0
60017116,0.0,0.0
60017166,0.0,0.0
60017184,0.0,0.0
60017205,0.0,0.0
60017286,0.0,0.0
60017313,0.0,0.0
60017326,0.0,0.0
60017340,0.0,0.0
60017347,0.0,0.0
60017384,0.0,0.0
60017388,0.0,0.0
60017405,0.0,0.0
60017429,0.0,0.0
60017439,0.0,0.0
60017473,0.0,0.0
60017514,0.0,0.0
60017548,0.0,0.0
60017574,0.0,0.0
60017642,0.0,0.0
60017698,0.0,0.0
60017713,0.0,0.0
60017718,0.0,0.0
60017720,0.0,0.0
60017777,0.0,0.0
60017833,0.0,0.0
60017835,0.0,0.0
60017843,0.0,0.0
60017867,0.0,0.0
60017993,0.0,0.0
60018011,0.0,0.0
60018012,0.0,0.0
60018018,0.0,0.0
60018030,8009000.0,0.0
60018048,0.0,0.0
60018068,0.0,0.0
60018132,0.0,0.0
60018133,0.0,0.0
60018138,0.0,0.0
60018139,0.0,0.0
60018140,0.0,0.0
60018215,0.0,0.0
60018301,0.0,0.0
60018341,0.0,0.0
60018371,0.0,0.0
60018415,0.0,0.0
60018423,0.0,0.0
60018430,0.0,0.0
60018453,0.0,0.0
60018485,0.0,0.0
60018496,0.0,0.0
60018524,0.0,0.0
60018614,0.0,0.0
60018637,0.0,0.0
60018661,0.0,0.0
60018667,0.0,0.0
60018668,16357000.0,-21210000.0
60018761,0.0,0.0
60018764,0.0,0.0
60018770,0.0,0.0
60018788,0.0,0.0
60018792,0.0,0.0
60018797,0.0,0.0
60018798,0.0,0.0
60018824,0.0,0.0
60018838,0.0,0.0
60018887,0.0,0.0
60018907,9001000.0,0.0
60018975,0.0,0.0
60019008,0.0,0.0
60019060,0.0,0.0
60019075,0.0,0.0
60019090,0.0,0.0
60019093,0.0,0.0
60019099,0.0,0.0
60019100,0.0,-13000000.0
60019105,0.0,0.0
60019132,0.0,0.0
60019156,0.0,0.0
60019168,0.0,0.0
60019169,0.0,0.0
60019239,0.0,0.0
60019245,0.0,0.0
60019298,0.0,0.0
60019306,0.0,0.0
60019309,0.0,0.0
60019326,0.0,0.0
60019373,0.0,0.0
60019374,0.0,0.0
60019410,12000000.0,0.0
60019428,0.0,0.0
60019509,0.0,0.0
60019648,0.0,0.0
60019678,0.0,0.0
60019685,0.0,0.0
60019707,10081000.0,0.0
60019728,0.0,0.0
60019730,0.0,0.0
60019749,0.0,0.0
60019797,0.0,0.0
60019802,0.0,0.0
60019994,0.0,0.0
60020000,0.0,0.0
60020038,0.0,0.0
60020041,0.0,0.0
60020064,0.0,0.0
60020096,0.0,0.0
60020098,0.0,0.0
60020115,0.0,0.0
60020151,0.0,0.0
60020190,0.0,0.0
60020269,12062000.0,0.0
60020387,0.0,0.0
60020392,0.0,0.0
60020444,0.0,0.0
60020497,0.0,0.0
60020618,0.0,0.0
60020671,0.0,0.0
60020680,0.0,0.0
60020792,0.0,0.0
60020825,0.0,0.0
60020826,0.0,0.0
60020876,0.0,0.0
60020906,0.0,0.0
60020911,0.0,0.0
60020925,0.0,0.0
60020934,0.0,0.0
60020956,0.0,0.0
60020967,0.0,0.0
60020975,17222000.0,0.0
60021031,0.0,0.0
60021036,0.0,0.0
60021038,0.0,0.0
60021044,0.0,0.0
60021046,0.0,0.0
60021047,0.0,0.0
60021104,0.0,0.0
60021109,0.0,0.0
60021136,0.0,0.0
60021151,0.0,0.0
60021255,0.0,0.0
60021262,0.0,0.0
60021264,0.0,0.0
60021309,0.0,0.0
60021352,0.0,0.0
60021353,0.0,0.0
60021355,0.0,0.0
60021373,0.0,0.0
60021374,0.0,0.0
60021411,0.0,0.0
60021426,0.0,0.0
60021471,0.0,0.0
60021489,0.0,0.0
60021522,0.0,0.0
60021572,0.0,0.0
60021612,0.0,0.0
60021638,0.0,0.0
60021643,0.0,0.0
60021657,0.0,0.0
60021670,0.0,0.0
60021768,0.0,0.0
60021782,0.0,0.0
60021820,0.0,0.0
60021867,0.0,0.0
60021937,0.0,0.0
60021978,12000000.0,0.0
60022035,0.0,0.0
60022049,0.0,0.0
60022084,0.0,0.0
60022104,0.0,0.0
60022199,0.0,0.0
60022202,22000000.0,0.0
60022216,0.0,0.0
60022264,0.0,0.0
60022274,0.0,0.0
60022306,0.0,0.0
60022331,0.0,0.0
60022354,0.0,0.0
60022359,15519000.0,0.0
60022382,0.0,0.0
60022403,0.0,0.0
60022417,0.0,0.0
60022433,0.0,0.0
60022437,0.0,0.0
60022448,0.0,0.0
60022460,0.0,0.0
60022467,0.0,0.0
60022495,0.0,0.0
60022519,0.0,0.0
60022528,0.0,0.0
60022591,0.0,0.0
60022592,0.0,0.0
60022661,0.0,0.0
60022663,0.0,0.0
60022665,0.0,0.0
60022691,0.0,0.0
60022703,0.0,0.0
60022726,0.0,0.0
60022750,0.0,0.0
60022763,0.0,0.0
60022764,0.0,0.0
60022765,0.0,0.0
60022768,0.0,0.0
60022773,0.0,0.0
60022774,0.0,0.0
60022776,0.0,0.0
60022802,0.0,0.0
60022822,0.0,0.0
60022827,0.0,0.0
60022870,0.0,0.0
60022885,0.0,0.0
60022933,0.0,0.0
60022937,0.0,0.0
60022955,0.0,0.0
60022960,0.0,0.0
60022961,0.0,0.0
60022968,0.0,0.0
60022975,0.0,0.0
60023038,0.0,0.0
60023039,0.0,0.0
60023040,0.0,0.0
60023050,0.0,0.0
60023051,0.0,0.0
60023053,0.0,0.0
60023058,0.0,0.0
60023084,0.0,0.0
60023122,0.0,0.0
60023135,0.0,0.0
60023159,0.0,0.0
60023160,0.0,0.0
60023164,0.0,0.0
60023189,0.0,0.0
60023201,0.0,0.0
60023247,0.0,0.0
60023251,0.0,0.0
60023289,0.0,0.0
60023312,0.0,0.0
60023317,0.0,0.0
60023323,0.0,0.0
60023329,0.0,0.0
60023333,0.0,0.0
60023343,0.0,0.0
60023357,0.0,0.0
60023373,0.0,0.0
60023409,0.0,0.0
60023433,0.0,0.0
60023451,0.0,0.0
60023463,0.0,0.0
60023481,0.0,0.0
60023490,0.0,0.0
60023493,0.0,0.0
60023530,0.0,0.0
60023535,0.0,0.0
60023555,0.0,0.0
60023566,0.0,0.0
60023574,0.0,0.0
60023608,0.0,0.0
60023615,0.0,0.0
60023620,0.0,0.0
60023655,0.0,0.0
60023678,0.0,0.0
60023690,0.0,0.0
60023705,16668000.0,0.0
60023717,12000000.0,0.0
60023737,0.0,0.0
60023744,0.0,0.0
60023752,0.0,0.0
60023760,0.0,0.0
60023800,0.0,0.0
60023834,0.0,0.0
60023858,0.0,0.0
60023861,0.0,0.0
60023890,0.0,0.0
60023917,0.0,0.0
60023918,0.0,0.0
60023940,0.0,0.0
60023945,0.0,0.0
60023963,0.0,0.0
60024022,0.0,0.0
60024038,0.0,0.0
60024042,0.0,0.0
60024050,0.0,0.0
60024058,0.0,0.0
60024065,0.0,0.0
60024104,0.0,0.0
60024134,0.0,0.0
60024145,0.0,0.0
60024183,0.0,0.0
60024184,0.0,0.0
60024186,0.0,0.0
60024188,0.0,0.0
60024210,0.0,0.0
60024218,0.0,0.0
60024227,0.0,0.0
60024239,0.0,0.0
60024242,0.0,0.0
60024250,0.0,0.0
60024254,0.0,0.0
60024273,0.0,0.0
60024274,0.0,0.0
60024278,0.0,0.0
60024280,0.0,0.0
60024283,0.0,0.0
60024286,0.0,0.0
60024304,29000000.0,-12000000.0
60024318,0.0,0.0
60024320,0.0,0.0
60024325,26000000.0,0.0
60024365,0.0,0.0
60024367,0.0,0.0
60024394,0.0,0.0
60024471,0.0,0.0
60024522,0.0,0.0
60024540,0.0,0.0
60024550,0.0,0.0
60024589,0.0,0.0
60024609,0.0,0.0
60024649,0.0,0.0
60024733,0.0,0.0
60024808,0.0,0.0
60024816,0.0,0.0
60024833,0.0,0.0
60024843,0.0,0.0
60024844,0.0,0.0
60024845,0.0,0.0
60024904,0.0,0.0
60024916,0.0,0.0
60024921,0.0,0.0
60024925,0.0,0.0
60024951,0.0,0.0
60025007,0.0,0.0
60025011,0.0,0.0
60025030,0.0,0.0
60025196,0.0,0.0
60025217,0.0,0.0
60025234,24673700.0,0.0
60025243,0.0,0.0
60025244,0.0,0.0
60025248,0.0,0.0
60025280,0.0,0.0
60025374,0.0,0.0
60025381,15086000.0,0.0
60025432,0.0,0.0
60025485,0.0,0.0
60025509,0.0,0.0
60025543,0.0,0.0
60025548,0.0,0.0
60025570,0.0,0.0
60025572,0.0,0.0
60025668,0.0,0.0
60025685,0.0,0.0
60025734,0.0,0.0
60025740,0.0,0.0
60025741,0.0,0.0
60025902,0.0,0.0
60025977,0.0,0.0
60025995,0.0,0.0
60025997,0.0,0.0
60026018,0.0,0.0
60026021,0.0,0.0
60026083,0.0,0.0
60026087,0.0,0.0
60026092,0.0,0.0
60026101,0.0,0.0
60026111,31923000.0,0.0
60026119,12408000.0,0.0
60026140,0.0,0.0
60026179,0.0,0.0
60026216,0.0,0.0
60026225,0.0,0.0
60026226,0.0,0.0
60026306,8198000.0,0.0
60026332,0.0,0.0
60026361,0.0,0.0
60026372,0.0,0.0
60026398,0.0,0.0
60026425,0.0,0.0
60026469,0.0,0.0
60026472,0.0,0.0
60026501,0.0,0.0
60026525,0.0,0.0
60026528,0.0,0.0
60026529,0.0,0.0
60026530,0.0,0.0
60026561,16427000.0,0.0
60026573,0.0,0.0
60026601,0.0,0.0
60026643,0.0,0.0
60026644,0.0,0.0
60026653,0.0,0.0
60026700,0.0,0.0
60026703,0.0,0.0
60026712,0.0,0.0
60026717,0.0,0.0
60026725,0.0,0.0
60026739,0.0,0.0
60026841,0.0,0.0
60026857,0.0,0.0
60026861,0.0,0.0
60026865,0.0,0.0
60026880,0.0,0.0
60026954,0.0,0.0
60027043,0.0,0.0
60027069,0.0,0.0
60027073,0.0,0.0
60027086,0.0,0.0
60027203,0.0,0.0
60027268,0.0,0.0
60027309,0.0,0.0
60027363,0.0,0.0
60027377,10000000.0,0.0
60027408,0.0,0.0
60027411,0.0,0.0
60027428,0.0,0.0
60027443,15050000.0,0.0
60027446,0.0,0.0
60027452,0.0,0.0
60027466,0.0,0.0
60027473,0.0,0.0
60027488,15018000.0,0.0
60027530,0.0,0.0
60027534,0.0,0.0
60027543,0.0,0.0
60027552,0.0,0.0
60027565,0.0,0.0
60027589,0.0,0.0
60027596,0.0,0.0
60027638,0.0,0.0
60027704,0.0,0.0
60027718,0.0,0.0
60027719,0.0,0.0
60027724,0.0,0.0
60027758,0.0,0.0
60027761,0.0,0.0
60027762,0.0,0.0
60027776,0.0,0.0
60027815,0.0,0.0
60027838,0.0,0.0
60027839,0.0,0.0
60027897,0.0,0.0
60027908,0.0,0.0
60027923,0.0,0.0
60027943,0.0,0.0
60027952,12003000.0,0.0
60027964,0.0,0.0
60028068,0.0,0.0
60028092,0.0,0.0
60028093,0.0,0.0
60028114,0.0,0.0
60028150,0.0,0.0
60028154,0.0,0.0
60028156,0.0,0.0
60028184,0.0,0.0
60028261,0.0,0.0
60028266,0.0,0.0
60028269,0.0,0.0
60028290,0.0,0.0
60028292,40001000.0,0.0
60028297,0.0,0.0
60028393,0.0,0.0
60028442,0.0,0.0
60028464,0.0,0.0
60028475,0.0,0.0
60028484,0.0,0.0
60028530,0.0,0.0
60028598,0.0,0.0
60028642,0.0,0.0
60028650,0.0,0.0
60028654,0.0,0.0
60028657,0.0,0.0
60028662,0.0,0.0
60028684,0.0,0.0
60028706,0.0,0.0
60028746,0.0,0.0
60028776,0.0,0.0
60028779,0.0,0.0
60028794,0.0,0.0
60028805,0.0,0.0
60028812,0.0,0.0
60028825,13948000.0,0.0
60028959,0.0,0.0
60029008,0.0,0.0
60029056,0.0,0.0
60029084,0.0,0.0
60029155,0.0,0.0
60029166,15024000.0,0.0
60029218,0.0,0.0
60029221,0.0,0.0
60029261,0.0,0.0
60029281,0.0,0.0
60029360,0.0,0.0
60029384,0.0,0.0
60029391,0.0,0.0
60029412,0.0,0.0
60029413,0.0,0.0
60029422,0.0,0.0
60029425,0.0,0.0
60029455,0.0,0.0
60029472,0.0,0.0
60029476,0.0,0.0
60029548,0.0,0.0
60029549,0.0,0.0
60029554,0.0,0.0
60029567,0.0,0.0
60029573,0.0,0.0
60029659,15699000.0,0.0
60029661,0.0,-13195000.0
60029696,0.0,0.0
60029731,0.0,0.0
60029803,0.0,0.0
60029805,0.0,0.0
60029811,0.0,0.0
60029881,0.0,0.0
60029901,0.0,0.0
60029906,0.0,0.0
60029938,0.0,0.0
60029944,0.0,0.0
60029951,0.0,0.0
60029983,0.0,0.0
60030013,0.0,0.0
60030034,0.0,0.0
60030066,0.0,0.0
60030097,0.0,0.0
60030142,0.0,0.0
60030195,0.0,0.0
60030196,0.0,0.0
60030218,0.0,0.0
60030230,0.0,0.0
60030246,0.0,0.0
60030293,0.0,0.0
60030320,0.0,0.0
60030326,0.0,0.0
60030372,0.0,0.0
60030398,0.0,0.0
60030420,0.0,0.0
60030434,0.0,0.0
60030459,0.0,0.0
60030486,0.0,0.0
60030537,0.0,0.0
60030540,0.0,0.0
60030620,0.0,0.0
60030626,0.0,0.0
60030647,0.0,0.0
60030650,0.0,0.0
60030661,0.0,0.0
60030677,0.0,0.0
60030705,10633000.0,0.0
60030721,0.0,0.0
60030762,0.0,0.0
60030789,0.0,0.0
60030817,0.0,0.0
60030890,0.0,0.0
60030892,0.0,0.0
60030974,0.0,0.0
60031016,0.0,0.0
60031018,0.0,0.0
60031064,0.0,0.0
60031070,0.0,0.0
60031105,0.0,0.0
60031109,0.0,0.0
60031110,0.0,0.0
60031155,0.0,0.0
60031177,0.0,0.0
60031179,0.0,0.0
60031187,0.0,0.0
60031203,0.0,0.0
60031212,0.0,0.0
60031222,0.0,0.0
60031223,0.0,0.0
60031229,0.0,0.0
60031231,0.0,0.0
60031245,0.0,0.0
60031292,0.0,0.0
60031296,0.0,0.0
60031298,0.0,0.0
60031345,0.0,0.0
60031376,0.0,0.0
60031379,15054000.0,0.0
60031386,0.0,0.0
60031402,0.0,0.0
60031408,0.0,0.0
60031413,35577000.0,0.0
60031416,0.0,0.0
60031419,0.0,0.0
60031422,0.0,0.0
60031442,0.0,0.0
60031451,0.0,0.0
60031457,0.0,0.0
60031502,0.0,0.0
60031508,0.0,0.0
60031524,0.0,0.0
60031538,0.0,0.0
60031544,0.0,0.0
60031574,0.0,0.0
60031596,0.0,0.0
60031598,0.0,0.0
60031600,0.0,0.0
60031631,15037000.0,0.0
60031635,15000000.0,0.0
60031639,0.0,0.0
60031659,0.0,0.0
60031676,0.0,0.0
60031691,0.0,0.0
60031696,0.0,0.0
60031752,0.0,0.0
60031755,0.0,0.0
60031757,0.0,0.0
60031767,0.0,0.0
60031789,0.0,0.0
60031799,21002000.0,0.0
60031835,0.0,0.0
60031840,0.0,0.0
60031843,0.0,0.0
60031847,0.0,0.0
60031850,0.0,0.0
60031895,0.0,0.0
60031910,0.0,0.0
60031915,0.0,0.0
60031952,0.0,0.0
60031954,0.0,0.0
60031964,0.0,0.0
60031969,15000000.0,0.0
60031973,0.0,0.0
60031994,0.0,0.0
60032008,22809000.0,0.0
60032014,0.0,0.0
60032074,0.0,0.0
60032078,0.0,0.0
60032109,0.0,0.0
60032123,0.0,0.0
60032165,0.0,0.0
60032182,0.0,0.0
60032184,0.0,0.0
60032194,0.0,0.0
60032195,0.0,0.0
60032197,0.0,0.0
60032214,0.0,0.0
60032225,32121000.0,0.0
60032236,0.0,0.0
60032245,0.0,0.0
60032246,0.0,0.0
60032248,0.0,0.0
60032259,0.0,0.0
60032273,0.0,0.0
60032280,13375000.0,0.0
60032285,0.0,0.0
60032287,0.0,0.0
60032290,20154000.0,0.0
60032295,0.0,0.0
60032350,0.0,0.0
60032385,0.0,0.0
60032396,0.0,0.0
60032420,0.0,0.0
60032454,0.0,0.0
60032466,0.0,0.0
60032485,0.0,0.0
60032521,0.0,0.0
60032522,0.0,0.0
60032527,0.0,0.0
60032528,0.0,0.0
60032592,0.0,0.0
60032645,0.0,0.0
60032651,0.0,0.0
60032677,0.0,0.0
60032691,0.0,0.0
60032697,0.0,0.0
60032705,0.0,0.0
60032706,0.0,0.0
60032724,0.0,0.0
60032737,0.0,0.0
60032741,0.0,0.0
60032759,16213000.0,0.0
60032775,0.0,0.0
60032803,0.0,0.0
60032814,0.0,0.0
60032816,16000000.0,0.0
60032818,0.0,0.0
60032824,0.0,0.0
60032826,0.0,0.0
60032827,0.0,0.0
60032845,0.0,0.0
60032847,0.0,0.0
60032856,0.0,0.0
60032867,0.0,0.0
60032871,0.0,0.0
60032883,0.0,0.0
60032887,0.0,0.0
60032889,0.0,0.0
60032913,0.0,0.0
60032916,46364300.0,0.0
60032959,0.0,0.0
60032997,0.0,0.0
60033016,0.0,0.0
60033043,0.0,0.0
60033044,0.0,0.0
60033046,0.0,0.0
60033057,0.0,0.0
60033072,0.0,0.0
60033105,0.0,0.0
60033109,0.0,0.0
60033122,0.0,0.0
60033123,0.0,0.0
60033130,0.0,0.0
60033133,0.0,0.0
60033143,0.0,0.0
60033157,0.0,0.0
60033182,0.0,0.0
60033210,0.0,0.0
60033212,0.0,0.0
60033223,0.0,0.0
60033235,0.0,0.0
60033270,0.0,0.0
60033277,0.0,0.0
60033301,0.0,0.0
60033308,0.0,0.0
60033318,0.0,0.0
60033353,0.0,0.0
60033361,0.0,0.0
60033378,16380000.0,0.0
60033421,0.0,0.0
60033424,0.0,0.0
60033469,15037000.0,0.0
60033471,0.0,0.0
60033498,0.0,0.0
60033524,0.0,0.0
60033545,16581000.0,0.0
60033584,0.0,0.0
60033585,0.0,0.0
60033597,0.0,0.0
60033602,0.0,0.0
60033612,0.0,0.0
60033636,0.0,0.0
60033657,0.0,0.0
60033658,0.0,0.0
60033664,0.0,0.0
60033680,0.0,0.0
60033700,8338000.0,0.0
60033716,8984000.0,0.0
60033791,0.0,0.0
60033843,0.0,0.0
60033875,0.0,0.0
60033881,20003000.0,0.0
60033884,0.0,0.0
60033888,10032000.0,0.0
60033890,0.0,0.0
60033910,0.0,0.0
60033927,0.0,0.0
60033961,0.0,0.0
60033964,0.0,0.0
60033967,0.0,0.0
60033970,0.0,0.0
60033979,0.0,0.0
60033989,0.0,0.0
60034022,0.0,0.0
60034046,0.0,0.0
60034060,0.0,0.0
60034164,0.0,0.0
60034196,0.0,0.0
60034217,0.0,0.0
60034313,0.0,0.0
60034347,0.0,0.0
60034406,0.0,0.0
60034415,0.0,0.0
60034461,0.0,0.0
60034488,0.0,0.0
60034572,0.0,0.0
60034632,0.0,0.0
60034684,0.0,0.0
60034691,0.0,0.0
60034709,0.0,0.0
60034715,0.0,0.0
60034781,0.0,0.0
60034787,0.0,0.0
60034816,0.0,0.0
60034828,0.0,0.0
60034834,15604000.0,0.0
60034836,30970000.0,0.0
60034841,0.0,0.0
60034901,0.0,0.0
60034902,0.0,0.0
60034969,0.0,0.0
60035024,0.0,0.0
60035028,0.0,0.0
60035029,0.0,0.0
60035040,0.0,0.0
60035116,0.0,0.0
60035164,0.0,0.0
60035181,30415000.0,0.0
60035194,0.0,0.0
60035206,0.0,0.0
60035254,0.0,0.0
60035256,0.0,0.0
60035259,0.0,0.0
60035287,0.0,0.0
60035303,0.0,0.0
60035344,0.0,0.0
60035345,0.0,0.0
60035374,0.0,0.0
60035411,0.0,0.0
60035424,0.0,0.0
60035441,0.0,0.0
60035507,0.0,0.0
60035536,0.0,0.0
60035553,0.0,0.0
60035726,20157000.0,0.0
60035743,0.0,0.0
60035763,0.0,0.0
60035791,0.0,-45690000.0
60035829,0.0,0.0
60035873,0.0,0.0
60035878,0.0,0.0
60035906,0.0,0.0
60035943,0.0,0.0
60035988,0.0,0.0
60035994,0.0,0.0
60035997,0.0,0.0
60036002,0.0,0.0
60036020,0.0,0.0
60036032,0.0,0.0
60036060,0.0,0.0
60036070,0.0,0.0
60036079,0.0,0.0
60036128,0.0,0.0
60036155,0.0,0.0
60036167,0.0,0.0
60036170,0.0,0.0
60036217,0.0,0.0
60036220,0.0,0.0
60036280,0.0,0.0
60036285,0.0,0.0
60036344,0.0,0.0
60036387,0.0,0.0
60036494,0.0,0.0
60036498,0.0,0.0
60036514,0.0,0.0
60036548,0.0,0.0
60036556,8680000.0,0.0
60036580,0.0,0.0
60036646,0.0,0.0
60036662,0.0,0.0
60036827,0.0,0.0
60036860,0.0,0.0
60036883,0.0,0.0
60036957,0.0,0.0
60036996,0.0,0.0
60037008,0.0,0.0
60037014,0.0,0.0
60037199,0.0,0.0
60037230,0.0,0.0
60037261,0.0,0.0
60037350,0.0,0.0
60037354,0.0,0.0
60037363,10000000.0,0.0
60037366,0.0,0.0
60037406,0.0,0.0
60037442,0.0,0.0
60037447,0.0,0.0
60037464,0.0,0.0
60037465,0.0,0.0
60037485,0.0,0.0
60037497,22645000.0,0.0
60037507,0.0,0.0
60037515,0.0,0.0
60037520,0.0,0.0
60037529,0.0,0.0
60037560,0.0,0.0
60037579,0.0,0.0
60037597,0.0,0.0
60037598,0.0,0.0
60037625,0.0,0.0
60037647,0.0,0.0
60037648,0.0,0.0
60037657,0.0,0.0
60037661,0.0,0.0
60037677,0.0,0.0
60037679,0.0,0.0
60037686,42197000.0,0.0
60037693,0.0,0.0
60037697,0.0,0.0
60037706,0.0,0.0
60037712,0.0,0.0
60037732,0.0,0.0
60037756,0.0,0.0
60037757,0.0,0.0
60037819,0.0,0.0
60038080,0.0,0.0
60038082,16680000.0,0.0
60038260,0.0,0.0
60038357,0.0,0.0
60038392,0.0,0.0
60038402,0.0,0.0
60038477,0.0,0.0
60038502,0.0,0.0
60038567,0.0,0.0
60038578,0.0,0.0
60038604,0.0,0.0
60038622,0.0,0.0
60038634,0.0,0.0
60038641,16001000.0,0.0
60038670,0.0,0.0
60038737,22800000.0,0.0
60038766,0.0,0.0
60038803,0.0,0.0
60038806,0.0,0.0
60038818,323476000.0,0.0
60038918,0.0,0.0
60039013,0.0,0.0
60039061,0.0,0.0
60039140,0.0,0.0
60039194,24091000.0,0.0
60039270,51131000.0,0.0
60039283,16125000.0,0.0
60039464,0.0,0.0
60039572,12000000.0,0.0
60039649,0.0,0.0
60039660,0.0,0.0
60039715,0.0,0.0
60039717,12896000.0,0.0
60039789,0.0,0.0
60039802,0.0,0.0
60039803,0.0,0.0
60039827,0.0,0.0
60039845,0.0,0.0
60039863,0.0,-51220000.0
60040229,0.0,0.0
60040261,16186000.0,0.0
60040264,0.0,0.0
60040447,0.0,0.0
60040537,0.0,0.0
60040541,0.0,0.0
60040620,0.0,0.0
60040745,16122000.0,0.0
60040902,30568000.0,0.0
60040905,0.0,0.0
60040942,0.0,0.0
60040955,0.0,0.0
60040965,0.0,0.0
60040986,12255000.0,0.0
60041028,0.0,0.0
60041068,0.0,0.0
60041071,0.0,0.0
60041082,0.0,0.0
60041110,0.0,0.0
60041111,0.0,0.0
60041174,0.0,0.0
60041200,0.0,0.0
60041220,0.0,0.0
60041228,0.0,0.0
60041237,0.0,0.0
60041256,0.0,0.0
60041262,12688000.0,0.0
60041291,0.0,0.0
60041298,0.0,0.0
60041302,20802000.0,0.0
60041304,0.0,0.0
60041308,0.0,0.0
60041472,0.0,0.0
60041512,0.0,0.0
60041526,0.0,0.0
60041544,12229000.0,0.0
60041545,0.0,0.0
60041567,0.0,0.0
60041648,0.0,0.0
60041658,25059000.0,0.0
60041662,53355000.0,0.0
60041745,0.0,0.0
60041762,0.0,0.0
60041775,0.0,0.0
60041821,0.0,0.0
60041916,0.0,0.0
60041963,0.0,0.0
60041981,40101000.0,0.0
60042074,0.0,0.0
60042080,0.0,0.0
60042128,0.0,0.0
60042136,25158000.0,0.0
60042175,0.0,0.0
60042208,0.0,0.0
60042310,0.0,0.0
60042324,0.0,0.0
60042341,0.0,-33250000.0
60042352,0.0,0.0
60042373,0.0,0.0
60042375,0.0,0.0
60042492,0.0,0.0
60042549,0.0,0.0
60042670,0.0,0.0
60042706,9056000.0,0.0
60042773,82121000.0,-6438600.0
60042781,0.0,0.0
60042783,0.0,0.0
60042798,0.0,0.0
60042803,0.0,0.0
60042839,0.0,0.0
60042878,0.0,0.0
60043073,0.0,0.0
60043093,0.0,-11145000.0
60043100,0.0,0.0
60043202,0.0,0.0
60043203,0.0,0.0
60043211,9150000.0,0.0
60043234,0.0,0.0
60043308,0.0,0.0
60043415,0.0,0.0
60043424,0.0,0.0
60043588,0.0,0.0
60043596,0.0,0.0
60043718,0.0,0.0
60043722,0.0,0.0
60043779,0.0,0.0
60043784,0.0,0.0
60043785,0.0,0.0
60043799,0.0,0.0
60043854,0.0,0.0
60043918,25227000.0,0.0
60043923,20216000.0,0.0
60043984,0.0,0.0
60043999,8674000.0,0.0
60044009,0.0,0.0
60044102,0.0,0.0
60044305,0.0,0.0
60044306,0.0,-11259000.0
60044366,0.0,0.0
60044521,0.0,0.0
60044555,12026000.0,0.0
60044563,0.0,0.0
60044712,0.0,0.0
60044722,0.0,0.0
60044725,0.0,0.0
60044819,0.0,0.0
60044938,0.0,0.0
60045018,0.0,0.0
60045076,0.0,0.0
60045089,0.0,0.0
60045120,0.0,0.0
60045133,0.0,0.0
60045169,0.0,0.0
60045255,0.0,0.0
60045276,0.0,-17055000.0
60045305,16379000.0,0.0
60045327,0.0,0.0
60045437,0.0,0.0
60045441,0.0,0.0
60045633,0.0,0.0
60045676,0.0,0.0
60045689,9166000.0,0.0
60045701,0.0,0.0
60045715,0.0,0.0
60045802,0.0,0.0
60045813,0.0,0.0
60045818,0.0,0.0
60045840,20323000.0,0.0
60045858,16130000.0,0.0
60045862,0.0,0.0
60045900,0.0,0.0
60045902,0.0,0.0
60046025,0.0,0.0
60046079,0.0,0.0
60046124,0.0,0.0
60046125,0.0,0.0
60046151,0.0,0.0
60046183,0.0,0.0
60046214,36248000.0,0.0
60046238,8999000.0,-65008000.0
60046253,0.0,-95575000.0
60046261,0.0,0.0
60046269,0.0,0.0
60046287,0.0,0.0
60046368,0.0,0.0
60046392,0.0,0.0
60046470,0.0,0.0
60046504,0.0,-20425000.0
60046535,0.0,0.0
60046561,0.0,0.0
60046600,0.0,0.0
60046812,0.0,0.0
60046818,15155000.0,0.0
60046843,0.0,0.0
60046961,0.0,0.0
60047024,0.0,0.0
60047037,10039000.0,0.0
60047089,0.0,0.0
60047205,0.0,0.0
60047405,33466000.0,0.0
60047429,0.0,0.0
60047519,0.0,0.0
60047576,0.0,0.0
60047638,0.0,0.0
60047641,8457000.0,0.0
60047665,0.0,0.0
60047904,0.0,0.0
60047909,0.0,0.0
60047933,0.0,0.0
60047939,0.0,0.0
60048064,0.0,0.0
60048084,0.0,0.0
60048208,0.0,0.0
60048242,0.0,0.0
60048371,0.0,0.0
60048611,0.0,0.0
60048682,0.0,0.0
60048826,0.0,0.0
60049108,0.0,0.0
60049120,0.0,0.0
60049221,15173000.0,0.0
60049228,15008000.0,-28455000.0
60049232,0.0,0.0
60049386,0.0,0.0
60049391,0.0,0.0
60049402,0.0,0.0
60049418,0.0,0.0
60049464,0.0,0.0
60049525,15016000.0,0.0
60049558,0.0,0.0
60049726,0.0,0.0
60049885,0.0,0.0
60049941,0.0,0.0
60050013,0.0,0.0
60050224,21580000.0,0.0
60050232,12000000.0,0.0
60050233,0.0,0.0
60050279,10688000.0,0.0
60050349,0.0,0.0
60050457,0.0,0.0
60050483,0.0,0.0
60050522,0.0,0.0
60050639,0.0,-8000000.0
60050719,0.0,0.0
60050752,0.0,0.0
60050772,0.0,0.0
60050803,0.0,0.0
60050816,0.0,0.0
60050817,0.0,0.0
60050824,0.0,0.0
60050927,31506000.0,0.0
60050966,0.0,0.0
60051003,0.0,0.0
60051014,0.0,0.0
60051068,0.0,0.0
60051072,0.0,0.0
60051114,0.0,0.0
60051178,0.0,0.0
60051181,0.0,0.0
60051183,0.0,-10000000.0
60051257,0.0,0.0
60051262,0.0,0.0
60051313,15543000.0,0.0
60051314,16550000.0,0.0
60051323,0.0,0.0
60051369,0.0,0.0
60051553,0.0,0.0
60051554,0.0,0.0
60051584,12000000.0,0.0
60051596,0.0,0.0
60051627,8100000.0,0.0
60051639,0.0,0.0
60051640,0.0,0.0
60051692,0.0,0.0
60051720,0.0,0.0
60051731,0.0,0.0
60051732,0.0,0.0
60051773,0.0,0.0
60051800,0.0,0.0
60051843,0.0,0.0
60051888,0.0,0.0
60051895,12684000.0,0.0
60051901,0.0,0.0
60051937,0.0,0.0
60051992,0.0,0.0
60052055,0.0,0.0
60052090,17794000.0,0.0
60052092,0.0,0.0
60052230,0.0,0.0
60052239,0.0,0.0
60052247,0.0,0.0
60052314,0.0,0.0
60052315,0.0,0.0
60052318,0.0,0.0
60052382,0.0,0.0
60052391,0.0,0.0
60052430,8007000.0,0.0
60052432,0.0,0.0
60052531,0.0,0.0
60052549,0.0,0.0
60052596,0.0,0.0
60052601,0.0,0.0
60052633,0.0,0.0
60052641,0.0,0.0
60052646,20000000.0,0.0
60052711,0.0,0.0
60052756,0.0,0.0
60052789,0.0,0.0
60052798,0.0,0.0
60052873,0.0,0.0
60052876,0.0,0.0
60052933,0.0,0.0
60052952,8165000.0,0.0
60052984,0.0,0.0
60052986,50000000.0,-36092000.0
60052990,0.0,0.0
60052995,22000000.0,0.0
60053045,45575000.0,0.0
60053047,13517000.0,0.0
60053048,0.0,0.0
60053115,0.0,-15000000.0
60053126,0.0,0.0
60053138,0.0,0.0
60053158,0.0,0.0
60053182,0.0,0.0
60053193,0.0,0.0
60053203,0.0,0.0
60053271,0.0,0.0
60053274,0.0,0.0
60053283,0.0,0.0
60053308,0.0,0.0
60053352,15030000.0,0.0
60053378,0.0,0.0
60053394,0.0,0.0
60053449,0.0,0.0
60053461,0.0,0.0
60053465,0.0,0.0
60053528,0.0,0.0
60053611,0.0,0.0
60053613,0.0,0.0
60053731,0.0,0.0
60053789,0.0,0.0
60053860,0.0,0.0
60053893,0.0,0.0
60053940,0.0,0.0
60053967,0.0,0.0
60053972,31255000.0,0.0
60053993,9000000.0,0.0
60054015,0.0,0.0
60054016,0.0,0.0
60054022,0.0,0.0
60054078,0.0,0.0
60054091,0.0,0.0
60054103,0.0,0.0
60054127,45014000.0,0.0
60054133,0.0,0.0
60054177,0.0,0.0
60054187,21264000.0,0.0
60054191,0.0,0.0
60054229,0.0,0.0
60054245,0.0,0.0
60054266,15500000.0,0.0
60054276,0.0,0.0
60054281,0.0,0.0
60054295,0.0,0.0
60054336,0.0,0.0
60054338,0.0,0.0
60054359,0.0,-5972400.0
60054472,26539000.0,0.0
60054473,9186000.0,0.0
60054476,8358000.0,0.0
60054478,27560000.0,0.0
60054480,0.0,0.0
60054510,0.0,0.0
60054549,0.0,0.0
60054572,0.0,0.0
60054579,0.0,0.0
60054587,0.0,0.0
60054604,0.0,0.0
60054609,0.0,0.0
60054635,0.0,0.0
60054688,0.0,0.0
60054695,0.0,0.0
60054696,0.0,0.0
60054702,0.0,0.0
60054734,0.0,0.0
60054813,0.0,0.0
60054825,0.0,0.0
60054883,0.0,0.0
60054895,0.0,0.0
60054960,0.0,0.0
60054979,0.0,0.0
60055010,16004000.0,0.0
60055017,0.0,0.0
60055035,0.0,0.0
60055041,0.0,0.0
60055095,17326000.0,0.0
60055101,9010000.0,0.0
60055110,0.0,0.0
60055134,0.0,0.0
60055137,25009000.0,0.0
60055194,0.0,-110070000.0
60055261,12030000.0,0.0
60055273,0.0,0.0
60055323,18143000.0,0.0
60055325,0.0,0.0
60055371,0.0,0.0
60055379,32017000.0,0.0
60055419,0.0,0.0
60055421,0.0,0.0
60055451,0.0,0.0
60055465,0.0,0.0
60055466,0.0,0.0
60055533,0.0,0.0
60055536,0.0,0.0
60055569,0.0,0.0
60055614,9376000.0,0.0
60055623,9128000.0,0.0
60055648,15935000.0,0.0
60055663,0.0,0.0
60055711,0.0,0.0
60055712,0.0,0.0
60055714,0.0,0.0
60055798,0.0,0.0
60055816,12041000.0,0.0
60055853,0.0,0.0
60055891,9014000.0,0.0
60055919,39969000.0,0.0
60055929,196786000.0,0.0
60055930,8066000.0,0.0
60055932,22018000.0,0.0
60055933,151294000.0,0.0
60055934,58078000.0,0.0
60055935,20007000.0,0.0
60055936,20830000.0,0.0
60055939,20091000.0,0.0
60055940,30046000.0,0.0
60055955,0.0,0.0
60055972,40284000.0,-20130000.0
60055973,0.0,0.0
60056019,0.0,0.0
60056020,15000000.0,0.0
60056087,0.0,0.0
60056091,60115000.0,0.0
60056108,0.0,0.0
60056176,16000000.0,0.0
60056187,38185000.0,0.0
60056210,16735000.0,0.0
60056221,9128000.0,0.0
60056240,30896000.0,0.0
60056249,27142000.0,-33338000.0
60056252,0.0,0.0
60056267,0.0,0.0
60056287,0.0,0.0
60056290,14966000.0,0.0
60056393,9064000.0,0.0
60056562,0.0,-50000000.0
60056582,15048000.0,0.0
60056693,16008000.0,0.0
60056695,9584000.0,0.0
60056698,9814000.0,0.0
60056750,0.0,-8003000.0
60056857,12058000.0,0.0
60056908,20326000.0,0.0
60056934,0.0,0.0
60056936,16043000.0,0.0
60056955,0.0,0.0
60056959,16780000.0,0.0
60056965,0.0,0.0
60056974,8037000.0,0.0
60056984,0.0,0.0
60056991,8038000.0,0.0
60056992,8089000.0,0.0
60056997,15312000.0,0.0
60056998,8496000.0,0.0
60056999,8075000.0,0.0
60057000,8267000.0,0.0
60057048,8125000.0,0.0
60057050,8264000.0,0.0
60057063,15000000.0,0.0
60057169,50162000.0,0.0
60057170,9090000.0,0.0
60057214,0.0,0.0
60057279,9122000.0,0.0
60057288,8268000.0,0.0
60057289,8064000.0,0.0
60057290,125167000.0,0.0
60057331,61747900.0,0.0
60057335,50006000.0,0.0
60057336,9002000.0,0.0
60057342,9000000.0,0.0
60057385,0.0,0.0
60057388,68007000.0,0.0
60057389,9010000.0,0.0
60057391,9000000.0,0.0
60057405,76477000.0,0.0
60057466,9160000.0,0.0
60057593,15240000.0,0.0
60057700,15468000.0,0.0
60057705,9048000.0,0.0
60057747,12291000.0,0.0
60057762,9122000.0,0.0
60057764,61286000.0,0.0
60057769,15041000.0,0.0
60057789,63444000.0,0.0
60057794,16786000.0,0.0
60057857,0.0,-8815000.0
60057864,48416000.0,0.0
60057865,0.0,0.0
60057866,9000000.0,0.0
60057869,0.0,-15162000.0
60057930,20128000.0,0.0
60057963,0.0,0.0
60057975,16007000.0,0.0
60057976,0.0,-16390000.0
60058013,30015000.0,0.0
60058033,17307000.0,0.0
60058060,22109000.0,0.0
60058064,0.0,0.0
60058069,0.0,0.0
60058126,15044000.0,0.0
60058129,40394000.0,0.0
60058135,0.0,0.0
60058138,8022000.0,0.0
60058139,8179000.0,0.0
60058140,9000000.0,0.0
60058142,13000000.0,0.0
60058239,0.0,-15091000.0
60058240,19000000.0,0.0
60058262,28410000.0,0.0
60058263,26459000.0,0.0
60058264,10490000.0,0.0
60058295,32821000.0,0.0
60058311,14460000.0,0.0
60058322,0.0,0.0
60058404,8478000.0,0.0
60058447,12141000.0,0.0
60058469,9060000.0,0.0
60058495,28878000.0,0.0
60058541,8083000.0,0.0
60058551,8064000.0,0.0
60058687,0.0,0.0
60058709,0.0,0.0
60058726,8266000.0,0.0
60058727,8010000.0,0.0
60058739,0.0,0.0
60058744,9220000.0,0.0
60058748,49555000.0,0.0
60058844,15000000.0,0.0
60058929,26950000.0,0.0
60058969,0.0,-79274000.0
60058973,108383000.0,0.0
60058990,51791000.0,0.0
60059033,78486000.0,0.0
60059132,12558000.0,0.0
60059144,40041000.0,0.0
60059145,106266000.0,0.0
60059146,70056000.0,0.0
60059147,30103000.0,0.0
60059148,20023000.0,0.0
60059149,40144000.0,0.0
60059153,15000000.0,0.0
60059228,12238000.0,0.0
60059259,0.0,-15456000.0
60059283,66084000.0,0.0
60059297,16066000.0,0.0
60059310,15015000.0,0.0
60059311,15099000.0,0.0
60059352,0.0,-33953000.0
60059355,109031800.0,0.0
60059361,9000000.0,0.0
60059363,0.0,0.0
60059396,15308000.0,0.0
60059409,17271000.0,0.0
60059511,16511000.0,0.0
60059617,47856000.0,-73298000.0
60059660,12000000.0,0.0
60059661,16951000.0,0.0
60059672,150327000.0,0.0
60059816,8107000.0,0.0
60059869,22702000.0,0.0
60059981,0.0,-39502000.0
60059982,0.0,-33692000.0
60060053,0.0,0.0
60060431,0.0,0.0
60060464,10214000.0,0.0
60060470,0.0,0.0
60060633,24100000.0,0.0
60060637,0.0,0.0
60060664,16138000.0,0.0
60060671,40342000.0,0.0
60060797,8197000.0,0.0
60060841,0.0,0.0
60061035,0.0,-8284000.0
60061075,17992000.0,0.0
60061132,18061000.0,0.0
60061343,31204000.0,0.0
60061591,0.0,0.0
60061600,0.0,-30235000.0
60061683,15645000.0,0.0
60061917,24426000.0,0.0
60061923,16274000.0,0.0
60061977,0.0,0.0
60062229,8171000.0,0.0
60062237,30000000.0,0.0
60062313,14629000.0,0.0
60062317,9618000.0,0.0
60062355,0.0,0.0
60062463,16674000.0,0.0
60062474,108147000.0,0.0
60062475,66223100.0,0.0
60062477,61247000.0,0.0
60063054,10078000.0,0.0
60063082,10048000.0,0.0
60063206,23025000.0,0.0
60063260,12460000.0,0.0
60063522,0.0,-18790000.0
60063850,18434000.0,0.0
60063854,16462000.0,0.0
60063857,12124000.0,0.0
60063973,19172000.0,0.0
60064674,163002000.0,-18838000.0
60064945,29086000.0,0.0
60064968,0.0,-29092000.0
60064987,0.0,0.0
60065153,0.0,0.0
60065271,32657000.0,0.0
60065312,0.0,0.0
60065651,12000000.0,0.0
60066095,14121000.0,0.0
60066517,35192000.0,0.0
60066547,12127000.0,0.0
60066756,845000.0,0.0
60066766,31713000.0,0.0
60066784,30070000.0,0.0
60066792,21128000.0,0.0
60066796,50620000.0,0.0
60066803,15581000.0,0.0
60066840,0.0,0.0
60066864,15588000.0,0.0
60066901,50001000.0,0.0
60066908,0.0,-15212000.0
60067077,25238000.0,-25238000.0
60067090,0.0,-11308000.0
60067092,12651000.0,0.0
60067108,0.0,-11192000.0
60067127,26138000.0,0.0
60067140,8254000.0,0.0
60067142,8242000.0,0.0
60067159,16622000.0,0.0
60067208,8140000.0,0.0
60067221,0.0,-37299000.0
60067224,0.0,-38895000.0
60067229,12286000.0,0.0
60067311,18990000.0,0.0
60067312,28803000.0,0.0
60067383,16356000.0,0.0
60067412,12001000.0,0.0
60067413,10490000.0,0.0
60067414,92265000.0,-48806000.0
60067416,15008000.0,0.0
60067417,15037000.0,0.0
60067425,13072000.0,0.0
60067428,15162000.0,0.0
60067436,12000000.0,0.0
60067453,20154000.0,0.0
60067482,0.0,0.0
60067517,0.0,-15242000.0
60067540,10172000.0,0.0
60067554,74300000.0,0.0
60067560,175650000.0,0.0
60067561,9186000.0,0.0
60067572,41660000.0,0.0
60067591,15096000.0,0.0
60067624,20909000.0,0.0
60067627,22666000.0,0.0
60067632,24078000.0,0.0
60067636,36003000.0,-39999000.0
60067640,25000000.0,0.0
60067648,50070000.0,0.0
60067700,9000000.0,0.0
60067718,100168000.0,0.0
60068089,40047000.0,0.0
60068090,40097000.0,0.0
60068104,65104000.0,0.0
60068108,26112000.0,0.0
60068158,10514000.0,0.0
60068160,30368000.0,0.0
60068263,18628000.0,0.0
60068274,14978000.0,0.0
60068278,15000000.0,0.0
60068309,16951000.0,0.0
60068331,153003000.0,0.0
60068333,0.0,0.0
60068400,23300000.0,0.0
60068474,50013000.0,0.0
60068597,31879000.0,0.0
60068629,12392000.0,0.0
60068634,16082000.0,0.0
60068733,12331000.0,0.0
60068745,64579000.0,0.0
60068780,16357000.0,0.0
60068820,9028000.0,0.0
60068834,9038000.0,0.0
60068835,9230000.0,0.0
60068904,31469000.0,0.0
60068924,16952000.0,0.0
60069020,8034000.0,0.0
60069029,38188000.0,0.0
60069061,0.0,-11595000.0
60069067,50467000.0,0.0
60069082,15260000.0,0.0
60069085,14352000.0,0.0
60069092,16664000.0,0.0
60069094,12001000.0,0.0
60069095,9000000.0,0.0
60069096,9118000.0,0.0
60069097,9002000.0,0.0
60069099,9592000.0,0.0
60069100,18974700.0,0.0
60069111,9120000.0,0.0
60069114,30076000.0,0.0
60069129,16002000.0,0.0
60069130,9002000.0,0.0
60069131,9002000.0,0.0
60069133,22000000.0,0.0
60069134,28750000.0,0.0
60069207,41000000.0,0.0
60069208,25005000.0,0.0
60069209,25000000.0,0.0
60069215,8000000.0,0.0
60069245,31191000.0,0.0
60069290,20010000.0,0.0
60069297,16036000.0,0.0
60069309,20000000.0,0.0
60069316,9008000.0,0.0
60069360,13593000.0,0.0
60069367,72668000.0,0.0
60069381,0.0,-22704000.0
60069385,0.0,0.0
60069421,0.0,0.0
60069488,16006000.0,0.0
60069537,16212000.0,0.0
60069543,22038000.0,0.0
60069547,8040000.0,0.0
60069645,9034000.0,0.0
60069713,11302000.0,0.0
60069725,15838000.0,0.0
60069757,40519000.0,0.0
60069820,20027000.0,0.0
60069832,14290000.0,0.0
60069836,8174000.0,0.0
60069876,0.0,-14946000.0
60069884,8367000.0,0.0
60069896,9092000.0,0.0
60070013,66004000.0,0.0
60070023,8066000.0,0.0
60070061,40010000.0,0.0
60070112,10282000.0,0.0
60070128,12016000.0,0.0
60070144,9028000.0,0.0
60070154,0.0,-33033000.0
60070182,9100000.0,0.0
60070197,9054000.0,0.0
60070486,16636000.0,0.0
60070487,9012000.0,0.0
60070507,9120000.0,0.0
60070508,9002000.0,0.0
60070543,0.0,-45761000.0
60070645,46471000.0,0.0
60070704,27463000.0,0.0
60070705,15838000.0,0.0
60070706,144303000.0,0.0
60070717,12296000.0,0.0
60070720,41415000.0,0.0
60070740,9002000.0,0.0
60070747,96935000.0,0.0
60070767,0.0,-15091000.0
60070772,30469000.0,0.0
60070777,22590000.0,0.0
60070790,46150000.0,0.0
60070793,25859000.0,0.0
60070796,20684000.0,0.0
60070807,8201000.0,0.0
60070826,0.0,-9000000.0
60070835,44033000.0,0.0
60070872,40893000.0,0.0
60070882,40063000.0,0.0
60070883,16072000.0,0.0
60070884,8070000.0,0.0
60070885,23514000.0,0.0
60070892,24394000.0,0.0
60070913,20000000.0,0.0
60070970,41392000.0,0.0
60070984,45641000.0,0.0
60070988,0.0,0.0
60071008,34584000.0,0.0
60071009,35089000.0,0.0
60071012,24371000.0,0.0
60071023,0.0,-12000000.0
60071054,8093000.0,0.0
60071062,27552000.0,0.0
60071066,0.0,-20000000.0
60071080,42990000.0,0.0
60071103,21029000.0,0.0
60071142,24000000.0,0.0
60071168,15251000.0,0.0
60071194,0.0,0.0
60071204,50005000.0,0.0
60071278,22386000.0,0.0
60071284,16472000.0,0.0
60071286,15000000.0,0.0
60071312,20554000.0,0.0
60071314,0.0,0.0
60071316,0.0,-37459000.0
60071321,61423000.0,0.0
60071329,40383000.0,0.0
60071330,19913000.0,0.0
60071341,167716000.0,0.0
60071342,0.0,0.0
60071346,10112000.0,0.0
60071359,24676000.0,0.0
60071366,10910700.0,0.0
60071378,10012000.0,0.0
60071381,16120000.0,0.0
60071391,45557800.0,0.0
60071393,8095000.0,0.0
60071395,20819000.0,0.0
60071396,24092000.0,0.0
60071401,30884000.0,0.0
60071404,9658000.0,0.0
60071425,26079000.0,0.0
60071431,45572000.0,0.0
60071439,96316000.0,0.0
60071458,22722000.0,0.0
60071466,15033000.0,0.0
60071476,9162000.0,0.0
60071477,30374000.0,0.0
60071490,8490566.037735,0.0
60071492,25500000.0,0.0
60071501,20046000.0,0.0
60071516,16002000.0,0.0
60071520,12012000.0,0.0
60071529,0.0,-12004000.0
60071565,67552000.0,0.0
60071572,15868000.0,0.0
60071603,17632000.0,0.0
60071674,0.0,0.0
60071675,8210000.0,-12015000.0
60071708,24174000.0,0.0
60071711,21739000.0,0.0
60071721,0.0,0.0
60071722,12021000.0,0.0
60071731,49616000.0,0.0
60071760,9000000.0,0.0
60071761,9000000.0,0.0
60071801,8498000.0,0.0
60071835,8600000.0,0.0
60071836,30444000.0,0.0
60071855,24762000.0,0.0
60071856,60036000.0,0.0
60071859,0.0,-9182000.0
60071860,11101000.0,0.0
60071863,15179000.0,0.0
60071866,12001000.0,0.0
60071868,10000000.0,0.0
60071869,33006000.0,0.0
60071870,10006000.0,0.0
60071871,10006000.0,0.0
60071876,20113000.0,0.0
60071908,32058000.0,0.0
60071939,8018000.0,0.0
60071964,10122000.0,0.0
60071971,30000000.0,0.0
60071972,8113000.0,0.0
60071977,24048000.0,0.0
60071979,10064000.0,0.0
60071991,26737000.0,0.0
60071992,12750000.0,0.0
60071995,20040000.0,0.0
60072003,51535000.0,0.0
60072004,130795000.0,0.0
60072007,16206000.0,0.0
60072008,12806000.0,0.0
60072020,12372000.0,0.0
60072025,12886000.0,0.0
60072038,15025000.0,0.0
60072042,40064000.0,0.0
60072044,15022000.0,0.0
60072049,9050000.0,0.0
60072056,0.0,-24000000.0
60072070,20000000.0,0.0
60072144,20074000.0,0.0
60072146,8028000.0,0.0
60072152,20168000.0,0.0
60072216,37675000.0,0.0
60072319,20010000.0,0.0
60072329,12028000.0,0.0
60072359,20357000.0,0.0
60072373,24002000.0,0.0
60072379,25500000.0,0.0
60072385,12054000.0,0.0
60072386,24000000.0,0.0
60072387,24018000.0,0.0
60072388,24000000.0,0.0
60072421,35321000.0,0.0
60072426,22457000.0,0.0
60072427,12058000.0,0.0
60072429,8571698.113207,0.0
60072435,42556000.0,0.0
60072459,16036000.0,0.0
60072464,24840000.0,0.0
60072474,17125000.0,0.0
60072483,0.0,-12034000.0
60072484,16816000.0,0.0
60072494,24001000.0,0.0
60072507,25324000.0,0.0
60072514,0.0,0.0
60072524,9098000.0,0.0
60072526,16000000.0,0.0
60072528,0.0,-15000000.0
60072553,12000000.0,0.0
60072561,30002000.0,0.0
60072567,50131000.0,0.0
60072602,24001000.0,0.0
60072647,29030000.0,0.0
60072701,41133000.0,0.0
60072703,10244000.0,-11146000.0
60072713,0.0,-8081000.0
60072718,31312000.0,0.0
60072767,9000000.0,0.0
60072780,12002000.0,0.0
60072782,8000000.0,0.0
60072787,30091000.0,0.0
60072795,10002000.0,0.0
60072796,9996000.0,0.0
60072798,10000000.0,0.0
60072973,25501000.0,0.0
60072989,24001000.0,0.0
60072990,24000000.0,0.0
60072991,24000000.0,0.0
60072993,24000000.0,0.0
60072996,8022000.0,0.0
60073026,8016000.0,0.0
60073042,14138000.0,0.0
60073049,9022000.0,0.0
60073055,15000000.0,-12000000.0
60073058,12001000.0,0.0
60073059,24002000.0,0.0
60073060,24007000.0,0.0
60073061,12000000.0,0.0
60073062,24006000.0,0.0
60073064,30169000.0,0.0
60073065,30023000.0,0.0
60073066,11910000.0,0.0
60073069,36100000.0,0.0
60073079,20000000.0,0.0
60073084,0.0,-20396000.0
60073085,24006000.0,0.0
60073086,24002000.0,0.0
60073093,12225600.0,-12573000.0
60073110,8490566.037735,0.0
60073113,16230000.0,0.0
60073114,15024000.0,0.0
60073118,16023800.0,0.0
60073120,28367000.0,0.0
60073131,24010000.0,0.0
60073138,22275000.0,0.0
60073161,17139000.0,0.0
60073163,15632000.0,-12000000.0
60073168,8000000.0,0.0
60073177,25253000.0,0.0
60073182,24427000.0,0.0
60073190,50020000.0,0.0
60073191,33205000.0,0.0
60073213,0.0,-23918000.0
60073214,23159000.0,0.0
60073216,31617000.0,0.0
60073218,16447200.0,0.0
60073244,10464000.0,-41013000.0
60073255,80849000.0,0.0
60073257,40503000.0,0.0
60073266,8038000.0,0.0
60073274,9600000.0,0.0
60073275,30296000.0,0.0
60073287,15464000.0,0.0
60073308,27724000.0,0.0
60073313,15000000.0,0.0
60073323,11120000.0,0.0
60073330,8066000.0,0.0
60073334,0.0,-24704000.0
60073340,0.0,-16237000.0
60073343,14128000.0,0.0
60073372,9004000.0,0.0
60073399,153800000.0,0.0
60073401,25218000.0,0.0
60073408,12000000.0,0.0
60073411,24007000.0,0.0
60073418,0.0,-13254000.0
60073437,24041000.0,0.0
60073443,37950000.0,0.0
60073448,24000000.0,0.0
60073698,0.0,-15000000.0
60073726,24000000.0,0.0
60073734,120012000.0,0.0
60073749,25320000.0,0.0
60073751,30600000.0,0.0
60073752,9004000.0,0.0
60073769,18581000.0,0.0
60073781,14720000.0,0.0
60073786,20040000.0,0.0
60073794,10161000.0,0.0
60073797,20835000.0,0.0
60073810,0.0,-51319000.0
60073819,8197000.0,0.0
60073832,12674000.0,0.0
60073849,0.0,0.0
60073859,26449000.0,0.0
60073864,20027000.0,0.0
60073866,15007000.0,0.0
60073921,32000000.0,0.0
60074031,24087000.0,0.0
60074035,15004000.0,0.0
60074052,0.0,-24114000.0
60074070,15024000.0,0.0
60074087,23483000.0,0.0
60074090,9110000.0,0.0
60074092,15028000.0,0.0
60074094,16202000.0,0.0
60074111,11000000.0,0.0
60074116,24782000.0,0.0
60074117,73333000.0,0.0
60074118,30018000.0,0.0
60074119,18716000.0,0.0
60074123,16092000.0,0.0
60074125,16000000.0,0.0
60074130,12228000.0,0.0
60074131,0.0,-8750000.0
60074132,0.0,-8183000.0
60074141,36309000.0,0.0
60074142,25166000.0,0.0
60074144,24257000.0,0.0
60074147,20000000.0,0.0
60074148,30022000.0,0.0
60074152,0.0,0.0
60074153,0.0,0.0
60074154,10573000.0,0.0
60074155,12138000.0,0.0
60074208,23094000.0,0.0
60074212,28559000.0,0.0
60074214,24103000.0,0.0
60074228,0.0,-8086000.0
60074266,12715000.0,0.0
60074396,32081000.0,0.0
60074407,72090000.0,0.0
60074412,24013000.0,0.0
60074450,20263000.0,0.0
60074455,15022000.0,0.0
60074478,0.0,-32359000.0
60074479,22052000.0,0.0
60074483,9112000.0,0.0
60074485,10694000.0,0.0
60074486,10772000.0,0.0
60074488,61202000.0,0.0
60074489,45078000.0,0.0
60074490,9346000.0,0.0
60074495,12004000.0,0.0
60074496,33375000.0,0.0
60074498,10360000.0,0.0
60074502,31825000.0,0.0
60074503,45129000.0,0.0
60074509,45323000.0,0.0
60074512,8540000.0,0.0
60074534,72021000.0,0.0
60074542,22426000.0,0.0
60074543,100300000.0,0.0
60074546,57145000.0,0.0
60074548,40027000.0,0.0
60074550,30490000.0,0.0
60074551,50760000.0,0.0
60074568,15120000.0,0.0
60074570,9064000.0,0.0
60074577,50560000.0,0.0
60074583,12326000.0,0.0
60074590,9022000.0,0.0
60074595,10684000.0,0.0
60074597,12000000.0,0.0
60074599,42345000.0,0.0
60074600,16732000.0,0.0
60074636,8369000.0,0.0
60074645,9070000.0,0.0
60074656,11972000.0,0.0
60074666,68522000.0,0.0
60074667,12157000.0,0.0
60074674,24149000.0,0.0
60074676,17358000.0,0.0
60074679,70093000.0,0.0
60074683,24002000.0,0.0
60074684,24000000.0,0.0
60074686,25965000.0,0.0
60074688,30447000.0,0.0
60074691,8037000.0,0.0
60074703,16713000.0,0.0
60074710,26876000.0,0.0
60074713,24250000.0,0.0
60074719,35000000.0,0.0
60074722,26449000.0,0.0
60074734,13019000.0,0.0
60074741,41036000.0,0.0
60074745,12006000.0,0.0
60074756,61905000.0,0.0
60074757,12079000.0,0.0
60074758,24126000.0,0.0
60074761,10014000.0,0.0
60074762,18261000.0,0.0
60074765,24152000.0,0.0
60074792,35301000.0,0.0
60074808,30107000.0,0.0
60074809,9230000.0,0.0
60074813,12322000.0,0.0
60074826,10002000.0,0.0
60074831,10006000.0,0.0
60074835,12010000.0,0.0
60074837,24239000.0,0.0
60074918,9000000.0,-9014000.0
60074919,8411000.0,0.0
60074932,27949000.0,0.0
60074945,16331000.0,0.0
60074961,15357000.0,0.0
60074977,11010000.0,0.0
60074983,0.0,0.0
60074988,9638000.0,-19169000.0
60075000,25163000.0,0.0
60075012,12003000.0,0.0
60075046,22385000.0,0.0
60075054,12095000.0,0.0
60075061,40320000.0,0.0
60075067,15056000.0,0.0
60075070,20645000.0,0.0
60075074,20772000.0,0.0
60075078,20256000.0,0.0
60075080,17755000.0,0.0
60075085,8000000.0,0.0
60075092,15439000.0,0.0
60075095,20000000.0,0.0
60075098,0.0,0.0
60075099,15000000.0,0.0
60075100,22136000.0,0.0
60075116,14814000.0,0.0
60075122,15000000.0,0.0
60075139,12036000.0,0.0
60075147,15134000.0,0.0
60075149,18004000.0,0.0
60075163,48971000.0,0.0
60075166,35215000.0,0.0
60075172,24177000.0,0.0
60075174,11046000.0,0.0
60075179,12055000.0,0.0
60075180,35203000.0,0.0
60075183,71859000.0,0.0
60075195,24089000.0,0.0
60075196,44770000.0,0.0
60075197,9092000.0,0.0
60075198,72013000.0,0.0
60075204,8406000.0,0.0
60075206,15094000.0,-19471000.0
60075213,12899000.0,0.0
60075216,13075000.0,0.0
60075221,22233000.0,0.0
60075231,17119000.0,0.0
60075234,12097000.0,0.0
60075236,15032000.0,0.0
60075239,9110000.0,0.0
60075244,8012000.0,0.0
60075247,46356000.0,0.0
60075252,22899000.0,0.0
60075262,36485000.0,0.0
60075263,36254000.0,0.0
60075268,89005000.0,0.0
60075269,35007000.0,0.0
60075275,24436000.0,0.0
60075277,20037000.0,0.0
60075279,109007000.0,0.0
60075283,13235000.0,0.0
60075286,16400000.0,-15000000.0
60075288,20013000.0,0.0
60075293,15087000.0,0.0
60075294,15026000.0,0.0
60075295,19842000.0,0.0
60075305,18022000.0,0.0
60075308,22158000.0,0.0
60075311,15000000.0,0.0
60075317,24558000.0,0.0
60075319,55105000.0,0.0
60075322,9928000.0,0.0
60075326,9120000.0,0.0
60075332,72510000.0,0.0
60075336,0.0,0.0
60075339,0.0,-24152000.0
60075343,0.0,0.0
60075344,13826000.0,0.0
60075345,12016000.0,0.0
60075347,10050000.0,0.0
60075351,33937000.0,0.0
60075353,15308000.0,0.0
60075357,72042000.0,0.0
60075358,8358000.0,0.0
60075374,8038000.0,0.0
60075379,0.0,-8337000.0
60075390,26620000.0,0.0
60075400,32112000.0,0.0
60075406,9098000.0,0.0
60075407,9026000.0,0.0
60075410,46391000.0,0.0
60075419,10810000.0,0.0
60075421,27068000.0,0.0
60075422,27905000.0,0.0
60075423,19717000.0,0.0
60075425,28682000.0,0.0
60075426,0.0,-16732000.0
60075427,28217000.0,0.0
60075434,24242000.0,0.0
60075441,12086000.0,0.0
60075444,0.0,-47500000.0
60075447,21615000.0,-87194000.0
60075451,12061000.0,0.0
60075459,12382000.0,0.0
60075460,24471000.0,0.0
60075463,20001000.0,0.0
60075465,9144000.0,0.0
60075492,46820000.0,0.0
60075494,9304000.0,0.0
60075497,12174000.0,0.0
60075501,22112000.0,0.0
60075502,8332000.0,0.0
60075505,9000000.0,0.0
60075510,72003000.0,0.0
60075513,16088000.0,0.0
60075517,16088000.0,0.0
60075520,16091000.0,0.0
60075521,15681000.0,0.0
60075523,16171000.0,0.0
60075527,29330000.0,0.0
60075535,8203000.0,0.0
60075543,17432000.0,0.0
60075545,105000000.0,0.0
60075549,200439000.0,0.0
60075558,9000000.0,0.0
60075568,12198000.0,0.0
60075573,22222000.0,0.0
60075578,0.0,0.0
60075579,28181000.0,0.0
60075582,29876000.0,0.0
60075583,20042000.0,0.0
60075587,32891000.0,0.0
60075593,12110000.0,0.0
60075597,12285000.0,0.0
60075602,24044000.0,0.0
60075604,24012000.0,0.0
60075605,0.0,-24080000.0
60075620,15688000.0,0.0
60075621,31092000.0,0.0
60075625,15218000.0,0.0
60075629,72025000.0,0.0
60075631,26964000.0,0.0
60075632,12827000.0,0.0
60075634,40137000.0,0.0
60075636,20329000.0,0.0
60075642,73192000.0,0.0
60075653,16821000.0,0.0
60075657,16059000.0,0.0
60075658,48639000.0,0.0
60075659,24068000.0,0.0
60075667,91819000.0,0.0
60075669,46137000.0,0.0
60075684,16036000.0,0.0
60075686,17593000.0,0.0
60075687,62669000.0,0.0
60075688,30015000.0,0.0
60075689,42124000.0,0.0
60075692,36042000.0,0.0
60075699,23116000.0,0.0
60075704,30626000.0,0.0
60075706,110540000.0,0.0
60075715,25226000.0,0.0
60075725,12347000.0,0.0
60075730,104945000.0,0.0
60075734,45659000.0,0.0
60075741,12035000.0,0.0
60075743,14851000.0,0.0
60075744,10034000.0,0.0
60075745,50519000.0,0.0
60075747,32149000.0,0.0
60075753,20231000.0,0.0
60075755,0.0,-15006000.0
60075764,9142000.0,0.0
60075766,60668000.0,0.0
60075778,50571000.0,0.0
60075780,10006000.0,0.0
60075782,10030000.0,0.0
60075783,10022000.0,0.0
60075787,10026000.0,0.0
60075788,10058000.0,0.0
60075791,9130000.0,0.0
60075792,9048000.0,0.0
60075793,23836000.0,0.0
60075797,9042000.0,0.0
60075798,9042000.0,0.0
60075799,38545000.0,0.0
60075800,22804000.0,0.0
60075802,30542000.0,0.0
60075804,16032000.0,0.0
60075805,30458000.0,0.0
60075806,30493000.0,0.0
60075807,30079000.0,0.0
60075808,16023000.0,0.0
60075809,10024000.0,0.0
60075810,30534000.0,0.0
60075811,16034000.0,0.0
60075815,18679000.0,0.0
60075816,30076000.0,0.0
60075817,30046000.0,0.0
60075818,30095000.0,0.0
60075821,10032000.0,0.0
60075825,10016000.0,0.0
60075827,10016000.0,0.0
60075830,12330000.0,0.0
60075834,30078000.0,0.0
60075835,30022000.0,0.0
60075836,16029000.0,0.0
60075838,49120000.0,0.0
60075839,15006000.0,0.0
60075844,10022000.0,0.0
60075852,18019000.0,0.0
60075853,16237000.0,0.0
60075854,30015000.0,0.0
60075855,15797000.0,0.0
60075857,12274000.0,0.0
60075863,152504000.0,0.0
60075864,90193000.0,0.0
60075870,9092000.0,0.0
60075872,41670000.0,0.0
60075874,17299000.0,0.0
60075876,30086000.0,0.0
60075877,30017000.0,0.0
60075878,16235000.0,0.0
60075879,15000000.0,0.0
60075880,22029000.0,0.0
60075881,8000000.0,0.0
60075882,8000000.0,0.0
60075884,91689000.0,0.0
60075885,128097000.0,0.0
60075886,18077000.0,0.0
60075887,15006000.0,0.0
60075888,27023000.0,0.0
60075898,20000000.0,0.0
60075908,39699000.0,0.0
60075909,31090000.0,0.0
60075910,9022000.0,0.0
60075911,52926000.0,0.0
60075912,16015000.0,0.0
60075918,18039000.0,0.0
60075920,19805000.0,0.0
60075921,12258000.0,0.0
60075923,9014000.0,0.0
60075925,22051000.0,0.0
60075926,98500000.0,0.0
60075928,16010000.0,0.0
60075935,25547000.0,0.0
60075949,27022000.0,0.0
60075951,9150000.0,0.0
60075954,12182000.0,0.0
60075955,17089000.0,0.0
60075956,16194000.0,0.0
60075958,8133000.0,0.0
60075961,25718000.0,0.0
60075971,15413000.0,0.0
60075973,36035000.0,0.0
60075974,9000000.0,0.0
60075975,9000000.0,0.0
60075976,18175000.0,0.0
60075979,19065000.0,0.0
60075980,20417000.0,0.0
60075982,10800000.0,0.0
60075988,9090000.0,0.0
60075989,9014000.0,0.0
60075993,8652000.0,0.0
60075995,16729000.0,0.0
60076006,130000000.0,0.0
60076008,22933000.0,0.0
60076010,17960000.0,0.0
60076011,150658000.0,0.0
60076012,24537000.0,0.0
60076014,10412000.0,0.0
60076015,8117000.0,0.0
60076030,70214000.0,0.0
60076031,11357000.0,0.0
60076033,21875000.0,0.0
60076035,50040000.0,0.0
60076037,20000000.0,0.0
60076039,9002000.0,0.0
60076043,8107000.0,0.0
60076045,30508000.0,0.0
60076049,30279300.0,0.0
60076050,8000000.0,0.0
60076051,11738000.0,0.0
60076056,25903000.0,0.0
60076057,22027000.0,0.0
60076058,22012000.0,0.0
60076059,23892000.0,0.0
60076066,9028000.0,0.0
60076071,28073000.0,0.0
60076076,50038000.0,0.0
60076077,50002000.0,0.0
60076082,28337000.0,0.0
60076088,209377000.0,0.0
60076091,36008000.0,0.0
60076092,36071000.0,0.0
60076099,35382000.0,0.0
60076100,22927000.0,0.0
60076102,143100000.0,0.0
60076106,8289000.0,0.0
60076108,28320000.0,0.0
60076113,14428000.0,0.0
60076114,8075000.0,0.0
60076117,60056000.0,0.0
60076119,9002000.0,0.0
60076123,11278000.0,0.0
60076124,16117000.0,0.0
60076125,60033000.0,0.0
60076126,9006000.0,0.0
60076127,9000000.0,0.0
60076129,9000000.0,0.0
60076135,10002000.0,0.0
60076136,16114000.0,0.0
60076137,23346000.0,0.0
60076139,10066000.0,0.0
60076140,10003000.0,0.0
60076141,30256000.0,0.0
60076148,32048000.0,0.0
69999997,20622000.0,0.0
69999998,0.0,0.0
